--------------------------------------------------------
--  File created - œroda-stycznia-18-2023   
--------------------------------------------------------
DROP TABLE "PROJEKT_OSWIECIMSKA_SPYTKOWSKA_GLOD"."ADRES" cascade constraints;
DROP TABLE "PROJEKT_OSWIECIMSKA_SPYTKOWSKA_GLOD"."FUNKCJA" cascade constraints;
DROP TABLE "PROJEKT_OSWIECIMSKA_SPYTKOWSKA_GLOD"."GRUPY" cascade constraints;
DROP TABLE "PROJEKT_OSWIECIMSKA_SPYTKOWSKA_GLOD"."KLASA_GRUPA_UCZEN" cascade constraints;
DROP TABLE "PROJEKT_OSWIECIMSKA_SPYTKOWSKA_GLOD"."KLASY" cascade constraints;
DROP TABLE "PROJEKT_OSWIECIMSKA_SPYTKOWSKA_GLOD"."LEKCJE" cascade constraints;
DROP TABLE "PROJEKT_OSWIECIMSKA_SPYTKOWSKA_GLOD"."NAUCZ_PRZEDM_KLASA" cascade constraints;
DROP TABLE "PROJEKT_OSWIECIMSKA_SPYTKOWSKA_GLOD"."NAUCZYCIELE" cascade constraints;
DROP TABLE "PROJEKT_OSWIECIMSKA_SPYTKOWSKA_GLOD"."OBECNOSCI" cascade constraints;
DROP TABLE "PROJEKT_OSWIECIMSKA_SPYTKOWSKA_GLOD"."OCENY" cascade constraints;
DROP TABLE "PROJEKT_OSWIECIMSKA_SPYTKOWSKA_GLOD"."OCENY_LOG" cascade constraints;
DROP TABLE "PROJEKT_OSWIECIMSKA_SPYTKOWSKA_GLOD"."PRZEDMIOTY" cascade constraints;
DROP TABLE "PROJEKT_OSWIECIMSKA_SPYTKOWSKA_GLOD"."RODZAJ_OCENY" cascade constraints;
DROP TABLE "PROJEKT_OSWIECIMSKA_SPYTKOWSKA_GLOD"."RODZICE" cascade constraints;
DROP TABLE "PROJEKT_OSWIECIMSKA_SPYTKOWSKA_GLOD"."ROK_SZKOLNY" cascade constraints;
DROP TABLE "PROJEKT_OSWIECIMSKA_SPYTKOWSKA_GLOD"."SALA_LEKCJA" cascade constraints;
DROP TABLE "PROJEKT_OSWIECIMSKA_SPYTKOWSKA_GLOD"."SALE" cascade constraints;
DROP TABLE "PROJEKT_OSWIECIMSKA_SPYTKOWSKA_GLOD"."STATUS" cascade constraints;
DROP TABLE "PROJEKT_OSWIECIMSKA_SPYTKOWSKA_GLOD"."STATUS_UCZEN" cascade constraints;
DROP TABLE "PROJEKT_OSWIECIMSKA_SPYTKOWSKA_GLOD"."SWIADECTWO" cascade constraints;
DROP TABLE "PROJEKT_OSWIECIMSKA_SPYTKOWSKA_GLOD"."TYP_ZACHOWANIE" cascade constraints;
DROP TABLE "PROJEKT_OSWIECIMSKA_SPYTKOWSKA_GLOD"."UCZEN_FUNKCJA" cascade constraints;
DROP TABLE "PROJEKT_OSWIECIMSKA_SPYTKOWSKA_GLOD"."UCZEN_KLASA" cascade constraints;
DROP TABLE "PROJEKT_OSWIECIMSKA_SPYTKOWSKA_GLOD"."UCZEN_RODZIC" cascade constraints;
DROP TABLE "PROJEKT_OSWIECIMSKA_SPYTKOWSKA_GLOD"."UCZNIOWIE" cascade constraints;
DROP TABLE "PROJEKT_OSWIECIMSKA_SPYTKOWSKA_GLOD"."ZACHOWANIE" cascade constraints;
DROP TABLE "PROJEKT_OSWIECIMSKA_SPYTKOWSKA_GLOD"."GRUPY" cascade constraints;
DROP TABLE "PROJEKT_OSWIECIMSKA_SPYTKOWSKA_GLOD"."UCZEN_KLASA" cascade constraints;
DROP TABLE "PROJEKT_OSWIECIMSKA_SPYTKOWSKA_GLOD"."NAUCZYCIELE" cascade constraints;
DROP TABLE "PROJEKT_OSWIECIMSKA_SPYTKOWSKA_GLOD"."ROK_SZKOLNY" cascade constraints;
DROP TABLE "PROJEKT_OSWIECIMSKA_SPYTKOWSKA_GLOD"."NAUCZ_PRZEDM_KLASA" cascade constraints;
DROP TABLE "PROJEKT_OSWIECIMSKA_SPYTKOWSKA_GLOD"."KLASY" cascade constraints;
DROP TABLE "PROJEKT_OSWIECIMSKA_SPYTKOWSKA_GLOD"."PRZEDMIOTY" cascade constraints;
DROP TABLE "PROJEKT_OSWIECIMSKA_SPYTKOWSKA_GLOD"."LEKCJE" cascade constraints;
DROP TABLE "PROJEKT_OSWIECIMSKA_SPYTKOWSKA_GLOD"."UCZNIOWIE" cascade constraints;
DROP TABLE "PROJEKT_OSWIECIMSKA_SPYTKOWSKA_GLOD"."RODZAJ_OCENY" cascade constraints;
DROP TABLE "PROJEKT_OSWIECIMSKA_SPYTKOWSKA_GLOD"."ADRES" cascade constraints;
DROP TABLE "PROJEKT_OSWIECIMSKA_SPYTKOWSKA_GLOD"."SALE" cascade constraints;
DROP TABLE "PROJEKT_OSWIECIMSKA_SPYTKOWSKA_GLOD"."STATUS" cascade constraints;
DROP TABLE "PROJEKT_OSWIECIMSKA_SPYTKOWSKA_GLOD"."FUNKCJA" cascade constraints;
DROP TABLE "PROJEKT_OSWIECIMSKA_SPYTKOWSKA_GLOD"."RODZICE" cascade constraints;
DROP TABLE "PROJEKT_OSWIECIMSKA_SPYTKOWSKA_GLOD"."TYP_ZACHOWANIE" cascade constraints;
DROP TABLE "PROJEKT_OSWIECIMSKA_SPYTKOWSKA_GLOD"."UCZEN_FUNKCJA" cascade constraints;
DROP TABLE "PROJEKT_OSWIECIMSKA_SPYTKOWSKA_GLOD"."UCZEN_RODZIC" cascade constraints;
DROP TABLE "PROJEKT_OSWIECIMSKA_SPYTKOWSKA_GLOD"."SWIADECTWO" cascade constraints;
DROP TABLE "PROJEKT_OSWIECIMSKA_SPYTKOWSKA_GLOD"."KLASA_GRUPA_UCZEN" cascade constraints;
DROP TABLE "PROJEKT_OSWIECIMSKA_SPYTKOWSKA_GLOD"."OBECNOSCI" cascade constraints;
DROP TABLE "PROJEKT_OSWIECIMSKA_SPYTKOWSKA_GLOD"."OCENY" cascade constraints;
DROP TABLE "PROJEKT_OSWIECIMSKA_SPYTKOWSKA_GLOD"."OCENY_LOG" cascade constraints;
DROP TABLE "PROJEKT_OSWIECIMSKA_SPYTKOWSKA_GLOD"."SALA_LEKCJA" cascade constraints;
DROP TABLE "PROJEKT_OSWIECIMSKA_SPYTKOWSKA_GLOD"."STATUS_UCZEN" cascade constraints;
DROP TABLE "PROJEKT_OSWIECIMSKA_SPYTKOWSKA_GLOD"."ZACHOWANIE" cascade constraints;
DROP VIEW "PROJEKT_OSWIECIMSKA_SPYTKOWSKA_GLOD"."FUNKCJE_UCZNIOW";
DROP VIEW "PROJEKT_OSWIECIMSKA_SPYTKOWSKA_GLOD"."KOMITET_SZKOLNY";
DROP VIEW "PROJEKT_OSWIECIMSKA_SPYTKOWSKA_GLOD"."LISTAUCZNIOW";
DROP VIEW "PROJEKT_OSWIECIMSKA_SPYTKOWSKA_GLOD"."NUMERY_RODZICOW_OD_CYFRY_10";
DROP VIEW "PROJEKT_OSWIECIMSKA_SPYTKOWSKA_GLOD"."RODZIC_I_DZIECI";
DROP VIEW "PROJEKT_OSWIECIMSKA_SPYTKOWSKA_GLOD"."SORTOWANIE_PO_SREDNIEJ";
DROP VIEW "PROJEKT_OSWIECIMSKA_SPYTKOWSKA_GLOD"."UCZEN_I_RODZICE";
DROP VIEW "PROJEKT_OSWIECIMSKA_SPYTKOWSKA_GLOD"."UCZNIOWIE_WYBRANY_KOD_POCZTOWY";
DROP VIEW "PROJEKT_OSWIECIMSKA_SPYTKOWSKA_GLOD"."UCZNIOWIE_Z_WYBRANYCH_ULIC";
DROP PROCEDURE "PROJEKT_OSWIECIMSKA_SPYTKOWSKA_GLOD"."MLODE_OSOBY";
DROP PROCEDURE "PROJEKT_OSWIECIMSKA_SPYTKOWSKA_GLOD"."NAJLEPSZE_OCENY";
DROP PACKAGE "PROJEKT_OSWIECIMSKA_SPYTKOWSKA_GLOD"."ZNAJDZ_OCENE_UCZNIA";
DROP PACKAGE "PROJEKT_OSWIECIMSKA_SPYTKOWSKA_GLOD"."ZNAJDZ_UCZNIA";
DROP PACKAGE "PROJEKT_OSWIECIMSKA_SPYTKOWSKA_GLOD"."ZNAJDZ_OCENE_UCZNIA";
DROP PACKAGE "PROJEKT_OSWIECIMSKA_SPYTKOWSKA_GLOD"."ZNAJDZ_UCZNIA";
DROP PACKAGE BODY "PROJEKT_OSWIECIMSKA_SPYTKOWSKA_GLOD"."ZNAJDZ_OCENE_UCZNIA";
DROP PACKAGE BODY "PROJEKT_OSWIECIMSKA_SPYTKOWSKA_GLOD"."ZNAJDZ_UCZNIA";
DROP FUNCTION "PROJEKT_OSWIECIMSKA_SPYTKOWSKA_GLOD"."ILEPRZEDMIOTOWNAUCZYCIEL";
DROP SYNONYM "PUBLIC"."DBMS_OUTPUT";
--------------------------------------------------------
--  DDL for Table ADRES
--------------------------------------------------------

  CREATE TABLE "PROJEKT_OSWIECIMSKA_SPYTKOWSKA_GLOD"."ADRES" 
   (	"ID_ADRES" NUMBER(10,0), 
	"MIEJSCOWOSC" VARCHAR2(60 BYTE), 
	"ULICA" VARCHAR2(50 BYTE), 
	"NR_ULICY_BUDYNEK" VARCHAR2(20 BYTE), 
	"KOD_POCZTOWY" VARCHAR2(6 BYTE)
   ) SEGMENT CREATION IMMEDIATE 
  PCTFREE 10 PCTUSED 40 INITRANS 1 MAXTRANS 255 
 NOCOMPRESS LOGGING
  STORAGE(INITIAL 65536 NEXT 1048576 MINEXTENTS 1 MAXEXTENTS 2147483645
  PCTINCREASE 0 FREELISTS 1 FREELIST GROUPS 1
  BUFFER_POOL DEFAULT FLASH_CACHE DEFAULT CELL_FLASH_CACHE DEFAULT)
  TABLESPACE "STUDENTS1" ;
--------------------------------------------------------
--  DDL for Table FUNKCJA
--------------------------------------------------------

  CREATE TABLE "PROJEKT_OSWIECIMSKA_SPYTKOWSKA_GLOD"."FUNKCJA" 
   (	"ID_FUNKCJA" NUMBER(20,0), 
	"NAZWA_FUNKCJA" VARCHAR2(60 BYTE)
   ) SEGMENT CREATION IMMEDIATE 
  PCTFREE 10 PCTUSED 40 INITRANS 1 MAXTRANS 255 
 NOCOMPRESS LOGGING
  STORAGE(INITIAL 65536 NEXT 1048576 MINEXTENTS 1 MAXEXTENTS 2147483645
  PCTINCREASE 0 FREELISTS 1 FREELIST GROUPS 1
  BUFFER_POOL DEFAULT FLASH_CACHE DEFAULT CELL_FLASH_CACHE DEFAULT)
  TABLESPACE "STUDENTS1" ;
--------------------------------------------------------
--  DDL for Table GRUPY
--------------------------------------------------------

  CREATE TABLE "PROJEKT_OSWIECIMSKA_SPYTKOWSKA_GLOD"."GRUPY" 
   (	"ID_GRUPA" NUMBER(10,0), 
	"NAZWA_GRUPA" VARCHAR2(30 BYTE)
   ) SEGMENT CREATION IMMEDIATE 
  PCTFREE 10 PCTUSED 40 INITRANS 1 MAXTRANS 255 
 NOCOMPRESS LOGGING
  STORAGE(INITIAL 65536 NEXT 1048576 MINEXTENTS 1 MAXEXTENTS 2147483645
  PCTINCREASE 0 FREELISTS 1 FREELIST GROUPS 1
  BUFFER_POOL DEFAULT FLASH_CACHE DEFAULT CELL_FLASH_CACHE DEFAULT)
  TABLESPACE "STUDENTS1" ;
--------------------------------------------------------
--  DDL for Table KLASA_GRUPA_UCZEN
--------------------------------------------------------

  CREATE TABLE "PROJEKT_OSWIECIMSKA_SPYTKOWSKA_GLOD"."KLASA_GRUPA_UCZEN" 
   (	"ID_KLASA_GRUPA_UCZEN" NUMBER(10,0), 
	"ID_UCZEN_KLASA" NUMBER(10,0), 
	"ID_GRUPA" NUMBER(10,0)
   ) SEGMENT CREATION IMMEDIATE 
  PCTFREE 10 PCTUSED 40 INITRANS 1 MAXTRANS 255 
 NOCOMPRESS LOGGING
  STORAGE(INITIAL 65536 NEXT 1048576 MINEXTENTS 1 MAXEXTENTS 2147483645
  PCTINCREASE 0 FREELISTS 1 FREELIST GROUPS 1
  BUFFER_POOL DEFAULT FLASH_CACHE DEFAULT CELL_FLASH_CACHE DEFAULT)
  TABLESPACE "STUDENTS1" ;
--------------------------------------------------------
--  DDL for Table KLASY
--------------------------------------------------------

  CREATE TABLE "PROJEKT_OSWIECIMSKA_SPYTKOWSKA_GLOD"."KLASY" 
   (	"ID_KLASA" NUMBER(10,0), 
	"NAZWA_KLASA" VARCHAR2(20 BYTE), 
	"WYCHOWAWCA_KLASA" NUMBER(10,0), 
	"ROK_SZKOLNY" NUMBER(10,0)
   ) SEGMENT CREATION IMMEDIATE 
  PCTFREE 10 PCTUSED 40 INITRANS 1 MAXTRANS 255 
 NOCOMPRESS LOGGING
  STORAGE(INITIAL 65536 NEXT 1048576 MINEXTENTS 1 MAXEXTENTS 2147483645
  PCTINCREASE 0 FREELISTS 1 FREELIST GROUPS 1
  BUFFER_POOL DEFAULT FLASH_CACHE DEFAULT CELL_FLASH_CACHE DEFAULT)
  TABLESPACE "STUDENTS1" ;
--------------------------------------------------------
--  DDL for Table LEKCJE
--------------------------------------------------------

  CREATE TABLE "PROJEKT_OSWIECIMSKA_SPYTKOWSKA_GLOD"."LEKCJE" 
   (	"ID_LEKCJA" NUMBER(10,0), 
	"TEMAT_LEKCJA" VARCHAR2(100 BYTE), 
	"DZIEN_TYGODNIA" VARCHAR2(20 BYTE), 
	"GODZINA_LEKCJA" VARCHAR2(15 BYTE), 
	"CZAS_TRWANIA" VARCHAR2(30 BYTE), 
	"ID_NAUCZ_PRZEDM_KLASA" NUMBER(10,0)
   ) SEGMENT CREATION IMMEDIATE 
  PCTFREE 10 PCTUSED 40 INITRANS 1 MAXTRANS 255 
 NOCOMPRESS LOGGING
  STORAGE(INITIAL 65536 NEXT 1048576 MINEXTENTS 1 MAXEXTENTS 2147483645
  PCTINCREASE 0 FREELISTS 1 FREELIST GROUPS 1
  BUFFER_POOL DEFAULT FLASH_CACHE DEFAULT CELL_FLASH_CACHE DEFAULT)
  TABLESPACE "STUDENTS1" ;
--------------------------------------------------------
--  DDL for Table NAUCZ_PRZEDM_KLASA
--------------------------------------------------------

  CREATE TABLE "PROJEKT_OSWIECIMSKA_SPYTKOWSKA_GLOD"."NAUCZ_PRZEDM_KLASA" 
   (	"ID_NAUCZ_PRZEDM_KLASA" NUMBER(10,0), 
	"ID_NAUCZYCIEL" NUMBER(10,0), 
	"ID_PRZEDMIOT" NUMBER(10,0), 
	"ID_KLASA" NUMBER(10,0)
   ) SEGMENT CREATION IMMEDIATE 
  PCTFREE 10 PCTUSED 40 INITRANS 1 MAXTRANS 255 
 NOCOMPRESS LOGGING
  STORAGE(INITIAL 65536 NEXT 1048576 MINEXTENTS 1 MAXEXTENTS 2147483645
  PCTINCREASE 0 FREELISTS 1 FREELIST GROUPS 1
  BUFFER_POOL DEFAULT FLASH_CACHE DEFAULT CELL_FLASH_CACHE DEFAULT)
  TABLESPACE "STUDENTS1" ;
--------------------------------------------------------
--  DDL for Table NAUCZYCIELE
--------------------------------------------------------

  CREATE TABLE "PROJEKT_OSWIECIMSKA_SPYTKOWSKA_GLOD"."NAUCZYCIELE" 
   (	"ID_NAUCZYCIEL" NUMBER(10,0), 
	"IMIE_NAUCZYCIEL" VARCHAR2(255 BYTE), 
	"NAZWISKO_NAUCZYCIEL" VARCHAR2(255 BYTE), 
	"STOPIEN_NAUKOWY" VARCHAR2(20 BYTE), 
	"LOGIN_NAUCZYCIEL" VARCHAR2(50 BYTE), 
	"HASLO_NAUCZYCIEL" VARCHAR2(50 BYTE), 
	"DATA_URODZENIA_NAUCZYCIEL" DATE, 
	"NR_TEL_NAUCZYCIEL" VARCHAR2(20 BYTE), 
	"MAIL_NAUCZYCIEL" VARCHAR2(60 BYTE)
   ) SEGMENT CREATION IMMEDIATE 
  PCTFREE 10 PCTUSED 40 INITRANS 1 MAXTRANS 255 
 NOCOMPRESS LOGGING
  STORAGE(INITIAL 65536 NEXT 1048576 MINEXTENTS 1 MAXEXTENTS 2147483645
  PCTINCREASE 0 FREELISTS 1 FREELIST GROUPS 1
  BUFFER_POOL DEFAULT FLASH_CACHE DEFAULT CELL_FLASH_CACHE DEFAULT)
  TABLESPACE "STUDENTS1" ;
--------------------------------------------------------
--  DDL for Table OBECNOSCI
--------------------------------------------------------

  CREATE TABLE "PROJEKT_OSWIECIMSKA_SPYTKOWSKA_GLOD"."OBECNOSCI" 
   (	"ID_KLASA_OBECNOSC" NUMBER(10,0), 
	"OBECNOSC" VARCHAR2(10 BYTE), 
	"DATA_ZAJEC" DATE, 
	"DATA_MODYFIKACJI" DATE, 
	"NIEOBECNOSC_USPRAWIEDLIWIONA" VARCHAR2(3 BYTE), 
	"ID_UCZEN" NUMBER(10,0), 
	"ID_LEKCJA" NUMBER(10,0)
   ) SEGMENT CREATION IMMEDIATE 
  PCTFREE 10 PCTUSED 40 INITRANS 1 MAXTRANS 255 
 NOCOMPRESS LOGGING
  STORAGE(INITIAL 65536 NEXT 1048576 MINEXTENTS 1 MAXEXTENTS 2147483645
  PCTINCREASE 0 FREELISTS 1 FREELIST GROUPS 1
  BUFFER_POOL DEFAULT FLASH_CACHE DEFAULT CELL_FLASH_CACHE DEFAULT)
  TABLESPACE "STUDENTS1" ;
--------------------------------------------------------
--  DDL for Table OCENY
--------------------------------------------------------

  CREATE TABLE "PROJEKT_OSWIECIMSKA_SPYTKOWSKA_GLOD"."OCENY" 
   (	"ID_OCENA" NUMBER(10,0), 
	"ID_PRZEDMIOT" NUMBER(10,0), 
	"ID_RODZAJ_OCENY" NUMBER(10,0), 
	"WARTOSC_OCENY" FLOAT(126), 
	"ID_NAUCZYCIEL" NUMBER(10,0), 
	"ID_UCZEN" NUMBER(10,0), 
	"WYMAGANA" VARCHAR2(3 BYTE), 
	"DATA_OCENY" DATE, 
	"DATA_WPISANIA" DATE, 
	"DATA_MODYFIKACJI" TIMESTAMP (6)
   ) SEGMENT CREATION IMMEDIATE 
  PCTFREE 10 PCTUSED 40 INITRANS 1 MAXTRANS 255 
 NOCOMPRESS LOGGING
  STORAGE(INITIAL 65536 NEXT 1048576 MINEXTENTS 1 MAXEXTENTS 2147483645
  PCTINCREASE 0 FREELISTS 1 FREELIST GROUPS 1
  BUFFER_POOL DEFAULT FLASH_CACHE DEFAULT CELL_FLASH_CACHE DEFAULT)
  TABLESPACE "STUDENTS1" ;
--------------------------------------------------------
--  DDL for Table OCENY_LOG
--------------------------------------------------------

  CREATE TABLE "PROJEKT_OSWIECIMSKA_SPYTKOWSKA_GLOD"."OCENY_LOG" 
   (	"ID_OCENA" NUMBER(10,0), 
	"ID_PRZEDMIOT" NUMBER(10,0), 
	"ID_RODZAJ_OCENY" NUMBER(10,0), 
	"WARTOSC_OCENY" FLOAT(10), 
	"ID_NAUCZYCIEL" NUMBER(10,0), 
	"ID_UCZEN" NUMBER(10,0), 
	"WYMAGANA" VARCHAR2(3 BYTE), 
	"DATA_OCENY" DATE, 
	"DATA_WPISANIA" DATE, 
	"DATA_MODYFIKACJI" TIMESTAMP (6), 
	"LOG_OPERATION" VARCHAR2(20 BYTE)
   ) SEGMENT CREATION IMMEDIATE 
  PCTFREE 10 PCTUSED 40 INITRANS 1 MAXTRANS 255 
 NOCOMPRESS LOGGING
  STORAGE(INITIAL 65536 NEXT 1048576 MINEXTENTS 1 MAXEXTENTS 2147483645
  PCTINCREASE 0 FREELISTS 1 FREELIST GROUPS 1
  BUFFER_POOL DEFAULT FLASH_CACHE DEFAULT CELL_FLASH_CACHE DEFAULT)
  TABLESPACE "STUDENTS1" ;
--------------------------------------------------------
--  DDL for Table PRZEDMIOTY
--------------------------------------------------------

  CREATE TABLE "PROJEKT_OSWIECIMSKA_SPYTKOWSKA_GLOD"."PRZEDMIOTY" 
   (	"ID_PRZEDMIOT" NUMBER(10,0), 
	"NAZWA_PRZEDMIOT" VARCHAR2(60 BYTE)
   ) SEGMENT CREATION IMMEDIATE 
  PCTFREE 10 PCTUSED 40 INITRANS 1 MAXTRANS 255 
 NOCOMPRESS LOGGING
  STORAGE(INITIAL 65536 NEXT 1048576 MINEXTENTS 1 MAXEXTENTS 2147483645
  PCTINCREASE 0 FREELISTS 1 FREELIST GROUPS 1
  BUFFER_POOL DEFAULT FLASH_CACHE DEFAULT CELL_FLASH_CACHE DEFAULT)
  TABLESPACE "STUDENTS1" ;
--------------------------------------------------------
--  DDL for Table RODZAJ_OCENY
--------------------------------------------------------

  CREATE TABLE "PROJEKT_OSWIECIMSKA_SPYTKOWSKA_GLOD"."RODZAJ_OCENY" 
   (	"ID_RODZAJ_OCENY" NUMBER(10,0), 
	"TYP_RODZAJ_OCENY" VARCHAR2(60 BYTE), 
	"WAGA_RODZAJ_OCENY" FLOAT(10), 
	"POPRAWA" VARCHAR2(3 BYTE)
   ) SEGMENT CREATION IMMEDIATE 
  PCTFREE 10 PCTUSED 40 INITRANS 1 MAXTRANS 255 
 NOCOMPRESS LOGGING
  STORAGE(INITIAL 65536 NEXT 1048576 MINEXTENTS 1 MAXEXTENTS 2147483645
  PCTINCREASE 0 FREELISTS 1 FREELIST GROUPS 1
  BUFFER_POOL DEFAULT FLASH_CACHE DEFAULT CELL_FLASH_CACHE DEFAULT)
  TABLESPACE "STUDENTS1" ;
--------------------------------------------------------
--  DDL for Table RODZICE
--------------------------------------------------------

  CREATE TABLE "PROJEKT_OSWIECIMSKA_SPYTKOWSKA_GLOD"."RODZICE" 
   (	"ID_RODZIC" NUMBER(10,0), 
	"IMIE_RODZIC" VARCHAR2(255 BYTE), 
	"NAZWISKO_RODZIC" VARCHAR2(255 BYTE), 
	"LOGIN_RODZIC" VARCHAR2(50 BYTE), 
	"HASLO_RODZIC" VARCHAR2(50 BYTE), 
	"DATA_URODZENIA_RODZIC" DATE, 
	"NR_TEL_RODZIC" VARCHAR2(20 BYTE), 
	"MAIL_RODZIC" VARCHAR2(60 BYTE), 
	"ID_ADRES" NUMBER(10,0)
   ) SEGMENT CREATION IMMEDIATE 
  PCTFREE 10 PCTUSED 40 INITRANS 1 MAXTRANS 255 
 NOCOMPRESS LOGGING
  STORAGE(INITIAL 65536 NEXT 1048576 MINEXTENTS 1 MAXEXTENTS 2147483645
  PCTINCREASE 0 FREELISTS 1 FREELIST GROUPS 1
  BUFFER_POOL DEFAULT FLASH_CACHE DEFAULT CELL_FLASH_CACHE DEFAULT)
  TABLESPACE "STUDENTS1" ;
--------------------------------------------------------
--  DDL for Table ROK_SZKOLNY
--------------------------------------------------------

  CREATE TABLE "PROJEKT_OSWIECIMSKA_SPYTKOWSKA_GLOD"."ROK_SZKOLNY" 
   (	"ID_ROK_SZKOLNY" NUMBER(10,0), 
	"NAZWA_ROK_SZKOLNY" VARCHAR2(10 BYTE), 
	"NUMER_SEMESTRU" NUMBER(10,0)
   ) SEGMENT CREATION IMMEDIATE 
  PCTFREE 10 PCTUSED 40 INITRANS 1 MAXTRANS 255 
 NOCOMPRESS LOGGING
  STORAGE(INITIAL 65536 NEXT 1048576 MINEXTENTS 1 MAXEXTENTS 2147483645
  PCTINCREASE 0 FREELISTS 1 FREELIST GROUPS 1
  BUFFER_POOL DEFAULT FLASH_CACHE DEFAULT CELL_FLASH_CACHE DEFAULT)
  TABLESPACE "STUDENTS1" ;
--------------------------------------------------------
--  DDL for Table SALA_LEKCJA
--------------------------------------------------------

  CREATE TABLE "PROJEKT_OSWIECIMSKA_SPYTKOWSKA_GLOD"."SALA_LEKCJA" 
   (	"ID_SALA_LEKCJA" NUMBER(10,0), 
	"ID_LEKCJA" NUMBER(10,0), 
	"ID_SALA" NUMBER(10,0)
   ) SEGMENT CREATION IMMEDIATE 
  PCTFREE 10 PCTUSED 40 INITRANS 1 MAXTRANS 255 
 NOCOMPRESS LOGGING
  STORAGE(INITIAL 65536 NEXT 1048576 MINEXTENTS 1 MAXEXTENTS 2147483645
  PCTINCREASE 0 FREELISTS 1 FREELIST GROUPS 1
  BUFFER_POOL DEFAULT FLASH_CACHE DEFAULT CELL_FLASH_CACHE DEFAULT)
  TABLESPACE "STUDENTS1" ;
--------------------------------------------------------
--  DDL for Table SALE
--------------------------------------------------------

  CREATE TABLE "PROJEKT_OSWIECIMSKA_SPYTKOWSKA_GLOD"."SALE" 
   (	"ID_SALA" NUMBER(10,0), 
	"NAZWA_SALA" VARCHAR2(60 BYTE), 
	"NR_SALA" VARCHAR2(10 BYTE), 
	"POJEMNOSC_SALA" NUMBER(10,0), 
	"PIETRO_SALA" NUMBER(10,0), 
	"SALA_KOMPUTEROWA" VARCHAR2(3 BYTE), 
	"STANOWISKA_KOMPUTEROWE" NUMBER(10,0), 
	"OPIEKUN_SALI" NUMBER(10,0)
   ) SEGMENT CREATION IMMEDIATE 
  PCTFREE 10 PCTUSED 40 INITRANS 1 MAXTRANS 255 
 NOCOMPRESS LOGGING
  STORAGE(INITIAL 65536 NEXT 1048576 MINEXTENTS 1 MAXEXTENTS 2147483645
  PCTINCREASE 0 FREELISTS 1 FREELIST GROUPS 1
  BUFFER_POOL DEFAULT FLASH_CACHE DEFAULT CELL_FLASH_CACHE DEFAULT)
  TABLESPACE "STUDENTS1" ;
--------------------------------------------------------
--  DDL for Table STATUS
--------------------------------------------------------

  CREATE TABLE "PROJEKT_OSWIECIMSKA_SPYTKOWSKA_GLOD"."STATUS" 
   (	"ID_STATUS" NUMBER(10,0), 
	"NAZWA_STATUS" VARCHAR2(30 BYTE)
   ) SEGMENT CREATION IMMEDIATE 
  PCTFREE 10 PCTUSED 40 INITRANS 1 MAXTRANS 255 
 NOCOMPRESS LOGGING
  STORAGE(INITIAL 65536 NEXT 1048576 MINEXTENTS 1 MAXEXTENTS 2147483645
  PCTINCREASE 0 FREELISTS 1 FREELIST GROUPS 1
  BUFFER_POOL DEFAULT FLASH_CACHE DEFAULT CELL_FLASH_CACHE DEFAULT)
  TABLESPACE "STUDENTS1" ;
--------------------------------------------------------
--  DDL for Table STATUS_UCZEN
--------------------------------------------------------

  CREATE TABLE "PROJEKT_OSWIECIMSKA_SPYTKOWSKA_GLOD"."STATUS_UCZEN" 
   (	"ID_STATUS_UCZEN" NUMBER(10,0), 
	"ID_UCZEN" NUMBER(10,0), 
	"ID_STATUS" NUMBER(10,0), 
	"DODATKOWE_INFO" VARCHAR2(100 BYTE), 
	"DATA_MODYFIKACJI" TIMESTAMP (6)
   ) SEGMENT CREATION IMMEDIATE 
  PCTFREE 10 PCTUSED 40 INITRANS 1 MAXTRANS 255 
 NOCOMPRESS LOGGING
  STORAGE(INITIAL 65536 NEXT 1048576 MINEXTENTS 1 MAXEXTENTS 2147483645
  PCTINCREASE 0 FREELISTS 1 FREELIST GROUPS 1
  BUFFER_POOL DEFAULT FLASH_CACHE DEFAULT CELL_FLASH_CACHE DEFAULT)
  TABLESPACE "STUDENTS1" ;
--------------------------------------------------------
--  DDL for Table SWIADECTWO
--------------------------------------------------------

  CREATE TABLE "PROJEKT_OSWIECIMSKA_SPYTKOWSKA_GLOD"."SWIADECTWO" 
   (	"ID_SWIADECTWO" NUMBER(10,0), 
	"ZDAL" VARCHAR2(3 BYTE), 
	"CZERWONY_PASEK" VARCHAR2(3 BYTE), 
	"SREDNIA" FLOAT(10), 
	"STATUS_UCZNIA" VARCHAR2(60 BYTE), 
	"ID_UCZEN_KLASA" NUMBER(10,0), 
	"ID_ROK_SZKOLNY" NUMBER(10,0)
   ) SEGMENT CREATION IMMEDIATE 
  PCTFREE 10 PCTUSED 40 INITRANS 1 MAXTRANS 255 
 NOCOMPRESS LOGGING
  STORAGE(INITIAL 65536 NEXT 1048576 MINEXTENTS 1 MAXEXTENTS 2147483645
  PCTINCREASE 0 FREELISTS 1 FREELIST GROUPS 1
  BUFFER_POOL DEFAULT FLASH_CACHE DEFAULT CELL_FLASH_CACHE DEFAULT)
  TABLESPACE "STUDENTS1" ;
--------------------------------------------------------
--  DDL for Table TYP_ZACHOWANIE
--------------------------------------------------------

  CREATE TABLE "PROJEKT_OSWIECIMSKA_SPYTKOWSKA_GLOD"."TYP_ZACHOWANIE" 
   (	"ID_TYP_ZACHOWANIE" NUMBER(10,0), 
	"NAZWA_TYPU_ZACHOWANIE" VARCHAR2(100 BYTE)
   ) SEGMENT CREATION IMMEDIATE 
  PCTFREE 10 PCTUSED 40 INITRANS 1 MAXTRANS 255 
 NOCOMPRESS LOGGING
  STORAGE(INITIAL 65536 NEXT 1048576 MINEXTENTS 1 MAXEXTENTS 2147483645
  PCTINCREASE 0 FREELISTS 1 FREELIST GROUPS 1
  BUFFER_POOL DEFAULT FLASH_CACHE DEFAULT CELL_FLASH_CACHE DEFAULT)
  TABLESPACE "STUDENTS1" ;
--------------------------------------------------------
--  DDL for Table UCZEN_FUNKCJA
--------------------------------------------------------

  CREATE TABLE "PROJEKT_OSWIECIMSKA_SPYTKOWSKA_GLOD"."UCZEN_FUNKCJA" 
   (	"ID_UCZEN_FUNKCJA" NUMBER(10,0), 
	"ID_UCZEN" NUMBER(10,0), 
	"ID_FUNKCJA" NUMBER(10,0)
   ) SEGMENT CREATION IMMEDIATE 
  PCTFREE 10 PCTUSED 40 INITRANS 1 MAXTRANS 255 
 NOCOMPRESS LOGGING
  STORAGE(INITIAL 65536 NEXT 1048576 MINEXTENTS 1 MAXEXTENTS 2147483645
  PCTINCREASE 0 FREELISTS 1 FREELIST GROUPS 1
  BUFFER_POOL DEFAULT FLASH_CACHE DEFAULT CELL_FLASH_CACHE DEFAULT)
  TABLESPACE "STUDENTS1" ;
--------------------------------------------------------
--  DDL for Table UCZEN_KLASA
--------------------------------------------------------

  CREATE TABLE "PROJEKT_OSWIECIMSKA_SPYTKOWSKA_GLOD"."UCZEN_KLASA" 
   (	"ID_UCZEN_KLASA" NUMBER(10,0), 
	"ID_UCZEN" NUMBER(10,0), 
	"ID_KLASA" NUMBER(10,0)
   ) SEGMENT CREATION IMMEDIATE 
  PCTFREE 10 PCTUSED 40 INITRANS 1 MAXTRANS 255 
 NOCOMPRESS LOGGING
  STORAGE(INITIAL 65536 NEXT 1048576 MINEXTENTS 1 MAXEXTENTS 2147483645
  PCTINCREASE 0 FREELISTS 1 FREELIST GROUPS 1
  BUFFER_POOL DEFAULT FLASH_CACHE DEFAULT CELL_FLASH_CACHE DEFAULT)
  TABLESPACE "STUDENTS1" ;
--------------------------------------------------------
--  DDL for Table UCZEN_RODZIC
--------------------------------------------------------

  CREATE TABLE "PROJEKT_OSWIECIMSKA_SPYTKOWSKA_GLOD"."UCZEN_RODZIC" 
   (	"ID_UCZEN_RODZIC" NUMBER(10,0), 
	"ID_UCZEN" NUMBER(10,0), 
	"ID_RODZIC" NUMBER(10,0)
   ) SEGMENT CREATION IMMEDIATE 
  PCTFREE 10 PCTUSED 40 INITRANS 1 MAXTRANS 255 
 NOCOMPRESS LOGGING
  STORAGE(INITIAL 65536 NEXT 1048576 MINEXTENTS 1 MAXEXTENTS 2147483645
  PCTINCREASE 0 FREELISTS 1 FREELIST GROUPS 1
  BUFFER_POOL DEFAULT FLASH_CACHE DEFAULT CELL_FLASH_CACHE DEFAULT)
  TABLESPACE "STUDENTS1" ;
--------------------------------------------------------
--  DDL for Table UCZNIOWIE
--------------------------------------------------------

  CREATE TABLE "PROJEKT_OSWIECIMSKA_SPYTKOWSKA_GLOD"."UCZNIOWIE" 
   (	"ID_UCZEN" NUMBER(10,0), 
	"IMIE_UCZEN" VARCHAR2(255 BYTE), 
	"NAZWISKO_UCZEN" VARCHAR2(255 BYTE), 
	"PESEL_UCZEN" VARCHAR2(11 BYTE), 
	"LOGIN_UCZEN" VARCHAR2(50 BYTE), 
	"HASLO_UCZEN" VARCHAR2(50 BYTE), 
	"DATA_URODZENIA_UCZEN" DATE, 
	"ID_ADRES" NUMBER(10,0)
   ) SEGMENT CREATION IMMEDIATE 
  PCTFREE 10 PCTUSED 40 INITRANS 1 MAXTRANS 255 
 NOCOMPRESS LOGGING
  STORAGE(INITIAL 65536 NEXT 1048576 MINEXTENTS 1 MAXEXTENTS 2147483645
  PCTINCREASE 0 FREELISTS 1 FREELIST GROUPS 1
  BUFFER_POOL DEFAULT FLASH_CACHE DEFAULT CELL_FLASH_CACHE DEFAULT)
  TABLESPACE "STUDENTS1" ;
--------------------------------------------------------
--  DDL for Table ZACHOWANIE
--------------------------------------------------------

  CREATE TABLE "PROJEKT_OSWIECIMSKA_SPYTKOWSKA_GLOD"."ZACHOWANIE" 
   (	"ID_ZACHOWANIE" NUMBER(10,0), 
	"ID_TYP_ZACHOWANIE" NUMBER(10,0), 
	"TRESC_WPISU" VARCHAR2(255 BYTE), 
	"ID_UCZEN_KLASA" NUMBER(10,0), 
	"ID_NAUCZYCIEL" NUMBER(10,0)
   ) SEGMENT CREATION IMMEDIATE 
  PCTFREE 10 PCTUSED 40 INITRANS 1 MAXTRANS 255 
 NOCOMPRESS LOGGING
  STORAGE(INITIAL 65536 NEXT 1048576 MINEXTENTS 1 MAXEXTENTS 2147483645
  PCTINCREASE 0 FREELISTS 1 FREELIST GROUPS 1
  BUFFER_POOL DEFAULT FLASH_CACHE DEFAULT CELL_FLASH_CACHE DEFAULT)
  TABLESPACE "STUDENTS1" ;
--------------------------------------------------------
--  DDL for Table GRUPY
--------------------------------------------------------

  CREATE TABLE "PROJEKT_OSWIECIMSKA_SPYTKOWSKA_GLOD"."GRUPY" 
   (	"ID_GRUPA" NUMBER(10,0), 
	"NAZWA_GRUPA" VARCHAR2(30 BYTE)
   ) SEGMENT CREATION IMMEDIATE 
  PCTFREE 10 PCTUSED 40 INITRANS 1 MAXTRANS 255 
 NOCOMPRESS LOGGING
  STORAGE(INITIAL 65536 NEXT 1048576 MINEXTENTS 1 MAXEXTENTS 2147483645
  PCTINCREASE 0 FREELISTS 1 FREELIST GROUPS 1
  BUFFER_POOL DEFAULT FLASH_CACHE DEFAULT CELL_FLASH_CACHE DEFAULT)
  TABLESPACE "STUDENTS1" ;
--------------------------------------------------------
--  DDL for Table UCZEN_KLASA
--------------------------------------------------------

  CREATE TABLE "PROJEKT_OSWIECIMSKA_SPYTKOWSKA_GLOD"."UCZEN_KLASA" 
   (	"ID_UCZEN_KLASA" NUMBER(10,0), 
	"ID_UCZEN" NUMBER(10,0), 
	"ID_KLASA" NUMBER(10,0)
   ) SEGMENT CREATION IMMEDIATE 
  PCTFREE 10 PCTUSED 40 INITRANS 1 MAXTRANS 255 
 NOCOMPRESS LOGGING
  STORAGE(INITIAL 65536 NEXT 1048576 MINEXTENTS 1 MAXEXTENTS 2147483645
  PCTINCREASE 0 FREELISTS 1 FREELIST GROUPS 1
  BUFFER_POOL DEFAULT FLASH_CACHE DEFAULT CELL_FLASH_CACHE DEFAULT)
  TABLESPACE "STUDENTS1" ;
--------------------------------------------------------
--  DDL for Table NAUCZYCIELE
--------------------------------------------------------

  CREATE TABLE "PROJEKT_OSWIECIMSKA_SPYTKOWSKA_GLOD"."NAUCZYCIELE" 
   (	"ID_NAUCZYCIEL" NUMBER(10,0), 
	"IMIE_NAUCZYCIEL" VARCHAR2(255 BYTE), 
	"NAZWISKO_NAUCZYCIEL" VARCHAR2(255 BYTE), 
	"STOPIEN_NAUKOWY" VARCHAR2(20 BYTE), 
	"LOGIN_NAUCZYCIEL" VARCHAR2(50 BYTE), 
	"HASLO_NAUCZYCIEL" VARCHAR2(50 BYTE), 
	"DATA_URODZENIA_NAUCZYCIEL" DATE, 
	"NR_TEL_NAUCZYCIEL" VARCHAR2(20 BYTE), 
	"MAIL_NAUCZYCIEL" VARCHAR2(60 BYTE)
   ) SEGMENT CREATION IMMEDIATE 
  PCTFREE 10 PCTUSED 40 INITRANS 1 MAXTRANS 255 
 NOCOMPRESS LOGGING
  STORAGE(INITIAL 65536 NEXT 1048576 MINEXTENTS 1 MAXEXTENTS 2147483645
  PCTINCREASE 0 FREELISTS 1 FREELIST GROUPS 1
  BUFFER_POOL DEFAULT FLASH_CACHE DEFAULT CELL_FLASH_CACHE DEFAULT)
  TABLESPACE "STUDENTS1" ;
--------------------------------------------------------
--  DDL for Table ROK_SZKOLNY
--------------------------------------------------------

  CREATE TABLE "PROJEKT_OSWIECIMSKA_SPYTKOWSKA_GLOD"."ROK_SZKOLNY" 
   (	"ID_ROK_SZKOLNY" NUMBER(10,0), 
	"NAZWA_ROK_SZKOLNY" VARCHAR2(10 BYTE), 
	"NUMER_SEMESTRU" NUMBER(10,0)
   ) SEGMENT CREATION IMMEDIATE 
  PCTFREE 10 PCTUSED 40 INITRANS 1 MAXTRANS 255 
 NOCOMPRESS LOGGING
  STORAGE(INITIAL 65536 NEXT 1048576 MINEXTENTS 1 MAXEXTENTS 2147483645
  PCTINCREASE 0 FREELISTS 1 FREELIST GROUPS 1
  BUFFER_POOL DEFAULT FLASH_CACHE DEFAULT CELL_FLASH_CACHE DEFAULT)
  TABLESPACE "STUDENTS1" ;
--------------------------------------------------------
--  DDL for Table NAUCZ_PRZEDM_KLASA
--------------------------------------------------------

  CREATE TABLE "PROJEKT_OSWIECIMSKA_SPYTKOWSKA_GLOD"."NAUCZ_PRZEDM_KLASA" 
   (	"ID_NAUCZ_PRZEDM_KLASA" NUMBER(10,0), 
	"ID_NAUCZYCIEL" NUMBER(10,0), 
	"ID_PRZEDMIOT" NUMBER(10,0), 
	"ID_KLASA" NUMBER(10,0)
   ) SEGMENT CREATION IMMEDIATE 
  PCTFREE 10 PCTUSED 40 INITRANS 1 MAXTRANS 255 
 NOCOMPRESS LOGGING
  STORAGE(INITIAL 65536 NEXT 1048576 MINEXTENTS 1 MAXEXTENTS 2147483645
  PCTINCREASE 0 FREELISTS 1 FREELIST GROUPS 1
  BUFFER_POOL DEFAULT FLASH_CACHE DEFAULT CELL_FLASH_CACHE DEFAULT)
  TABLESPACE "STUDENTS1" ;
--------------------------------------------------------
--  DDL for Table KLASY
--------------------------------------------------------

  CREATE TABLE "PROJEKT_OSWIECIMSKA_SPYTKOWSKA_GLOD"."KLASY" 
   (	"ID_KLASA" NUMBER(10,0), 
	"NAZWA_KLASA" VARCHAR2(20 BYTE), 
	"WYCHOWAWCA_KLASA" NUMBER(10,0), 
	"ROK_SZKOLNY" NUMBER(10,0)
   ) SEGMENT CREATION IMMEDIATE 
  PCTFREE 10 PCTUSED 40 INITRANS 1 MAXTRANS 255 
 NOCOMPRESS LOGGING
  STORAGE(INITIAL 65536 NEXT 1048576 MINEXTENTS 1 MAXEXTENTS 2147483645
  PCTINCREASE 0 FREELISTS 1 FREELIST GROUPS 1
  BUFFER_POOL DEFAULT FLASH_CACHE DEFAULT CELL_FLASH_CACHE DEFAULT)
  TABLESPACE "STUDENTS1" ;
--------------------------------------------------------
--  DDL for Table PRZEDMIOTY
--------------------------------------------------------

  CREATE TABLE "PROJEKT_OSWIECIMSKA_SPYTKOWSKA_GLOD"."PRZEDMIOTY" 
   (	"ID_PRZEDMIOT" NUMBER(10,0), 
	"NAZWA_PRZEDMIOT" VARCHAR2(60 BYTE)
   ) SEGMENT CREATION IMMEDIATE 
  PCTFREE 10 PCTUSED 40 INITRANS 1 MAXTRANS 255 
 NOCOMPRESS LOGGING
  STORAGE(INITIAL 65536 NEXT 1048576 MINEXTENTS 1 MAXEXTENTS 2147483645
  PCTINCREASE 0 FREELISTS 1 FREELIST GROUPS 1
  BUFFER_POOL DEFAULT FLASH_CACHE DEFAULT CELL_FLASH_CACHE DEFAULT)
  TABLESPACE "STUDENTS1" ;
--------------------------------------------------------
--  DDL for Table LEKCJE
--------------------------------------------------------

  CREATE TABLE "PROJEKT_OSWIECIMSKA_SPYTKOWSKA_GLOD"."LEKCJE" 
   (	"ID_LEKCJA" NUMBER(10,0), 
	"TEMAT_LEKCJA" VARCHAR2(100 BYTE), 
	"DZIEN_TYGODNIA" VARCHAR2(20 BYTE), 
	"GODZINA_LEKCJA" VARCHAR2(15 BYTE), 
	"CZAS_TRWANIA" VARCHAR2(30 BYTE), 
	"ID_NAUCZ_PRZEDM_KLASA" NUMBER(10,0)
   ) SEGMENT CREATION IMMEDIATE 
  PCTFREE 10 PCTUSED 40 INITRANS 1 MAXTRANS 255 
 NOCOMPRESS LOGGING
  STORAGE(INITIAL 65536 NEXT 1048576 MINEXTENTS 1 MAXEXTENTS 2147483645
  PCTINCREASE 0 FREELISTS 1 FREELIST GROUPS 1
  BUFFER_POOL DEFAULT FLASH_CACHE DEFAULT CELL_FLASH_CACHE DEFAULT)
  TABLESPACE "STUDENTS1" ;
--------------------------------------------------------
--  DDL for Table UCZNIOWIE
--------------------------------------------------------

  CREATE TABLE "PROJEKT_OSWIECIMSKA_SPYTKOWSKA_GLOD"."UCZNIOWIE" 
   (	"ID_UCZEN" NUMBER(10,0), 
	"IMIE_UCZEN" VARCHAR2(255 BYTE), 
	"NAZWISKO_UCZEN" VARCHAR2(255 BYTE), 
	"PESEL_UCZEN" VARCHAR2(11 BYTE), 
	"LOGIN_UCZEN" VARCHAR2(50 BYTE), 
	"HASLO_UCZEN" VARCHAR2(50 BYTE), 
	"DATA_URODZENIA_UCZEN" DATE, 
	"ID_ADRES" NUMBER(10,0)
   ) SEGMENT CREATION IMMEDIATE 
  PCTFREE 10 PCTUSED 40 INITRANS 1 MAXTRANS 255 
 NOCOMPRESS LOGGING
  STORAGE(INITIAL 65536 NEXT 1048576 MINEXTENTS 1 MAXEXTENTS 2147483645
  PCTINCREASE 0 FREELISTS 1 FREELIST GROUPS 1
  BUFFER_POOL DEFAULT FLASH_CACHE DEFAULT CELL_FLASH_CACHE DEFAULT)
  TABLESPACE "STUDENTS1" ;
--------------------------------------------------------
--  DDL for Table RODZAJ_OCENY
--------------------------------------------------------

  CREATE TABLE "PROJEKT_OSWIECIMSKA_SPYTKOWSKA_GLOD"."RODZAJ_OCENY" 
   (	"ID_RODZAJ_OCENY" NUMBER(10,0), 
	"TYP_RODZAJ_OCENY" VARCHAR2(60 BYTE), 
	"WAGA_RODZAJ_OCENY" FLOAT(10), 
	"POPRAWA" VARCHAR2(3 BYTE)
   ) SEGMENT CREATION IMMEDIATE 
  PCTFREE 10 PCTUSED 40 INITRANS 1 MAXTRANS 255 
 NOCOMPRESS LOGGING
  STORAGE(INITIAL 65536 NEXT 1048576 MINEXTENTS 1 MAXEXTENTS 2147483645
  PCTINCREASE 0 FREELISTS 1 FREELIST GROUPS 1
  BUFFER_POOL DEFAULT FLASH_CACHE DEFAULT CELL_FLASH_CACHE DEFAULT)
  TABLESPACE "STUDENTS1" ;
--------------------------------------------------------
--  DDL for Table ADRES
--------------------------------------------------------

  CREATE TABLE "PROJEKT_OSWIECIMSKA_SPYTKOWSKA_GLOD"."ADRES" 
   (	"ID_ADRES" NUMBER(10,0), 
	"MIEJSCOWOSC" VARCHAR2(60 BYTE), 
	"ULICA" VARCHAR2(50 BYTE), 
	"NR_ULICY_BUDYNEK" VARCHAR2(20 BYTE), 
	"KOD_POCZTOWY" VARCHAR2(6 BYTE)
   ) SEGMENT CREATION IMMEDIATE 
  PCTFREE 10 PCTUSED 40 INITRANS 1 MAXTRANS 255 
 NOCOMPRESS LOGGING
  STORAGE(INITIAL 65536 NEXT 1048576 MINEXTENTS 1 MAXEXTENTS 2147483645
  PCTINCREASE 0 FREELISTS 1 FREELIST GROUPS 1
  BUFFER_POOL DEFAULT FLASH_CACHE DEFAULT CELL_FLASH_CACHE DEFAULT)
  TABLESPACE "STUDENTS1" ;
--------------------------------------------------------
--  DDL for Table SALE
--------------------------------------------------------

  CREATE TABLE "PROJEKT_OSWIECIMSKA_SPYTKOWSKA_GLOD"."SALE" 
   (	"ID_SALA" NUMBER(10,0), 
	"NAZWA_SALA" VARCHAR2(60 BYTE), 
	"NR_SALA" VARCHAR2(10 BYTE), 
	"POJEMNOSC_SALA" NUMBER(10,0), 
	"PIETRO_SALA" NUMBER(10,0), 
	"SALA_KOMPUTEROWA" VARCHAR2(3 BYTE), 
	"STANOWISKA_KOMPUTEROWE" NUMBER(10,0), 
	"OPIEKUN_SALI" NUMBER(10,0)
   ) SEGMENT CREATION IMMEDIATE 
  PCTFREE 10 PCTUSED 40 INITRANS 1 MAXTRANS 255 
 NOCOMPRESS LOGGING
  STORAGE(INITIAL 65536 NEXT 1048576 MINEXTENTS 1 MAXEXTENTS 2147483645
  PCTINCREASE 0 FREELISTS 1 FREELIST GROUPS 1
  BUFFER_POOL DEFAULT FLASH_CACHE DEFAULT CELL_FLASH_CACHE DEFAULT)
  TABLESPACE "STUDENTS1" ;
--------------------------------------------------------
--  DDL for Table STATUS
--------------------------------------------------------

  CREATE TABLE "PROJEKT_OSWIECIMSKA_SPYTKOWSKA_GLOD"."STATUS" 
   (	"ID_STATUS" NUMBER(10,0), 
	"NAZWA_STATUS" VARCHAR2(30 BYTE)
   ) SEGMENT CREATION IMMEDIATE 
  PCTFREE 10 PCTUSED 40 INITRANS 1 MAXTRANS 255 
 NOCOMPRESS LOGGING
  STORAGE(INITIAL 65536 NEXT 1048576 MINEXTENTS 1 MAXEXTENTS 2147483645
  PCTINCREASE 0 FREELISTS 1 FREELIST GROUPS 1
  BUFFER_POOL DEFAULT FLASH_CACHE DEFAULT CELL_FLASH_CACHE DEFAULT)
  TABLESPACE "STUDENTS1" ;
--------------------------------------------------------
--  DDL for Table FUNKCJA
--------------------------------------------------------

  CREATE TABLE "PROJEKT_OSWIECIMSKA_SPYTKOWSKA_GLOD"."FUNKCJA" 
   (	"ID_FUNKCJA" NUMBER(20,0), 
	"NAZWA_FUNKCJA" VARCHAR2(60 BYTE)
   ) SEGMENT CREATION IMMEDIATE 
  PCTFREE 10 PCTUSED 40 INITRANS 1 MAXTRANS 255 
 NOCOMPRESS LOGGING
  STORAGE(INITIAL 65536 NEXT 1048576 MINEXTENTS 1 MAXEXTENTS 2147483645
  PCTINCREASE 0 FREELISTS 1 FREELIST GROUPS 1
  BUFFER_POOL DEFAULT FLASH_CACHE DEFAULT CELL_FLASH_CACHE DEFAULT)
  TABLESPACE "STUDENTS1" ;
--------------------------------------------------------
--  DDL for Table RODZICE
--------------------------------------------------------

  CREATE TABLE "PROJEKT_OSWIECIMSKA_SPYTKOWSKA_GLOD"."RODZICE" 
   (	"ID_RODZIC" NUMBER(10,0), 
	"IMIE_RODZIC" VARCHAR2(255 BYTE), 
	"NAZWISKO_RODZIC" VARCHAR2(255 BYTE), 
	"LOGIN_RODZIC" VARCHAR2(50 BYTE), 
	"HASLO_RODZIC" VARCHAR2(50 BYTE), 
	"DATA_URODZENIA_RODZIC" DATE, 
	"NR_TEL_RODZIC" VARCHAR2(20 BYTE), 
	"MAIL_RODZIC" VARCHAR2(60 BYTE), 
	"ID_ADRES" NUMBER(10,0)
   ) SEGMENT CREATION IMMEDIATE 
  PCTFREE 10 PCTUSED 40 INITRANS 1 MAXTRANS 255 
 NOCOMPRESS LOGGING
  STORAGE(INITIAL 65536 NEXT 1048576 MINEXTENTS 1 MAXEXTENTS 2147483645
  PCTINCREASE 0 FREELISTS 1 FREELIST GROUPS 1
  BUFFER_POOL DEFAULT FLASH_CACHE DEFAULT CELL_FLASH_CACHE DEFAULT)
  TABLESPACE "STUDENTS1" ;
--------------------------------------------------------
--  DDL for Table TYP_ZACHOWANIE
--------------------------------------------------------

  CREATE TABLE "PROJEKT_OSWIECIMSKA_SPYTKOWSKA_GLOD"."TYP_ZACHOWANIE" 
   (	"ID_TYP_ZACHOWANIE" NUMBER(10,0), 
	"NAZWA_TYPU_ZACHOWANIE" VARCHAR2(100 BYTE)
   ) SEGMENT CREATION IMMEDIATE 
  PCTFREE 10 PCTUSED 40 INITRANS 1 MAXTRANS 255 
 NOCOMPRESS LOGGING
  STORAGE(INITIAL 65536 NEXT 1048576 MINEXTENTS 1 MAXEXTENTS 2147483645
  PCTINCREASE 0 FREELISTS 1 FREELIST GROUPS 1
  BUFFER_POOL DEFAULT FLASH_CACHE DEFAULT CELL_FLASH_CACHE DEFAULT)
  TABLESPACE "STUDENTS1" ;
--------------------------------------------------------
--  DDL for Table UCZEN_FUNKCJA
--------------------------------------------------------

  CREATE TABLE "PROJEKT_OSWIECIMSKA_SPYTKOWSKA_GLOD"."UCZEN_FUNKCJA" 
   (	"ID_UCZEN_FUNKCJA" NUMBER(10,0), 
	"ID_UCZEN" NUMBER(10,0), 
	"ID_FUNKCJA" NUMBER(10,0)
   ) SEGMENT CREATION IMMEDIATE 
  PCTFREE 10 PCTUSED 40 INITRANS 1 MAXTRANS 255 
 NOCOMPRESS LOGGING
  STORAGE(INITIAL 65536 NEXT 1048576 MINEXTENTS 1 MAXEXTENTS 2147483645
  PCTINCREASE 0 FREELISTS 1 FREELIST GROUPS 1
  BUFFER_POOL DEFAULT FLASH_CACHE DEFAULT CELL_FLASH_CACHE DEFAULT)
  TABLESPACE "STUDENTS1" ;
--------------------------------------------------------
--  DDL for Table UCZEN_RODZIC
--------------------------------------------------------

  CREATE TABLE "PROJEKT_OSWIECIMSKA_SPYTKOWSKA_GLOD"."UCZEN_RODZIC" 
   (	"ID_UCZEN_RODZIC" NUMBER(10,0), 
	"ID_UCZEN" NUMBER(10,0), 
	"ID_RODZIC" NUMBER(10,0)
   ) SEGMENT CREATION IMMEDIATE 
  PCTFREE 10 PCTUSED 40 INITRANS 1 MAXTRANS 255 
 NOCOMPRESS LOGGING
  STORAGE(INITIAL 65536 NEXT 1048576 MINEXTENTS 1 MAXEXTENTS 2147483645
  PCTINCREASE 0 FREELISTS 1 FREELIST GROUPS 1
  BUFFER_POOL DEFAULT FLASH_CACHE DEFAULT CELL_FLASH_CACHE DEFAULT)
  TABLESPACE "STUDENTS1" ;
--------------------------------------------------------
--  DDL for Table SWIADECTWO
--------------------------------------------------------

  CREATE TABLE "PROJEKT_OSWIECIMSKA_SPYTKOWSKA_GLOD"."SWIADECTWO" 
   (	"ID_SWIADECTWO" NUMBER(10,0), 
	"ZDAL" VARCHAR2(3 BYTE), 
	"CZERWONY_PASEK" VARCHAR2(3 BYTE), 
	"SREDNIA" FLOAT(10), 
	"STATUS_UCZNIA" VARCHAR2(60 BYTE), 
	"ID_UCZEN_KLASA" NUMBER(10,0), 
	"ID_ROK_SZKOLNY" NUMBER(10,0)
   ) SEGMENT CREATION IMMEDIATE 
  PCTFREE 10 PCTUSED 40 INITRANS 1 MAXTRANS 255 
 NOCOMPRESS LOGGING
  STORAGE(INITIAL 65536 NEXT 1048576 MINEXTENTS 1 MAXEXTENTS 2147483645
  PCTINCREASE 0 FREELISTS 1 FREELIST GROUPS 1
  BUFFER_POOL DEFAULT FLASH_CACHE DEFAULT CELL_FLASH_CACHE DEFAULT)
  TABLESPACE "STUDENTS1" ;
--------------------------------------------------------
--  DDL for Table KLASA_GRUPA_UCZEN
--------------------------------------------------------

  CREATE TABLE "PROJEKT_OSWIECIMSKA_SPYTKOWSKA_GLOD"."KLASA_GRUPA_UCZEN" 
   (	"ID_KLASA_GRUPA_UCZEN" NUMBER(10,0), 
	"ID_UCZEN_KLASA" NUMBER(10,0), 
	"ID_GRUPA" NUMBER(10,0)
   ) SEGMENT CREATION IMMEDIATE 
  PCTFREE 10 PCTUSED 40 INITRANS 1 MAXTRANS 255 
 NOCOMPRESS LOGGING
  STORAGE(INITIAL 65536 NEXT 1048576 MINEXTENTS 1 MAXEXTENTS 2147483645
  PCTINCREASE 0 FREELISTS 1 FREELIST GROUPS 1
  BUFFER_POOL DEFAULT FLASH_CACHE DEFAULT CELL_FLASH_CACHE DEFAULT)
  TABLESPACE "STUDENTS1" ;
--------------------------------------------------------
--  DDL for Table OBECNOSCI
--------------------------------------------------------

  CREATE TABLE "PROJEKT_OSWIECIMSKA_SPYTKOWSKA_GLOD"."OBECNOSCI" 
   (	"ID_KLASA_OBECNOSC" NUMBER(10,0), 
	"OBECNOSC" VARCHAR2(10 BYTE), 
	"DATA_ZAJEC" DATE, 
	"DATA_MODYFIKACJI" DATE, 
	"NIEOBECNOSC_USPRAWIEDLIWIONA" VARCHAR2(3 BYTE), 
	"ID_UCZEN" NUMBER(10,0), 
	"ID_LEKCJA" NUMBER(10,0)
   ) SEGMENT CREATION IMMEDIATE 
  PCTFREE 10 PCTUSED 40 INITRANS 1 MAXTRANS 255 
 NOCOMPRESS LOGGING
  STORAGE(INITIAL 65536 NEXT 1048576 MINEXTENTS 1 MAXEXTENTS 2147483645
  PCTINCREASE 0 FREELISTS 1 FREELIST GROUPS 1
  BUFFER_POOL DEFAULT FLASH_CACHE DEFAULT CELL_FLASH_CACHE DEFAULT)
  TABLESPACE "STUDENTS1" ;
--------------------------------------------------------
--  DDL for Table OCENY
--------------------------------------------------------

  CREATE TABLE "PROJEKT_OSWIECIMSKA_SPYTKOWSKA_GLOD"."OCENY" 
   (	"ID_OCENA" NUMBER(10,0), 
	"ID_PRZEDMIOT" NUMBER(10,0), 
	"ID_RODZAJ_OCENY" NUMBER(10,0), 
	"WARTOSC_OCENY" FLOAT(126), 
	"ID_NAUCZYCIEL" NUMBER(10,0), 
	"ID_UCZEN" NUMBER(10,0), 
	"WYMAGANA" VARCHAR2(3 BYTE), 
	"DATA_OCENY" DATE, 
	"DATA_WPISANIA" DATE, 
	"DATA_MODYFIKACJI" TIMESTAMP (6)
   ) SEGMENT CREATION IMMEDIATE 
  PCTFREE 10 PCTUSED 40 INITRANS 1 MAXTRANS 255 
 NOCOMPRESS LOGGING
  STORAGE(INITIAL 65536 NEXT 1048576 MINEXTENTS 1 MAXEXTENTS 2147483645
  PCTINCREASE 0 FREELISTS 1 FREELIST GROUPS 1
  BUFFER_POOL DEFAULT FLASH_CACHE DEFAULT CELL_FLASH_CACHE DEFAULT)
  TABLESPACE "STUDENTS1" ;
--------------------------------------------------------
--  DDL for Table OCENY_LOG
--------------------------------------------------------

  CREATE TABLE "PROJEKT_OSWIECIMSKA_SPYTKOWSKA_GLOD"."OCENY_LOG" 
   (	"ID_OCENA" NUMBER(10,0), 
	"ID_PRZEDMIOT" NUMBER(10,0), 
	"ID_RODZAJ_OCENY" NUMBER(10,0), 
	"WARTOSC_OCENY" FLOAT(10), 
	"ID_NAUCZYCIEL" NUMBER(10,0), 
	"ID_UCZEN" NUMBER(10,0), 
	"WYMAGANA" VARCHAR2(3 BYTE), 
	"DATA_OCENY" DATE, 
	"DATA_WPISANIA" DATE, 
	"DATA_MODYFIKACJI" TIMESTAMP (6), 
	"LOG_OPERATION" VARCHAR2(20 BYTE)
   ) SEGMENT CREATION IMMEDIATE 
  PCTFREE 10 PCTUSED 40 INITRANS 1 MAXTRANS 255 
 NOCOMPRESS LOGGING
  STORAGE(INITIAL 65536 NEXT 1048576 MINEXTENTS 1 MAXEXTENTS 2147483645
  PCTINCREASE 0 FREELISTS 1 FREELIST GROUPS 1
  BUFFER_POOL DEFAULT FLASH_CACHE DEFAULT CELL_FLASH_CACHE DEFAULT)
  TABLESPACE "STUDENTS1" ;
--------------------------------------------------------
--  DDL for Table SALA_LEKCJA
--------------------------------------------------------

  CREATE TABLE "PROJEKT_OSWIECIMSKA_SPYTKOWSKA_GLOD"."SALA_LEKCJA" 
   (	"ID_SALA_LEKCJA" NUMBER(10,0), 
	"ID_LEKCJA" NUMBER(10,0), 
	"ID_SALA" NUMBER(10,0)
   ) SEGMENT CREATION IMMEDIATE 
  PCTFREE 10 PCTUSED 40 INITRANS 1 MAXTRANS 255 
 NOCOMPRESS LOGGING
  STORAGE(INITIAL 65536 NEXT 1048576 MINEXTENTS 1 MAXEXTENTS 2147483645
  PCTINCREASE 0 FREELISTS 1 FREELIST GROUPS 1
  BUFFER_POOL DEFAULT FLASH_CACHE DEFAULT CELL_FLASH_CACHE DEFAULT)
  TABLESPACE "STUDENTS1" ;
--------------------------------------------------------
--  DDL for Table STATUS_UCZEN
--------------------------------------------------------

  CREATE TABLE "PROJEKT_OSWIECIMSKA_SPYTKOWSKA_GLOD"."STATUS_UCZEN" 
   (	"ID_STATUS_UCZEN" NUMBER(10,0), 
	"ID_UCZEN" NUMBER(10,0), 
	"ID_STATUS" NUMBER(10,0), 
	"DODATKOWE_INFO" VARCHAR2(100 BYTE), 
	"DATA_MODYFIKACJI" TIMESTAMP (6)
   ) SEGMENT CREATION IMMEDIATE 
  PCTFREE 10 PCTUSED 40 INITRANS 1 MAXTRANS 255 
 NOCOMPRESS LOGGING
  STORAGE(INITIAL 65536 NEXT 1048576 MINEXTENTS 1 MAXEXTENTS 2147483645
  PCTINCREASE 0 FREELISTS 1 FREELIST GROUPS 1
  BUFFER_POOL DEFAULT FLASH_CACHE DEFAULT CELL_FLASH_CACHE DEFAULT)
  TABLESPACE "STUDENTS1" ;
--------------------------------------------------------
--  DDL for Table ZACHOWANIE
--------------------------------------------------------

  CREATE TABLE "PROJEKT_OSWIECIMSKA_SPYTKOWSKA_GLOD"."ZACHOWANIE" 
   (	"ID_ZACHOWANIE" NUMBER(10,0), 
	"ID_TYP_ZACHOWANIE" NUMBER(10,0), 
	"TRESC_WPISU" VARCHAR2(255 BYTE), 
	"ID_UCZEN_KLASA" NUMBER(10,0), 
	"ID_NAUCZYCIEL" NUMBER(10,0)
   ) SEGMENT CREATION IMMEDIATE 
  PCTFREE 10 PCTUSED 40 INITRANS 1 MAXTRANS 255 
 NOCOMPRESS LOGGING
  STORAGE(INITIAL 65536 NEXT 1048576 MINEXTENTS 1 MAXEXTENTS 2147483645
  PCTINCREASE 0 FREELISTS 1 FREELIST GROUPS 1
  BUFFER_POOL DEFAULT FLASH_CACHE DEFAULT CELL_FLASH_CACHE DEFAULT)
  TABLESPACE "STUDENTS1" ;
--------------------------------------------------------
--  DDL for View FUNKCJE_UCZNIOW
--------------------------------------------------------

  CREATE OR REPLACE FORCE EDITIONABLE VIEW "PROJEKT_OSWIECIMSKA_SPYTKOWSKA_GLOD"."FUNKCJE_UCZNIOW" ("IMIE_UCZEN", "NAZWISKO_UCZEN", "NAZWA_FUNKCJA") AS 
  SELECT UCZNIOWIE.IMIE_UCZEN, UCZNIOWIE.NAZWISKO_UCZEN, FUNKCJA.NAZWA_FUNKCJA
FROM UCZEN_FUNKCJA
JOIN FUNKCJA ON UCZEN_FUNKCJA.ID_FUNKCJA=FUNKCJA.ID_FUNKCJA
JOIN UCZNIOWIE ON UCZEN_FUNKCJA.ID_UCZEN = UCZNIOWIE.ID_UCZEN
;
--------------------------------------------------------
--  DDL for View KOMITET_SZKOLNY
--------------------------------------------------------

  CREATE OR REPLACE FORCE EDITIONABLE VIEW "PROJEKT_OSWIECIMSKA_SPYTKOWSKA_GLOD"."KOMITET_SZKOLNY" ("IMIE_UCZEN", "NAZWISKO_UCZEN", "NAZWA_FUNKCJA") AS 
  SELECT UCZNIOWIE.IMIE_UCZEN, UCZNIOWIE.NAZWISKO_UCZEN, FUNKCJA.NAZWA_FUNKCJA
FROM UCZEN_FUNKCJA
JOIN FUNKCJA ON UCZEN_FUNKCJA.ID_FUNKCJA=FUNKCJA.ID_FUNKCJA
JOIN UCZNIOWIE ON UCZEN_FUNKCJA.ID_UCZEN = UCZNIOWIE.ID_UCZEN
WHERE FUNKCJA.NAZWA_FUNKCJA = 'Cz³onek komitetu szkolnego'
;
--------------------------------------------------------
--  DDL for View LISTAUCZNIOW
--------------------------------------------------------

  CREATE OR REPLACE FORCE EDITIONABLE VIEW "PROJEKT_OSWIECIMSKA_SPYTKOWSKA_GLOD"."LISTAUCZNIOW" ("ID_UCZEN", "IMIE_UCZEN", "NAZWISKO_UCZEN", "PESEL_UCZEN", "LOGIN_UCZEN", "HASLO_UCZEN", "DATA_URODZENIA_UCZEN", "ID_ADRES") AS 
  SELECT "ID_UCZEN","IMIE_UCZEN","NAZWISKO_UCZEN","PESEL_UCZEN","LOGIN_UCZEN","HASLO_UCZEN","DATA_URODZENIA_UCZEN","ID_ADRES" From Uczniowie
;
--------------------------------------------------------
--  DDL for View NUMERY_RODZICOW_OD_CYFRY_10
--------------------------------------------------------

  CREATE OR REPLACE FORCE EDITIONABLE VIEW "PROJEKT_OSWIECIMSKA_SPYTKOWSKA_GLOD"."NUMERY_RODZICOW_OD_CYFRY_10" ("IMIE_RODZIC", "NAZWISKO_RODZIC", "NR_TEL_RODZIC") AS 
  SELECT DISTINCT IMIE_RODZIC, NAZWISKO_RODZIC, NR_TEL_RODZIC 
FROM RODZICE
WHERE NR_TEL_RODZIC LIKE '10%'
ORDER BY NAZWISKO_RODZIC DESC
;
--------------------------------------------------------
--  DDL for View RODZIC_I_DZIECI
--------------------------------------------------------

  CREATE OR REPLACE FORCE EDITIONABLE VIEW "PROJEKT_OSWIECIMSKA_SPYTKOWSKA_GLOD"."RODZIC_I_DZIECI" ("IMIE_RODZIC", "NAZWISKO_RODZIC", "IMIE_UCZEN", "NAZWISKO_UCZEN", "PESEL_UCZEN") AS 
  SELECT RODZICE.IMIE_RODZIC, RODZICE.NAZWISKO_RODZIC, UCZNIOWIE.IMIE_UCZEN, UCZNIOWIE.NAZWISKO_UCZEN, UCZNIOWIE.PESEL_UCZEN
FROM RODZICE
JOIN UCZEN_RODZIC ON RODZICE.ID_RODZIC = UCZEN_RODZIC.ID_RODZIC
JOIN UCZNIOWIE ON UCZEN_RODZIC.ID_UCZEN = UCZNIOWIE.ID_UCZEN
order by nazwisko_rodzic
;
--------------------------------------------------------
--  DDL for View SORTOWANIE_PO_SREDNIEJ
--------------------------------------------------------

  CREATE OR REPLACE FORCE EDITIONABLE VIEW "PROJEKT_OSWIECIMSKA_SPYTKOWSKA_GLOD"."SORTOWANIE_PO_SREDNIEJ" ("IMIE_UCZEN", "NAZWISKO_UCZEN", "SREDNIA") AS 
  SELECT UCZNIOWIE.IMIE_UCZEN, UCZNIOWIE.NAZWISKO_UCZEN, SWIADECTWO.SREDNIA
FROM SWIADECTWO
JOIN UCZEN_KLASA ON SWIADECTWO.ID_UCZEN_KLASA = UCZEN_KLASA.ID_UCZEN_KLASA
JOIN UCZNIOWIE ON UCZEN_KLASA.ID_UCZEN = UCZNIOWIE.ID_UCZEN
ORDER BY SWIADECTWO.SREDNIA DESC
;
--------------------------------------------------------
--  DDL for View UCZEN_I_RODZICE
--------------------------------------------------------

  CREATE OR REPLACE FORCE EDITIONABLE VIEW "PROJEKT_OSWIECIMSKA_SPYTKOWSKA_GLOD"."UCZEN_I_RODZICE" ("IMIE_UCZEN", "NAZWISKO_UCZEN", "IMIE_RODZIC", "NAZWISKO_RODZIC") AS 
  SELECT UCZNIOWIE.IMIE_UCZEN, UCZNIOWIE.NAZWISKO_UCZEN, RODZICE.IMIE_RODZIC, RODZICE.NAZWISKO_RODZIC
FROM UCZNIOWIE
JOIN UCZEN_RODZIC ON UCZNIOWIE.ID_UCZEN = UCZEN_RODZIC.ID_UCZEN
JOIN RODZICE ON UCZEN_RODZIC.ID_RODZIC = RODZICE.ID_RODZIC
order by NAZWISKO_UCZEN
;
--------------------------------------------------------
--  DDL for View UCZNIOWIE_WYBRANY_KOD_POCZTOWY
--------------------------------------------------------

  CREATE OR REPLACE FORCE EDITIONABLE VIEW "PROJEKT_OSWIECIMSKA_SPYTKOWSKA_GLOD"."UCZNIOWIE_WYBRANY_KOD_POCZTOWY" ("IMIE_UCZEN", "NAZWISKO_UCZEN", "KOD_POCZTOWY") AS 
  SELECT IMIE_UCZEN, NAZWISKO_UCZEN, ADRES.KOD_POCZTOWY
FROM UCZNIOWIE
JOIN ADRES ON UCZNIOWIE.ID_ADRES = ADRES.ID_ADRES
WHERE ADRES.KOD_POCZTOWY = '31-203'
;
--------------------------------------------------------
--  DDL for View UCZNIOWIE_Z_WYBRANYCH_ULIC
--------------------------------------------------------

  CREATE OR REPLACE FORCE EDITIONABLE VIEW "PROJEKT_OSWIECIMSKA_SPYTKOWSKA_GLOD"."UCZNIOWIE_Z_WYBRANYCH_ULIC" ("IMIE_UCZEN", "NAZWISKO_UCZEN", "ULICA") AS 
  SELECT IMIE_UCZEN, NAZWISKO_UCZEN, ADRES.ULICA
FROM UCZNIOWIE
JOIN ADRES ON UCZNIOWIE.ID_ADRES = ADRES.ID_ADRES
WHERE ADRES.ULICA = 'Pustelnika' 
OR ADRES.ULICA = 'Karmelicka'
;
REM INSERTING into PROJEKT_OSWIECIMSKA_SPYTKOWSKA_GLOD.ADRES
SET DEFINE OFF;
Insert into PROJEKT_OSWIECIMSKA_SPYTKOWSKA_GLOD.ADRES (ID_ADRES,MIEJSCOWOSC,ULICA,NR_ULICY_BUDYNEK,KOD_POCZTOWY) values ('1','Kraków','Krupnicza','1','31-123');
Insert into PROJEKT_OSWIECIMSKA_SPYTKOWSKA_GLOD.ADRES (ID_ADRES,MIEJSCOWOSC,ULICA,NR_ULICY_BUDYNEK,KOD_POCZTOWY) values ('2','Kraków','Grodzka','5','31-124');
Insert into PROJEKT_OSWIECIMSKA_SPYTKOWSKA_GLOD.ADRES (ID_ADRES,MIEJSCOWOSC,ULICA,NR_ULICY_BUDYNEK,KOD_POCZTOWY) values ('3','Kraków','Rynek G³ówny','1','31-125');
Insert into PROJEKT_OSWIECIMSKA_SPYTKOWSKA_GLOD.ADRES (ID_ADRES,MIEJSCOWOSC,ULICA,NR_ULICY_BUDYNEK,KOD_POCZTOWY) values ('4','Kraków','Mariacka','3','31-126');
Insert into PROJEKT_OSWIECIMSKA_SPYTKOWSKA_GLOD.ADRES (ID_ADRES,MIEJSCOWOSC,ULICA,NR_ULICY_BUDYNEK,KOD_POCZTOWY) values ('5','Kraków','Krowoderska','1','31-127');
Insert into PROJEKT_OSWIECIMSKA_SPYTKOWSKA_GLOD.ADRES (ID_ADRES,MIEJSCOWOSC,ULICA,NR_ULICY_BUDYNEK,KOD_POCZTOWY) values ('6','Kraków','S³awkowska','5','31-128');
Insert into PROJEKT_OSWIECIMSKA_SPYTKOWSKA_GLOD.ADRES (ID_ADRES,MIEJSCOWOSC,ULICA,NR_ULICY_BUDYNEK,KOD_POCZTOWY) values ('7','Kraków','Starowiœlna','1','31-129');
Insert into PROJEKT_OSWIECIMSKA_SPYTKOWSKA_GLOD.ADRES (ID_ADRES,MIEJSCOWOSC,ULICA,NR_ULICY_BUDYNEK,KOD_POCZTOWY) values ('8','Kraków','Wielicka','3','31-130');
Insert into PROJEKT_OSWIECIMSKA_SPYTKOWSKA_GLOD.ADRES (ID_ADRES,MIEJSCOWOSC,ULICA,NR_ULICY_BUDYNEK,KOD_POCZTOWY) values ('9','Kraków','Karmelicka','1','31-131');
Insert into PROJEKT_OSWIECIMSKA_SPYTKOWSKA_GLOD.ADRES (ID_ADRES,MIEJSCOWOSC,ULICA,NR_ULICY_BUDYNEK,KOD_POCZTOWY) values ('10','Kraków','Krakowska','5','31-132');
Insert into PROJEKT_OSWIECIMSKA_SPYTKOWSKA_GLOD.ADRES (ID_ADRES,MIEJSCOWOSC,ULICA,NR_ULICY_BUDYNEK,KOD_POCZTOWY) values ('11','Kraków','S³onczena','12','31-123');
Insert into PROJEKT_OSWIECIMSKA_SPYTKOWSKA_GLOD.ADRES (ID_ADRES,MIEJSCOWOSC,ULICA,NR_ULICY_BUDYNEK,KOD_POCZTOWY) values ('12','Kraków','Orawska','2','31-124');
Insert into PROJEKT_OSWIECIMSKA_SPYTKOWSKA_GLOD.ADRES (ID_ADRES,MIEJSCOWOSC,ULICA,NR_ULICY_BUDYNEK,KOD_POCZTOWY) values ('13','Kraków','Marii Konopnickiej','3','31-125');
Insert into PROJEKT_OSWIECIMSKA_SPYTKOWSKA_GLOD.ADRES (ID_ADRES,MIEJSCOWOSC,ULICA,NR_ULICY_BUDYNEK,KOD_POCZTOWY) values ('14','Kraków','Krakowska','4','31-126');
Insert into PROJEKT_OSWIECIMSKA_SPYTKOWSKA_GLOD.ADRES (ID_ADRES,MIEJSCOWOSC,ULICA,NR_ULICY_BUDYNEK,KOD_POCZTOWY) values ('15','Kraków','Wroc³awska','5','31-127');
Insert into PROJEKT_OSWIECIMSKA_SPYTKOWSKA_GLOD.ADRES (ID_ADRES,MIEJSCOWOSC,ULICA,NR_ULICY_BUDYNEK,KOD_POCZTOWY) values ('16','Kraków','Królewska','6','31-128');
Insert into PROJEKT_OSWIECIMSKA_SPYTKOWSKA_GLOD.ADRES (ID_ADRES,MIEJSCOWOSC,ULICA,NR_ULICY_BUDYNEK,KOD_POCZTOWY) values ('17','Kraków','Lwowska','7','31-129');
Insert into PROJEKT_OSWIECIMSKA_SPYTKOWSKA_GLOD.ADRES (ID_ADRES,MIEJSCOWOSC,ULICA,NR_ULICY_BUDYNEK,KOD_POCZTOWY) values ('18','Kraków','Kazimierza Wielkiego','8','31-130');
Insert into PROJEKT_OSWIECIMSKA_SPYTKOWSKA_GLOD.ADRES (ID_ADRES,MIEJSCOWOSC,ULICA,NR_ULICY_BUDYNEK,KOD_POCZTOWY) values ('19','Kraków','Jana Paw³a II','9','31-131');
Insert into PROJEKT_OSWIECIMSKA_SPYTKOWSKA_GLOD.ADRES (ID_ADRES,MIEJSCOWOSC,ULICA,NR_ULICY_BUDYNEK,KOD_POCZTOWY) values ('20','Kraków','Koz³owskiego','10','31-132');
Insert into PROJEKT_OSWIECIMSKA_SPYTKOWSKA_GLOD.ADRES (ID_ADRES,MIEJSCOWOSC,ULICA,NR_ULICY_BUDYNEK,KOD_POCZTOWY) values ('21','R¹czna','3 Maja','1','31-200');
Insert into PROJEKT_OSWIECIMSKA_SPYTKOWSKA_GLOD.ADRES (ID_ADRES,MIEJSCOWOSC,ULICA,NR_ULICY_BUDYNEK,KOD_POCZTOWY) values ('22','Zielonki','Grunwaldzka','2','31-201');
Insert into PROJEKT_OSWIECIMSKA_SPYTKOWSKA_GLOD.ADRES (ID_ADRES,MIEJSCOWOSC,ULICA,NR_ULICY_BUDYNEK,KOD_POCZTOWY) values ('23','Wieliczka','Andersa','3','31-202');
Insert into PROJEKT_OSWIECIMSKA_SPYTKOWSKA_GLOD.ADRES (ID_ADRES,MIEJSCOWOSC,ULICA,NR_ULICY_BUDYNEK,KOD_POCZTOWY) values ('24','Skawina','Bagienna','4','31-203');
Insert into PROJEKT_OSWIECIMSKA_SPYTKOWSKA_GLOD.ADRES (ID_ADRES,MIEJSCOWOSC,ULICA,NR_ULICY_BUDYNEK,KOD_POCZTOWY) values ('25','Bochnia','Bema','5','31-204');
Insert into PROJEKT_OSWIECIMSKA_SPYTKOWSKA_GLOD.ADRES (ID_ADRES,MIEJSCOWOSC,ULICA,NR_ULICY_BUDYNEK,KOD_POCZTOWY) values ('26','Myœlenice','Chlebowa','6','31-205');
Insert into PROJEKT_OSWIECIMSKA_SPYTKOWSKA_GLOD.ADRES (ID_ADRES,MIEJSCOWOSC,ULICA,NR_ULICY_BUDYNEK,KOD_POCZTOWY) values ('27','Piekary','Dolna','7','31-206');
Insert into PROJEKT_OSWIECIMSKA_SPYTKOWSKA_GLOD.ADRES (ID_ADRES,MIEJSCOWOSC,ULICA,NR_ULICY_BUDYNEK,KOD_POCZTOWY) values ('28','Liszki','Chmielna','8','31-207');
Insert into PROJEKT_OSWIECIMSKA_SPYTKOWSKA_GLOD.ADRES (ID_ADRES,MIEJSCOWOSC,ULICA,NR_ULICY_BUDYNEK,KOD_POCZTOWY) values ('29','Zabierzów','Duchacka','9','31-208');
Insert into PROJEKT_OSWIECIMSKA_SPYTKOWSKA_GLOD.ADRES (ID_ADRES,MIEJSCOWOSC,ULICA,NR_ULICY_BUDYNEK,KOD_POCZTOWY) values ('30','Wêgrzce','Cisowa','10','31-209');
Insert into PROJEKT_OSWIECIMSKA_SPYTKOWSKA_GLOD.ADRES (ID_ADRES,MIEJSCOWOSC,ULICA,NR_ULICY_BUDYNEK,KOD_POCZTOWY) values ('31','Kraków','Aleja Krasiñskiego','1','31-300');
Insert into PROJEKT_OSWIECIMSKA_SPYTKOWSKA_GLOD.ADRES (ID_ADRES,MIEJSCOWOSC,ULICA,NR_ULICY_BUDYNEK,KOD_POCZTOWY) values ('32','Kraków','Pi³sudskiego','2','31-301');
Insert into PROJEKT_OSWIECIMSKA_SPYTKOWSKA_GLOD.ADRES (ID_ADRES,MIEJSCOWOSC,ULICA,NR_ULICY_BUDYNEK,KOD_POCZTOWY) values ('33','Kraków','Stawowa','3','31-302');
Insert into PROJEKT_OSWIECIMSKA_SPYTKOWSKA_GLOD.ADRES (ID_ADRES,MIEJSCOWOSC,ULICA,NR_ULICY_BUDYNEK,KOD_POCZTOWY) values ('34','Kraków','Lubicz','4','31-303');
Insert into PROJEKT_OSWIECIMSKA_SPYTKOWSKA_GLOD.ADRES (ID_ADRES,MIEJSCOWOSC,ULICA,NR_ULICY_BUDYNEK,KOD_POCZTOWY) values ('35','Kraków','Przy Rondzie','5','31-304');
Insert into PROJEKT_OSWIECIMSKA_SPYTKOWSKA_GLOD.ADRES (ID_ADRES,MIEJSCOWOSC,ULICA,NR_ULICY_BUDYNEK,KOD_POCZTOWY) values ('36','Kraków','Wita Stwosza','6','31-305');
Insert into PROJEKT_OSWIECIMSKA_SPYTKOWSKA_GLOD.ADRES (ID_ADRES,MIEJSCOWOSC,ULICA,NR_ULICY_BUDYNEK,KOD_POCZTOWY) values ('37','Kraków','Karmelicka','7','31-306');
Insert into PROJEKT_OSWIECIMSKA_SPYTKOWSKA_GLOD.ADRES (ID_ADRES,MIEJSCOWOSC,ULICA,NR_ULICY_BUDYNEK,KOD_POCZTOWY) values ('38','Kraków','Czarnowiejska','8','31-307');
Insert into PROJEKT_OSWIECIMSKA_SPYTKOWSKA_GLOD.ADRES (ID_ADRES,MIEJSCOWOSC,ULICA,NR_ULICY_BUDYNEK,KOD_POCZTOWY) values ('39','Kraków','Floriañska','9','31-308');
Insert into PROJEKT_OSWIECIMSKA_SPYTKOWSKA_GLOD.ADRES (ID_ADRES,MIEJSCOWOSC,ULICA,NR_ULICY_BUDYNEK,KOD_POCZTOWY) values ('40','Kraków','Dietla','10','31-309');
Insert into PROJEKT_OSWIECIMSKA_SPYTKOWSKA_GLOD.ADRES (ID_ADRES,MIEJSCOWOSC,ULICA,NR_ULICY_BUDYNEK,KOD_POCZTOWY) values ('41','Kraków','Planty','1','31-400');
Insert into PROJEKT_OSWIECIMSKA_SPYTKOWSKA_GLOD.ADRES (ID_ADRES,MIEJSCOWOSC,ULICA,NR_ULICY_BUDYNEK,KOD_POCZTOWY) values ('42','Kraków','Filipowicza','2','31-401');
Insert into PROJEKT_OSWIECIMSKA_SPYTKOWSKA_GLOD.ADRES (ID_ADRES,MIEJSCOWOSC,ULICA,NR_ULICY_BUDYNEK,KOD_POCZTOWY) values ('43','Kraków','Gazowa','3','31-402');
Insert into PROJEKT_OSWIECIMSKA_SPYTKOWSKA_GLOD.ADRES (ID_ADRES,MIEJSCOWOSC,ULICA,NR_ULICY_BUDYNEK,KOD_POCZTOWY) values ('44','Kraków','Stare Miasto','4','31-403');
Insert into PROJEKT_OSWIECIMSKA_SPYTKOWSKA_GLOD.ADRES (ID_ADRES,MIEJSCOWOSC,ULICA,NR_ULICY_BUDYNEK,KOD_POCZTOWY) values ('45','Kraków','Grottgera','5','31-404');
Insert into PROJEKT_OSWIECIMSKA_SPYTKOWSKA_GLOD.ADRES (ID_ADRES,MIEJSCOWOSC,ULICA,NR_ULICY_BUDYNEK,KOD_POCZTOWY) values ('46','Kraków','Rakowicka','6','31-405');
Insert into PROJEKT_OSWIECIMSKA_SPYTKOWSKA_GLOD.ADRES (ID_ADRES,MIEJSCOWOSC,ULICA,NR_ULICY_BUDYNEK,KOD_POCZTOWY) values ('47','Kraków','Stradomska','7','31-406');
Insert into PROJEKT_OSWIECIMSKA_SPYTKOWSKA_GLOD.ADRES (ID_ADRES,MIEJSCOWOSC,ULICA,NR_ULICY_BUDYNEK,KOD_POCZTOWY) values ('48','Kraków','S³owackiego','8','31-407');
Insert into PROJEKT_OSWIECIMSKA_SPYTKOWSKA_GLOD.ADRES (ID_ADRES,MIEJSCOWOSC,ULICA,NR_ULICY_BUDYNEK,KOD_POCZTOWY) values ('49','Kraków','Halszki','9','31-408');
Insert into PROJEKT_OSWIECIMSKA_SPYTKOWSKA_GLOD.ADRES (ID_ADRES,MIEJSCOWOSC,ULICA,NR_ULICY_BUDYNEK,KOD_POCZTOWY) values ('50','Kraków','Koœciuszki','10','31-409');
Insert into PROJEKT_OSWIECIMSKA_SPYTKOWSKA_GLOD.ADRES (ID_ADRES,MIEJSCOWOSC,ULICA,NR_ULICY_BUDYNEK,KOD_POCZTOWY) values ('51','Libertów','Hofmana','1','32-200');
Insert into PROJEKT_OSWIECIMSKA_SPYTKOWSKA_GLOD.ADRES (ID_ADRES,MIEJSCOWOSC,ULICA,NR_ULICY_BUDYNEK,KOD_POCZTOWY) values ('52','Gaj','Inwalidów','2','32-201');
Insert into PROJEKT_OSWIECIMSKA_SPYTKOWSKA_GLOD.ADRES (ID_ADRES,MIEJSCOWOSC,ULICA,NR_ULICY_BUDYNEK,KOD_POCZTOWY) values ('53','Mogilany','Jaglana','3','32-202');
Insert into PROJEKT_OSWIECIMSKA_SPYTKOWSKA_GLOD.ADRES (ID_ADRES,MIEJSCOWOSC,ULICA,NR_ULICY_BUDYNEK,KOD_POCZTOWY) values ('54','Kokotów','Kajzera','4','32-203');
Insert into PROJEKT_OSWIECIMSKA_SPYTKOWSKA_GLOD.ADRES (ID_ADRES,MIEJSCOWOSC,ULICA,NR_ULICY_BUDYNEK,KOD_POCZTOWY) values ('55','Kryspinów','Letnia','5','32-204');
Insert into PROJEKT_OSWIECIMSKA_SPYTKOWSKA_GLOD.ADRES (ID_ADRES,MIEJSCOWOSC,ULICA,NR_ULICY_BUDYNEK,KOD_POCZTOWY) values ('56','Modlnica','Majora','6','32-205');
Insert into PROJEKT_OSWIECIMSKA_SPYTKOWSKA_GLOD.ADRES (ID_ADRES,MIEJSCOWOSC,ULICA,NR_ULICY_BUDYNEK,KOD_POCZTOWY) values ('57','Balice','Kalwaryjska','7','32-206');
Insert into PROJEKT_OSWIECIMSKA_SPYTKOWSKA_GLOD.ADRES (ID_ADRES,MIEJSCOWOSC,ULICA,NR_ULICY_BUDYNEK,KOD_POCZTOWY) values ('58','Wieliczka','D³uga','87','31-202');
Insert into PROJEKT_OSWIECIMSKA_SPYTKOWSKA_GLOD.ADRES (ID_ADRES,MIEJSCOWOSC,ULICA,NR_ULICY_BUDYNEK,KOD_POCZTOWY) values ('59','Skawina','Leœna','12','31-203');
Insert into PROJEKT_OSWIECIMSKA_SPYTKOWSKA_GLOD.ADRES (ID_ADRES,MIEJSCOWOSC,ULICA,NR_ULICY_BUDYNEK,KOD_POCZTOWY) values ('60','Wieliczka','Mickiewicza','10','31-202');
Insert into PROJEKT_OSWIECIMSKA_SPYTKOWSKA_GLOD.ADRES (ID_ADRES,MIEJSCOWOSC,ULICA,NR_ULICY_BUDYNEK,KOD_POCZTOWY) values ('61','Kraków','Floriañska','15','31-308');
Insert into PROJEKT_OSWIECIMSKA_SPYTKOWSKA_GLOD.ADRES (ID_ADRES,MIEJSCOWOSC,ULICA,NR_ULICY_BUDYNEK,KOD_POCZTOWY) values ('62','Kraków','Igo³omska','19','31-983');
Insert into PROJEKT_OSWIECIMSKA_SPYTKOWSKA_GLOD.ADRES (ID_ADRES,MIEJSCOWOSC,ULICA,NR_ULICY_BUDYNEK,KOD_POCZTOWY) values ('63','Kraków','Pokoju','29','31-306');
Insert into PROJEKT_OSWIECIMSKA_SPYTKOWSKA_GLOD.ADRES (ID_ADRES,MIEJSCOWOSC,ULICA,NR_ULICY_BUDYNEK,KOD_POCZTOWY) values ('64','Kraków','Pustelnika','3','31-309');
Insert into PROJEKT_OSWIECIMSKA_SPYTKOWSKA_GLOD.ADRES (ID_ADRES,MIEJSCOWOSC,ULICA,NR_ULICY_BUDYNEK,KOD_POCZTOWY) values ('65','Kraków','Pustelnika','21','31-309');
REM INSERTING into PROJEKT_OSWIECIMSKA_SPYTKOWSKA_GLOD.FUNKCJA
SET DEFINE OFF;
Insert into PROJEKT_OSWIECIMSKA_SPYTKOWSKA_GLOD.FUNKCJA (ID_FUNKCJA,NAZWA_FUNKCJA) values ('1','Przewodnicz¹cy komitetu szkolnego');
Insert into PROJEKT_OSWIECIMSKA_SPYTKOWSKA_GLOD.FUNKCJA (ID_FUNKCJA,NAZWA_FUNKCJA) values ('2','Zastêca przewodnicz¹cego komitetu szkolnego');
Insert into PROJEKT_OSWIECIMSKA_SPYTKOWSKA_GLOD.FUNKCJA (ID_FUNKCJA,NAZWA_FUNKCJA) values ('3','Skarbnik szkolny');
Insert into PROJEKT_OSWIECIMSKA_SPYTKOWSKA_GLOD.FUNKCJA (ID_FUNKCJA,NAZWA_FUNKCJA) values ('4','Cz³onek komitetu szkolnego');
Insert into PROJEKT_OSWIECIMSKA_SPYTKOWSKA_GLOD.FUNKCJA (ID_FUNKCJA,NAZWA_FUNKCJA) values ('5','Przewodnicz¹cy komitetu klasowego');
Insert into PROJEKT_OSWIECIMSKA_SPYTKOWSKA_GLOD.FUNKCJA (ID_FUNKCJA,NAZWA_FUNKCJA) values ('6','Zastêpca przewodnicz¹cego komitetu klasowego');
Insert into PROJEKT_OSWIECIMSKA_SPYTKOWSKA_GLOD.FUNKCJA (ID_FUNKCJA,NAZWA_FUNKCJA) values ('7','Skarbnik klasowy');
Insert into PROJEKT_OSWIECIMSKA_SPYTKOWSKA_GLOD.FUNKCJA (ID_FUNKCJA,NAZWA_FUNKCJA) values ('8','Cz³onek komitetu klasowego');
Insert into PROJEKT_OSWIECIMSKA_SPYTKOWSKA_GLOD.FUNKCJA (ID_FUNKCJA,NAZWA_FUNKCJA) values ('9','Przewodnicz¹cy kó³ka muzycznego');
Insert into PROJEKT_OSWIECIMSKA_SPYTKOWSKA_GLOD.FUNKCJA (ID_FUNKCJA,NAZWA_FUNKCJA) values ('10','Cz³onek kó³ka muzycznego');
Insert into PROJEKT_OSWIECIMSKA_SPYTKOWSKA_GLOD.FUNKCJA (ID_FUNKCJA,NAZWA_FUNKCJA) values ('11','Przewodnicz¹cy kó³ka teatralnego');
Insert into PROJEKT_OSWIECIMSKA_SPYTKOWSKA_GLOD.FUNKCJA (ID_FUNKCJA,NAZWA_FUNKCJA) values ('12','Cz³onek kó³ka teatralnego');
Insert into PROJEKT_OSWIECIMSKA_SPYTKOWSKA_GLOD.FUNKCJA (ID_FUNKCJA,NAZWA_FUNKCJA) values ('13','Przewodnicz¹cy kó³ka tanecznego');
Insert into PROJEKT_OSWIECIMSKA_SPYTKOWSKA_GLOD.FUNKCJA (ID_FUNKCJA,NAZWA_FUNKCJA) values ('14','Cz³onek kó³ka tanecznego');
Insert into PROJEKT_OSWIECIMSKA_SPYTKOWSKA_GLOD.FUNKCJA (ID_FUNKCJA,NAZWA_FUNKCJA) values ('15','Przewodnicz¹cy klubu sportowego');
Insert into PROJEKT_OSWIECIMSKA_SPYTKOWSKA_GLOD.FUNKCJA (ID_FUNKCJA,NAZWA_FUNKCJA) values ('16','Cz³onek klubu sportowego');
Insert into PROJEKT_OSWIECIMSKA_SPYTKOWSKA_GLOD.FUNKCJA (ID_FUNKCJA,NAZWA_FUNKCJA) values ('17','Przewodnicz¹cy kó³ka jêzykowego');
Insert into PROJEKT_OSWIECIMSKA_SPYTKOWSKA_GLOD.FUNKCJA (ID_FUNKCJA,NAZWA_FUNKCJA) values ('18','Cz³onek kó³ka jêzykowego');
Insert into PROJEKT_OSWIECIMSKA_SPYTKOWSKA_GLOD.FUNKCJA (ID_FUNKCJA,NAZWA_FUNKCJA) values ('19','Redaktor szkolnego czasopisma');
Insert into PROJEKT_OSWIECIMSKA_SPYTKOWSKA_GLOD.FUNKCJA (ID_FUNKCJA,NAZWA_FUNKCJA) values ('20','Redaktor szkolnej strony internetowej');
REM INSERTING into PROJEKT_OSWIECIMSKA_SPYTKOWSKA_GLOD.GRUPY
SET DEFINE OFF;
Insert into PROJEKT_OSWIECIMSKA_SPYTKOWSKA_GLOD.GRUPY (ID_GRUPA,NAZWA_GRUPA) values ('1','1A');
Insert into PROJEKT_OSWIECIMSKA_SPYTKOWSKA_GLOD.GRUPY (ID_GRUPA,NAZWA_GRUPA) values ('2','1B');
Insert into PROJEKT_OSWIECIMSKA_SPYTKOWSKA_GLOD.GRUPY (ID_GRUPA,NAZWA_GRUPA) values ('3','2A');
Insert into PROJEKT_OSWIECIMSKA_SPYTKOWSKA_GLOD.GRUPY (ID_GRUPA,NAZWA_GRUPA) values ('4','2B');
Insert into PROJEKT_OSWIECIMSKA_SPYTKOWSKA_GLOD.GRUPY (ID_GRUPA,NAZWA_GRUPA) values ('5','3A');
Insert into PROJEKT_OSWIECIMSKA_SPYTKOWSKA_GLOD.GRUPY (ID_GRUPA,NAZWA_GRUPA) values ('6','3B');
Insert into PROJEKT_OSWIECIMSKA_SPYTKOWSKA_GLOD.GRUPY (ID_GRUPA,NAZWA_GRUPA) values ('7','4A');
Insert into PROJEKT_OSWIECIMSKA_SPYTKOWSKA_GLOD.GRUPY (ID_GRUPA,NAZWA_GRUPA) values ('8','4B');
Insert into PROJEKT_OSWIECIMSKA_SPYTKOWSKA_GLOD.GRUPY (ID_GRUPA,NAZWA_GRUPA) values ('9','5A');
Insert into PROJEKT_OSWIECIMSKA_SPYTKOWSKA_GLOD.GRUPY (ID_GRUPA,NAZWA_GRUPA) values ('10','5B');
Insert into PROJEKT_OSWIECIMSKA_SPYTKOWSKA_GLOD.GRUPY (ID_GRUPA,NAZWA_GRUPA) values ('11','6A');
Insert into PROJEKT_OSWIECIMSKA_SPYTKOWSKA_GLOD.GRUPY (ID_GRUPA,NAZWA_GRUPA) values ('12','6B');
Insert into PROJEKT_OSWIECIMSKA_SPYTKOWSKA_GLOD.GRUPY (ID_GRUPA,NAZWA_GRUPA) values ('13','7A');
Insert into PROJEKT_OSWIECIMSKA_SPYTKOWSKA_GLOD.GRUPY (ID_GRUPA,NAZWA_GRUPA) values ('14','7B');
Insert into PROJEKT_OSWIECIMSKA_SPYTKOWSKA_GLOD.GRUPY (ID_GRUPA,NAZWA_GRUPA) values ('15','8A');
Insert into PROJEKT_OSWIECIMSKA_SPYTKOWSKA_GLOD.GRUPY (ID_GRUPA,NAZWA_GRUPA) values ('16','8B');
REM INSERTING into PROJEKT_OSWIECIMSKA_SPYTKOWSKA_GLOD.KLASA_GRUPA_UCZEN
SET DEFINE OFF;
Insert into PROJEKT_OSWIECIMSKA_SPYTKOWSKA_GLOD.KLASA_GRUPA_UCZEN (ID_KLASA_GRUPA_UCZEN,ID_UCZEN_KLASA,ID_GRUPA) values ('1','1','1');
Insert into PROJEKT_OSWIECIMSKA_SPYTKOWSKA_GLOD.KLASA_GRUPA_UCZEN (ID_KLASA_GRUPA_UCZEN,ID_UCZEN_KLASA,ID_GRUPA) values ('2','2','1');
Insert into PROJEKT_OSWIECIMSKA_SPYTKOWSKA_GLOD.KLASA_GRUPA_UCZEN (ID_KLASA_GRUPA_UCZEN,ID_UCZEN_KLASA,ID_GRUPA) values ('3','3','1');
Insert into PROJEKT_OSWIECIMSKA_SPYTKOWSKA_GLOD.KLASA_GRUPA_UCZEN (ID_KLASA_GRUPA_UCZEN,ID_UCZEN_KLASA,ID_GRUPA) values ('4','4','2');
Insert into PROJEKT_OSWIECIMSKA_SPYTKOWSKA_GLOD.KLASA_GRUPA_UCZEN (ID_KLASA_GRUPA_UCZEN,ID_UCZEN_KLASA,ID_GRUPA) values ('5','5','2');
Insert into PROJEKT_OSWIECIMSKA_SPYTKOWSKA_GLOD.KLASA_GRUPA_UCZEN (ID_KLASA_GRUPA_UCZEN,ID_UCZEN_KLASA,ID_GRUPA) values ('6','6','3');
Insert into PROJEKT_OSWIECIMSKA_SPYTKOWSKA_GLOD.KLASA_GRUPA_UCZEN (ID_KLASA_GRUPA_UCZEN,ID_UCZEN_KLASA,ID_GRUPA) values ('7','7','3');
Insert into PROJEKT_OSWIECIMSKA_SPYTKOWSKA_GLOD.KLASA_GRUPA_UCZEN (ID_KLASA_GRUPA_UCZEN,ID_UCZEN_KLASA,ID_GRUPA) values ('8','8','3');
Insert into PROJEKT_OSWIECIMSKA_SPYTKOWSKA_GLOD.KLASA_GRUPA_UCZEN (ID_KLASA_GRUPA_UCZEN,ID_UCZEN_KLASA,ID_GRUPA) values ('9','9','3');
Insert into PROJEKT_OSWIECIMSKA_SPYTKOWSKA_GLOD.KLASA_GRUPA_UCZEN (ID_KLASA_GRUPA_UCZEN,ID_UCZEN_KLASA,ID_GRUPA) values ('10','10','4');
Insert into PROJEKT_OSWIECIMSKA_SPYTKOWSKA_GLOD.KLASA_GRUPA_UCZEN (ID_KLASA_GRUPA_UCZEN,ID_UCZEN_KLASA,ID_GRUPA) values ('11','11','4');
Insert into PROJEKT_OSWIECIMSKA_SPYTKOWSKA_GLOD.KLASA_GRUPA_UCZEN (ID_KLASA_GRUPA_UCZEN,ID_UCZEN_KLASA,ID_GRUPA) values ('12','12','4');
Insert into PROJEKT_OSWIECIMSKA_SPYTKOWSKA_GLOD.KLASA_GRUPA_UCZEN (ID_KLASA_GRUPA_UCZEN,ID_UCZEN_KLASA,ID_GRUPA) values ('13','13','4');
Insert into PROJEKT_OSWIECIMSKA_SPYTKOWSKA_GLOD.KLASA_GRUPA_UCZEN (ID_KLASA_GRUPA_UCZEN,ID_UCZEN_KLASA,ID_GRUPA) values ('14','14','4');
Insert into PROJEKT_OSWIECIMSKA_SPYTKOWSKA_GLOD.KLASA_GRUPA_UCZEN (ID_KLASA_GRUPA_UCZEN,ID_UCZEN_KLASA,ID_GRUPA) values ('15','15','4');
Insert into PROJEKT_OSWIECIMSKA_SPYTKOWSKA_GLOD.KLASA_GRUPA_UCZEN (ID_KLASA_GRUPA_UCZEN,ID_UCZEN_KLASA,ID_GRUPA) values ('16','16','4');
Insert into PROJEKT_OSWIECIMSKA_SPYTKOWSKA_GLOD.KLASA_GRUPA_UCZEN (ID_KLASA_GRUPA_UCZEN,ID_UCZEN_KLASA,ID_GRUPA) values ('17','17','4');
Insert into PROJEKT_OSWIECIMSKA_SPYTKOWSKA_GLOD.KLASA_GRUPA_UCZEN (ID_KLASA_GRUPA_UCZEN,ID_UCZEN_KLASA,ID_GRUPA) values ('18','18','4');
Insert into PROJEKT_OSWIECIMSKA_SPYTKOWSKA_GLOD.KLASA_GRUPA_UCZEN (ID_KLASA_GRUPA_UCZEN,ID_UCZEN_KLASA,ID_GRUPA) values ('19','19','4');
Insert into PROJEKT_OSWIECIMSKA_SPYTKOWSKA_GLOD.KLASA_GRUPA_UCZEN (ID_KLASA_GRUPA_UCZEN,ID_UCZEN_KLASA,ID_GRUPA) values ('20','20','4');
Insert into PROJEKT_OSWIECIMSKA_SPYTKOWSKA_GLOD.KLASA_GRUPA_UCZEN (ID_KLASA_GRUPA_UCZEN,ID_UCZEN_KLASA,ID_GRUPA) values ('21','21','5');
Insert into PROJEKT_OSWIECIMSKA_SPYTKOWSKA_GLOD.KLASA_GRUPA_UCZEN (ID_KLASA_GRUPA_UCZEN,ID_UCZEN_KLASA,ID_GRUPA) values ('22','22','5');
Insert into PROJEKT_OSWIECIMSKA_SPYTKOWSKA_GLOD.KLASA_GRUPA_UCZEN (ID_KLASA_GRUPA_UCZEN,ID_UCZEN_KLASA,ID_GRUPA) values ('23','23','5');
Insert into PROJEKT_OSWIECIMSKA_SPYTKOWSKA_GLOD.KLASA_GRUPA_UCZEN (ID_KLASA_GRUPA_UCZEN,ID_UCZEN_KLASA,ID_GRUPA) values ('24','24','5');
Insert into PROJEKT_OSWIECIMSKA_SPYTKOWSKA_GLOD.KLASA_GRUPA_UCZEN (ID_KLASA_GRUPA_UCZEN,ID_UCZEN_KLASA,ID_GRUPA) values ('25','25','5');
Insert into PROJEKT_OSWIECIMSKA_SPYTKOWSKA_GLOD.KLASA_GRUPA_UCZEN (ID_KLASA_GRUPA_UCZEN,ID_UCZEN_KLASA,ID_GRUPA) values ('26','26','5');
Insert into PROJEKT_OSWIECIMSKA_SPYTKOWSKA_GLOD.KLASA_GRUPA_UCZEN (ID_KLASA_GRUPA_UCZEN,ID_UCZEN_KLASA,ID_GRUPA) values ('27','27','5');
Insert into PROJEKT_OSWIECIMSKA_SPYTKOWSKA_GLOD.KLASA_GRUPA_UCZEN (ID_KLASA_GRUPA_UCZEN,ID_UCZEN_KLASA,ID_GRUPA) values ('28','28','6');
Insert into PROJEKT_OSWIECIMSKA_SPYTKOWSKA_GLOD.KLASA_GRUPA_UCZEN (ID_KLASA_GRUPA_UCZEN,ID_UCZEN_KLASA,ID_GRUPA) values ('29','29','6');
Insert into PROJEKT_OSWIECIMSKA_SPYTKOWSKA_GLOD.KLASA_GRUPA_UCZEN (ID_KLASA_GRUPA_UCZEN,ID_UCZEN_KLASA,ID_GRUPA) values ('30','30','6');
Insert into PROJEKT_OSWIECIMSKA_SPYTKOWSKA_GLOD.KLASA_GRUPA_UCZEN (ID_KLASA_GRUPA_UCZEN,ID_UCZEN_KLASA,ID_GRUPA) values ('31','31','6');
Insert into PROJEKT_OSWIECIMSKA_SPYTKOWSKA_GLOD.KLASA_GRUPA_UCZEN (ID_KLASA_GRUPA_UCZEN,ID_UCZEN_KLASA,ID_GRUPA) values ('32','32','6');
Insert into PROJEKT_OSWIECIMSKA_SPYTKOWSKA_GLOD.KLASA_GRUPA_UCZEN (ID_KLASA_GRUPA_UCZEN,ID_UCZEN_KLASA,ID_GRUPA) values ('33','33','6');
Insert into PROJEKT_OSWIECIMSKA_SPYTKOWSKA_GLOD.KLASA_GRUPA_UCZEN (ID_KLASA_GRUPA_UCZEN,ID_UCZEN_KLASA,ID_GRUPA) values ('34','34','6');
Insert into PROJEKT_OSWIECIMSKA_SPYTKOWSKA_GLOD.KLASA_GRUPA_UCZEN (ID_KLASA_GRUPA_UCZEN,ID_UCZEN_KLASA,ID_GRUPA) values ('35','35','7');
Insert into PROJEKT_OSWIECIMSKA_SPYTKOWSKA_GLOD.KLASA_GRUPA_UCZEN (ID_KLASA_GRUPA_UCZEN,ID_UCZEN_KLASA,ID_GRUPA) values ('36','36','7');
Insert into PROJEKT_OSWIECIMSKA_SPYTKOWSKA_GLOD.KLASA_GRUPA_UCZEN (ID_KLASA_GRUPA_UCZEN,ID_UCZEN_KLASA,ID_GRUPA) values ('37','37','7');
Insert into PROJEKT_OSWIECIMSKA_SPYTKOWSKA_GLOD.KLASA_GRUPA_UCZEN (ID_KLASA_GRUPA_UCZEN,ID_UCZEN_KLASA,ID_GRUPA) values ('38','38','7');
Insert into PROJEKT_OSWIECIMSKA_SPYTKOWSKA_GLOD.KLASA_GRUPA_UCZEN (ID_KLASA_GRUPA_UCZEN,ID_UCZEN_KLASA,ID_GRUPA) values ('39','39','7');
Insert into PROJEKT_OSWIECIMSKA_SPYTKOWSKA_GLOD.KLASA_GRUPA_UCZEN (ID_KLASA_GRUPA_UCZEN,ID_UCZEN_KLASA,ID_GRUPA) values ('40','40','7');
REM INSERTING into PROJEKT_OSWIECIMSKA_SPYTKOWSKA_GLOD.KLASY
SET DEFINE OFF;
Insert into PROJEKT_OSWIECIMSKA_SPYTKOWSKA_GLOD.KLASY (ID_KLASA,NAZWA_KLASA,WYCHOWAWCA_KLASA,ROK_SZKOLNY) values ('1','1A','1','1');
Insert into PROJEKT_OSWIECIMSKA_SPYTKOWSKA_GLOD.KLASY (ID_KLASA,NAZWA_KLASA,WYCHOWAWCA_KLASA,ROK_SZKOLNY) values ('2','2B','2','1');
Insert into PROJEKT_OSWIECIMSKA_SPYTKOWSKA_GLOD.KLASY (ID_KLASA,NAZWA_KLASA,WYCHOWAWCA_KLASA,ROK_SZKOLNY) values ('3','3C','3','1');
Insert into PROJEKT_OSWIECIMSKA_SPYTKOWSKA_GLOD.KLASY (ID_KLASA,NAZWA_KLASA,WYCHOWAWCA_KLASA,ROK_SZKOLNY) values ('4','1A','1','2');
Insert into PROJEKT_OSWIECIMSKA_SPYTKOWSKA_GLOD.KLASY (ID_KLASA,NAZWA_KLASA,WYCHOWAWCA_KLASA,ROK_SZKOLNY) values ('5','2B','2','2');
Insert into PROJEKT_OSWIECIMSKA_SPYTKOWSKA_GLOD.KLASY (ID_KLASA,NAZWA_KLASA,WYCHOWAWCA_KLASA,ROK_SZKOLNY) values ('6','3C','3','2');
Insert into PROJEKT_OSWIECIMSKA_SPYTKOWSKA_GLOD.KLASY (ID_KLASA,NAZWA_KLASA,WYCHOWAWCA_KLASA,ROK_SZKOLNY) values ('7','1A','3','3');
Insert into PROJEKT_OSWIECIMSKA_SPYTKOWSKA_GLOD.KLASY (ID_KLASA,NAZWA_KLASA,WYCHOWAWCA_KLASA,ROK_SZKOLNY) values ('8','2B','1','3');
Insert into PROJEKT_OSWIECIMSKA_SPYTKOWSKA_GLOD.KLASY (ID_KLASA,NAZWA_KLASA,WYCHOWAWCA_KLASA,ROK_SZKOLNY) values ('9','3C','2','3');
Insert into PROJEKT_OSWIECIMSKA_SPYTKOWSKA_GLOD.KLASY (ID_KLASA,NAZWA_KLASA,WYCHOWAWCA_KLASA,ROK_SZKOLNY) values ('10','1B','3','4');
Insert into PROJEKT_OSWIECIMSKA_SPYTKOWSKA_GLOD.KLASY (ID_KLASA,NAZWA_KLASA,WYCHOWAWCA_KLASA,ROK_SZKOLNY) values ('11','2C','1','4');
Insert into PROJEKT_OSWIECIMSKA_SPYTKOWSKA_GLOD.KLASY (ID_KLASA,NAZWA_KLASA,WYCHOWAWCA_KLASA,ROK_SZKOLNY) values ('12','3A','2','4');
Insert into PROJEKT_OSWIECIMSKA_SPYTKOWSKA_GLOD.KLASY (ID_KLASA,NAZWA_KLASA,WYCHOWAWCA_KLASA,ROK_SZKOLNY) values ('13','1B','2','5');
Insert into PROJEKT_OSWIECIMSKA_SPYTKOWSKA_GLOD.KLASY (ID_KLASA,NAZWA_KLASA,WYCHOWAWCA_KLASA,ROK_SZKOLNY) values ('14','2C','3','5');
Insert into PROJEKT_OSWIECIMSKA_SPYTKOWSKA_GLOD.KLASY (ID_KLASA,NAZWA_KLASA,WYCHOWAWCA_KLASA,ROK_SZKOLNY) values ('15','3A','1','5');
Insert into PROJEKT_OSWIECIMSKA_SPYTKOWSKA_GLOD.KLASY (ID_KLASA,NAZWA_KLASA,WYCHOWAWCA_KLASA,ROK_SZKOLNY) values ('16','1B','2','6');
Insert into PROJEKT_OSWIECIMSKA_SPYTKOWSKA_GLOD.KLASY (ID_KLASA,NAZWA_KLASA,WYCHOWAWCA_KLASA,ROK_SZKOLNY) values ('17','2C','3','6');
Insert into PROJEKT_OSWIECIMSKA_SPYTKOWSKA_GLOD.KLASY (ID_KLASA,NAZWA_KLASA,WYCHOWAWCA_KLASA,ROK_SZKOLNY) values ('18','3A','1','6');
Insert into PROJEKT_OSWIECIMSKA_SPYTKOWSKA_GLOD.KLASY (ID_KLASA,NAZWA_KLASA,WYCHOWAWCA_KLASA,ROK_SZKOLNY) values ('19','1C','1','7');
Insert into PROJEKT_OSWIECIMSKA_SPYTKOWSKA_GLOD.KLASY (ID_KLASA,NAZWA_KLASA,WYCHOWAWCA_KLASA,ROK_SZKOLNY) values ('20','2A','2','7');
Insert into PROJEKT_OSWIECIMSKA_SPYTKOWSKA_GLOD.KLASY (ID_KLASA,NAZWA_KLASA,WYCHOWAWCA_KLASA,ROK_SZKOLNY) values ('21','3B','3','7');
Insert into PROJEKT_OSWIECIMSKA_SPYTKOWSKA_GLOD.KLASY (ID_KLASA,NAZWA_KLASA,WYCHOWAWCA_KLASA,ROK_SZKOLNY) values ('22','1C','1','8');
Insert into PROJEKT_OSWIECIMSKA_SPYTKOWSKA_GLOD.KLASY (ID_KLASA,NAZWA_KLASA,WYCHOWAWCA_KLASA,ROK_SZKOLNY) values ('23','2A','2','8');
Insert into PROJEKT_OSWIECIMSKA_SPYTKOWSKA_GLOD.KLASY (ID_KLASA,NAZWA_KLASA,WYCHOWAWCA_KLASA,ROK_SZKOLNY) values ('24','3B','3','8');
Insert into PROJEKT_OSWIECIMSKA_SPYTKOWSKA_GLOD.KLASY (ID_KLASA,NAZWA_KLASA,WYCHOWAWCA_KLASA,ROK_SZKOLNY) values ('25','1C','3','9');
Insert into PROJEKT_OSWIECIMSKA_SPYTKOWSKA_GLOD.KLASY (ID_KLASA,NAZWA_KLASA,WYCHOWAWCA_KLASA,ROK_SZKOLNY) values ('26','2A','1','9');
Insert into PROJEKT_OSWIECIMSKA_SPYTKOWSKA_GLOD.KLASY (ID_KLASA,NAZWA_KLASA,WYCHOWAWCA_KLASA,ROK_SZKOLNY) values ('27','3B','2','9');
Insert into PROJEKT_OSWIECIMSKA_SPYTKOWSKA_GLOD.KLASY (ID_KLASA,NAZWA_KLASA,WYCHOWAWCA_KLASA,ROK_SZKOLNY) values ('28','1C','3','10');
Insert into PROJEKT_OSWIECIMSKA_SPYTKOWSKA_GLOD.KLASY (ID_KLASA,NAZWA_KLASA,WYCHOWAWCA_KLASA,ROK_SZKOLNY) values ('29','2A','1','10');
Insert into PROJEKT_OSWIECIMSKA_SPYTKOWSKA_GLOD.KLASY (ID_KLASA,NAZWA_KLASA,WYCHOWAWCA_KLASA,ROK_SZKOLNY) values ('30','3B','2','10');
REM INSERTING into PROJEKT_OSWIECIMSKA_SPYTKOWSKA_GLOD.LEKCJE
SET DEFINE OFF;
Insert into PROJEKT_OSWIECIMSKA_SPYTKOWSKA_GLOD.LEKCJE (ID_LEKCJA,TEMAT_LEKCJA,DZIEN_TYGODNIA,GODZINA_LEKCJA,CZAS_TRWANIA,ID_NAUCZ_PRZEDM_KLASA) values ('1',null,'PONIEDZIA£EK','7:30','45','1');
Insert into PROJEKT_OSWIECIMSKA_SPYTKOWSKA_GLOD.LEKCJE (ID_LEKCJA,TEMAT_LEKCJA,DZIEN_TYGODNIA,GODZINA_LEKCJA,CZAS_TRWANIA,ID_NAUCZ_PRZEDM_KLASA) values ('2','Omówienie sprawdzianu','PONIEDZIA£EK','8:25','45','2');
Insert into PROJEKT_OSWIECIMSKA_SPYTKOWSKA_GLOD.LEKCJE (ID_LEKCJA,TEMAT_LEKCJA,DZIEN_TYGODNIA,GODZINA_LEKCJA,CZAS_TRWANIA,ID_NAUCZ_PRZEDM_KLASA) values ('3','Jak powstaje myd³o? Chemiczna budowa myd³a','PONIEDZIA£EK','7:30','45','3');
Insert into PROJEKT_OSWIECIMSKA_SPYTKOWSKA_GLOD.LEKCJE (ID_LEKCJA,TEMAT_LEKCJA,DZIEN_TYGODNIA,GODZINA_LEKCJA,CZAS_TRWANIA,ID_NAUCZ_PRZEDM_KLASA) values ('4','Wprowadzenie do anatomii cz³owieka','PONIEDZIA£EK','8:25','45','4');
Insert into PROJEKT_OSWIECIMSKA_SPYTKOWSKA_GLOD.LEKCJE (ID_LEKCJA,TEMAT_LEKCJA,DZIEN_TYGODNIA,GODZINA_LEKCJA,CZAS_TRWANIA,ID_NAUCZ_PRZEDM_KLASA) values ('5','Wspó³rzêdne geograficzne','PONIEDZIA£EK','9:20','45','5');
Insert into PROJEKT_OSWIECIMSKA_SPYTKOWSKA_GLOD.LEKCJE (ID_LEKCJA,TEMAT_LEKCJA,DZIEN_TYGODNIA,GODZINA_LEKCJA,CZAS_TRWANIA,ID_NAUCZ_PRZEDM_KLASA) values ('6','II wojna œwiatowa w oczach Polski','WTOREK','10:15','90','6');
Insert into PROJEKT_OSWIECIMSKA_SPYTKOWSKA_GLOD.LEKCJE (ID_LEKCJA,TEMAT_LEKCJA,DZIEN_TYGODNIA,GODZINA_LEKCJA,CZAS_TRWANIA,ID_NAUCZ_PRZEDM_KLASA) values ('7','Podstawy obs³ugi microsoft excel','WTOREK','14:55','45','7');
Insert into PROJEKT_OSWIECIMSKA_SPYTKOWSKA_GLOD.LEKCJE (ID_LEKCJA,TEMAT_LEKCJA,DZIEN_TYGODNIA,GODZINA_LEKCJA,CZAS_TRWANIA,ID_NAUCZ_PRZEDM_KLASA) values ('8','Podstawy podatkowe','WTOREK','11:15','45','8');
Insert into PROJEKT_OSWIECIMSKA_SPYTKOWSKA_GLOD.LEKCJE (ID_LEKCJA,TEMAT_LEKCJA,DZIEN_TYGODNIA,GODZINA_LEKCJA,CZAS_TRWANIA,ID_NAUCZ_PRZEDM_KLASA) values ('9','Lata 80 w kulturze','WTOREK','10:15','90','9');
Insert into PROJEKT_OSWIECIMSKA_SPYTKOWSKA_GLOD.LEKCJE (ID_LEKCJA,TEMAT_LEKCJA,DZIEN_TYGODNIA,GODZINA_LEKCJA,CZAS_TRWANIA,ID_NAUCZ_PRZEDM_KLASA) values ('10','Wykorzystanie matematyki w ekonomii','WTOREK','9:20','90','10');
Insert into PROJEKT_OSWIECIMSKA_SPYTKOWSKA_GLOD.LEKCJE (ID_LEKCJA,TEMAT_LEKCJA,DZIEN_TYGODNIA,GODZINA_LEKCJA,CZAS_TRWANIA,ID_NAUCZ_PRZEDM_KLASA) values ('11','Interpretacja obrazów - porusz wyobraŸniê!','ŒRODA','7:30','45','11');
Insert into PROJEKT_OSWIECIMSKA_SPYTKOWSKA_GLOD.LEKCJE (ID_LEKCJA,TEMAT_LEKCJA,DZIEN_TYGODNIA,GODZINA_LEKCJA,CZAS_TRWANIA,ID_NAUCZ_PRZEDM_KLASA) values ('12','Jakie religie znamy?','ŒRODA','12:10','45','12');
Insert into PROJEKT_OSWIECIMSKA_SPYTKOWSKA_GLOD.LEKCJE (ID_LEKCJA,TEMAT_LEKCJA,DZIEN_TYGODNIA,GODZINA_LEKCJA,CZAS_TRWANIA,ID_NAUCZ_PRZEDM_KLASA) values ('13',null,'ŒRODA','8:25','45','13');
Insert into PROJEKT_OSWIECIMSKA_SPYTKOWSKA_GLOD.LEKCJE (ID_LEKCJA,TEMAT_LEKCJA,DZIEN_TYGODNIA,GODZINA_LEKCJA,CZAS_TRWANIA,ID_NAUCZ_PRZEDM_KLASA) values ('14','Nauka nut i pisania w piêciolinii.','ŒRODA','9:20','90','14');
Insert into PROJEKT_OSWIECIMSKA_SPYTKOWSKA_GLOD.LEKCJE (ID_LEKCJA,TEMAT_LEKCJA,DZIEN_TYGODNIA,GODZINA_LEKCJA,CZAS_TRWANIA,ID_NAUCZ_PRZEDM_KLASA) values ('15','Mieszanie kolorów - nauka palety','ŒRODA','14:55','45','15');
Insert into PROJEKT_OSWIECIMSKA_SPYTKOWSKA_GLOD.LEKCJE (ID_LEKCJA,TEMAT_LEKCJA,DZIEN_TYGODNIA,GODZINA_LEKCJA,CZAS_TRWANIA,ID_NAUCZ_PRZEDM_KLASA) values ('16','Pismo techniczne cz.1.','ŒRODA','12:10','45','16');
Insert into PROJEKT_OSWIECIMSKA_SPYTKOWSKA_GLOD.LEKCJE (ID_LEKCJA,TEMAT_LEKCJA,DZIEN_TYGODNIA,GODZINA_LEKCJA,CZAS_TRWANIA,ID_NAUCZ_PRZEDM_KLASA) values ('17','Romantyzm w Polsce.','CZWARTEK','8:25','45','17');
Insert into PROJEKT_OSWIECIMSKA_SPYTKOWSKA_GLOD.LEKCJE (ID_LEKCJA,TEMAT_LEKCJA,DZIEN_TYGODNIA,GODZINA_LEKCJA,CZAS_TRWANIA,ID_NAUCZ_PRZEDM_KLASA) values ('18','Present Simple - introducion','CZWARTEK','7:30','45','18');
Insert into PROJEKT_OSWIECIMSKA_SPYTKOWSKA_GLOD.LEKCJE (ID_LEKCJA,TEMAT_LEKCJA,DZIEN_TYGODNIA,GODZINA_LEKCJA,CZAS_TRWANIA,ID_NAUCZ_PRZEDM_KLASA) values ('19','Œpiewanie kolêd po w³osku','CZWARTEK','11:15','45','19');
Insert into PROJEKT_OSWIECIMSKA_SPYTKOWSKA_GLOD.LEKCJE (ID_LEKCJA,TEMAT_LEKCJA,DZIEN_TYGODNIA,GODZINA_LEKCJA,CZAS_TRWANIA,ID_NAUCZ_PRZEDM_KLASA) values ('20','Wo wohnst du?','CZWARTEK','9:20','90','20');
Insert into PROJEKT_OSWIECIMSKA_SPYTKOWSKA_GLOD.LEKCJE (ID_LEKCJA,TEMAT_LEKCJA,DZIEN_TYGODNIA,GODZINA_LEKCJA,CZAS_TRWANIA,ID_NAUCZ_PRZEDM_KLASA) values ('21',null,'CZWARTEK','7:30','45','21');
Insert into PROJEKT_OSWIECIMSKA_SPYTKOWSKA_GLOD.LEKCJE (ID_LEKCJA,TEMAT_LEKCJA,DZIEN_TYGODNIA,GODZINA_LEKCJA,CZAS_TRWANIA,ID_NAUCZ_PRZEDM_KLASA) values ('22','Que?','CZWARTEK','13:05','45','22');
Insert into PROJEKT_OSWIECIMSKA_SPYTKOWSKA_GLOD.LEKCJE (ID_LEKCJA,TEMAT_LEKCJA,DZIEN_TYGODNIA,GODZINA_LEKCJA,CZAS_TRWANIA,ID_NAUCZ_PRZEDM_KLASA) values ('23','Nauka pisania rozprawki','PI¥TEK','7:30','45','17');
Insert into PROJEKT_OSWIECIMSKA_SPYTKOWSKA_GLOD.LEKCJE (ID_LEKCJA,TEMAT_LEKCJA,DZIEN_TYGODNIA,GODZINA_LEKCJA,CZAS_TRWANIA,ID_NAUCZ_PRZEDM_KLASA) values ('24','Human body','PI¥TEK','8:25','45','18');
Insert into PROJEKT_OSWIECIMSKA_SPYTKOWSKA_GLOD.LEKCJE (ID_LEKCJA,TEMAT_LEKCJA,DZIEN_TYGODNIA,GODZINA_LEKCJA,CZAS_TRWANIA,ID_NAUCZ_PRZEDM_KLASA) values ('25',null,'PI¥TEK','14:55','45','19');
Insert into PROJEKT_OSWIECIMSKA_SPYTKOWSKA_GLOD.LEKCJE (ID_LEKCJA,TEMAT_LEKCJA,DZIEN_TYGODNIA,GODZINA_LEKCJA,CZAS_TRWANIA,ID_NAUCZ_PRZEDM_KLASA) values ('26',null,'PI¥TEK','12:10','45','20');
Insert into PROJEKT_OSWIECIMSKA_SPYTKOWSKA_GLOD.LEKCJE (ID_LEKCJA,TEMAT_LEKCJA,DZIEN_TYGODNIA,GODZINA_LEKCJA,CZAS_TRWANIA,ID_NAUCZ_PRZEDM_KLASA) values ('27','Lekcja organizacyjna','PI¥TEK','9:20','45','21');
Insert into PROJEKT_OSWIECIMSKA_SPYTKOWSKA_GLOD.LEKCJE (ID_LEKCJA,TEMAT_LEKCJA,DZIEN_TYGODNIA,GODZINA_LEKCJA,CZAS_TRWANIA,ID_NAUCZ_PRZEDM_KLASA) values ('28','Omówienie wyników testu','PI¥TEK','13:05','45','22');
Insert into PROJEKT_OSWIECIMSKA_SPYTKOWSKA_GLOD.LEKCJE (ID_LEKCJA,TEMAT_LEKCJA,DZIEN_TYGODNIA,GODZINA_LEKCJA,CZAS_TRWANIA,ID_NAUCZ_PRZEDM_KLASA) values ('29','Lekcja organizacyjna','PONIEDZIA£EK','14:00','45','23');
Insert into PROJEKT_OSWIECIMSKA_SPYTKOWSKA_GLOD.LEKCJE (ID_LEKCJA,TEMAT_LEKCJA,DZIEN_TYGODNIA,GODZINA_LEKCJA,CZAS_TRWANIA,ID_NAUCZ_PRZEDM_KLASA) values ('30','Powtórzenie wiadomoœci','PONIEDZIA£EK','8:25','45','24');
Insert into PROJEKT_OSWIECIMSKA_SPYTKOWSKA_GLOD.LEKCJE (ID_LEKCJA,TEMAT_LEKCJA,DZIEN_TYGODNIA,GODZINA_LEKCJA,CZAS_TRWANIA,ID_NAUCZ_PRZEDM_KLASA) values ('31','Powtórzenie wiadomoœci','PONIEDZIA£EK','13:05','90','25');
Insert into PROJEKT_OSWIECIMSKA_SPYTKOWSKA_GLOD.LEKCJE (ID_LEKCJA,TEMAT_LEKCJA,DZIEN_TYGODNIA,GODZINA_LEKCJA,CZAS_TRWANIA,ID_NAUCZ_PRZEDM_KLASA) values ('32','Powtórzenie wiadomoœci','PONIEDZIA£EK','7:30','45','26');
Insert into PROJEKT_OSWIECIMSKA_SPYTKOWSKA_GLOD.LEKCJE (ID_LEKCJA,TEMAT_LEKCJA,DZIEN_TYGODNIA,GODZINA_LEKCJA,CZAS_TRWANIA,ID_NAUCZ_PRZEDM_KLASA) values ('33','Lekcja organizacyjna','PONIEDZIA£EK','8:25','45','27');
Insert into PROJEKT_OSWIECIMSKA_SPYTKOWSKA_GLOD.LEKCJE (ID_LEKCJA,TEMAT_LEKCJA,DZIEN_TYGODNIA,GODZINA_LEKCJA,CZAS_TRWANIA,ID_NAUCZ_PRZEDM_KLASA) values ('34','Omówienie wyników testu','WTOREK','10:15','45','28');
Insert into PROJEKT_OSWIECIMSKA_SPYTKOWSKA_GLOD.LEKCJE (ID_LEKCJA,TEMAT_LEKCJA,DZIEN_TYGODNIA,GODZINA_LEKCJA,CZAS_TRWANIA,ID_NAUCZ_PRZEDM_KLASA) values ('35',null,'WTOREK','8:25','90','29');
Insert into PROJEKT_OSWIECIMSKA_SPYTKOWSKA_GLOD.LEKCJE (ID_LEKCJA,TEMAT_LEKCJA,DZIEN_TYGODNIA,GODZINA_LEKCJA,CZAS_TRWANIA,ID_NAUCZ_PRZEDM_KLASA) values ('36',null,'WTOREK','9:20','45','30');
Insert into PROJEKT_OSWIECIMSKA_SPYTKOWSKA_GLOD.LEKCJE (ID_LEKCJA,TEMAT_LEKCJA,DZIEN_TYGODNIA,GODZINA_LEKCJA,CZAS_TRWANIA,ID_NAUCZ_PRZEDM_KLASA) values ('37','Lekcja organizacyjna','WTOREK','11:15','45','31');
Insert into PROJEKT_OSWIECIMSKA_SPYTKOWSKA_GLOD.LEKCJE (ID_LEKCJA,TEMAT_LEKCJA,DZIEN_TYGODNIA,GODZINA_LEKCJA,CZAS_TRWANIA,ID_NAUCZ_PRZEDM_KLASA) values ('38','Powtórzenie wiadomoœci','ŒRODA','14:00','90','32');
Insert into PROJEKT_OSWIECIMSKA_SPYTKOWSKA_GLOD.LEKCJE (ID_LEKCJA,TEMAT_LEKCJA,DZIEN_TYGODNIA,GODZINA_LEKCJA,CZAS_TRWANIA,ID_NAUCZ_PRZEDM_KLASA) values ('39',null,'ŒRODA','13:05','45','33');
Insert into PROJEKT_OSWIECIMSKA_SPYTKOWSKA_GLOD.LEKCJE (ID_LEKCJA,TEMAT_LEKCJA,DZIEN_TYGODNIA,GODZINA_LEKCJA,CZAS_TRWANIA,ID_NAUCZ_PRZEDM_KLASA) values ('40',null,'ŒRODA','10:15','45','34');
Insert into PROJEKT_OSWIECIMSKA_SPYTKOWSKA_GLOD.LEKCJE (ID_LEKCJA,TEMAT_LEKCJA,DZIEN_TYGODNIA,GODZINA_LEKCJA,CZAS_TRWANIA,ID_NAUCZ_PRZEDM_KLASA) values ('41',null,'ŒRODA','8:25','45','35');
Insert into PROJEKT_OSWIECIMSKA_SPYTKOWSKA_GLOD.LEKCJE (ID_LEKCJA,TEMAT_LEKCJA,DZIEN_TYGODNIA,GODZINA_LEKCJA,CZAS_TRWANIA,ID_NAUCZ_PRZEDM_KLASA) values ('42','Lekcja organizacyjna','CZWARTEK','12:10','45','36');
Insert into PROJEKT_OSWIECIMSKA_SPYTKOWSKA_GLOD.LEKCJE (ID_LEKCJA,TEMAT_LEKCJA,DZIEN_TYGODNIA,GODZINA_LEKCJA,CZAS_TRWANIA,ID_NAUCZ_PRZEDM_KLASA) values ('43','Omówienie wyników testu','CZWARTEK','7:30','45','37');
Insert into PROJEKT_OSWIECIMSKA_SPYTKOWSKA_GLOD.LEKCJE (ID_LEKCJA,TEMAT_LEKCJA,DZIEN_TYGODNIA,GODZINA_LEKCJA,CZAS_TRWANIA,ID_NAUCZ_PRZEDM_KLASA) values ('44',null,'PI¥TEK','9:20','45','38');
Insert into PROJEKT_OSWIECIMSKA_SPYTKOWSKA_GLOD.LEKCJE (ID_LEKCJA,TEMAT_LEKCJA,DZIEN_TYGODNIA,GODZINA_LEKCJA,CZAS_TRWANIA,ID_NAUCZ_PRZEDM_KLASA) values ('45','Powtórzenie wiadomoœci','PI¥TEK','13:05','45','39');
Insert into PROJEKT_OSWIECIMSKA_SPYTKOWSKA_GLOD.LEKCJE (ID_LEKCJA,TEMAT_LEKCJA,DZIEN_TYGODNIA,GODZINA_LEKCJA,CZAS_TRWANIA,ID_NAUCZ_PRZEDM_KLASA) values ('46','Powtórzenie wiadomoœci','PI¥TEK','10:15','45','40');
Insert into PROJEKT_OSWIECIMSKA_SPYTKOWSKA_GLOD.LEKCJE (ID_LEKCJA,TEMAT_LEKCJA,DZIEN_TYGODNIA,GODZINA_LEKCJA,CZAS_TRWANIA,ID_NAUCZ_PRZEDM_KLASA) values ('47','Lekcja organizacyjna','ŒRODA','8:25','45','7');
Insert into PROJEKT_OSWIECIMSKA_SPYTKOWSKA_GLOD.LEKCJE (ID_LEKCJA,TEMAT_LEKCJA,DZIEN_TYGODNIA,GODZINA_LEKCJA,CZAS_TRWANIA,ID_NAUCZ_PRZEDM_KLASA) values ('48','Omówienie wyników testu','PI¥TEK','14:55','45','8');
Insert into PROJEKT_OSWIECIMSKA_SPYTKOWSKA_GLOD.LEKCJE (ID_LEKCJA,TEMAT_LEKCJA,DZIEN_TYGODNIA,GODZINA_LEKCJA,CZAS_TRWANIA,ID_NAUCZ_PRZEDM_KLASA) values ('49','Lekcja organizacyjna','ŒRODA','11:15','45','9');
Insert into PROJEKT_OSWIECIMSKA_SPYTKOWSKA_GLOD.LEKCJE (ID_LEKCJA,TEMAT_LEKCJA,DZIEN_TYGODNIA,GODZINA_LEKCJA,CZAS_TRWANIA,ID_NAUCZ_PRZEDM_KLASA) values ('50',null,'CZWARTEK','8:25','45','13');
REM INSERTING into PROJEKT_OSWIECIMSKA_SPYTKOWSKA_GLOD.NAUCZ_PRZEDM_KLASA
SET DEFINE OFF;
Insert into PROJEKT_OSWIECIMSKA_SPYTKOWSKA_GLOD.NAUCZ_PRZEDM_KLASA (ID_NAUCZ_PRZEDM_KLASA,ID_NAUCZYCIEL,ID_PRZEDMIOT,ID_KLASA) values ('1','1','1','1');
Insert into PROJEKT_OSWIECIMSKA_SPYTKOWSKA_GLOD.NAUCZ_PRZEDM_KLASA (ID_NAUCZ_PRZEDM_KLASA,ID_NAUCZYCIEL,ID_PRZEDMIOT,ID_KLASA) values ('2','2','2','2');
Insert into PROJEKT_OSWIECIMSKA_SPYTKOWSKA_GLOD.NAUCZ_PRZEDM_KLASA (ID_NAUCZ_PRZEDM_KLASA,ID_NAUCZYCIEL,ID_PRZEDMIOT,ID_KLASA) values ('3','3','3','3');
Insert into PROJEKT_OSWIECIMSKA_SPYTKOWSKA_GLOD.NAUCZ_PRZEDM_KLASA (ID_NAUCZ_PRZEDM_KLASA,ID_NAUCZYCIEL,ID_PRZEDMIOT,ID_KLASA) values ('4','4','4','4');
Insert into PROJEKT_OSWIECIMSKA_SPYTKOWSKA_GLOD.NAUCZ_PRZEDM_KLASA (ID_NAUCZ_PRZEDM_KLASA,ID_NAUCZYCIEL,ID_PRZEDMIOT,ID_KLASA) values ('5','5','5','5');
Insert into PROJEKT_OSWIECIMSKA_SPYTKOWSKA_GLOD.NAUCZ_PRZEDM_KLASA (ID_NAUCZ_PRZEDM_KLASA,ID_NAUCZYCIEL,ID_PRZEDMIOT,ID_KLASA) values ('6','6','6','6');
Insert into PROJEKT_OSWIECIMSKA_SPYTKOWSKA_GLOD.NAUCZ_PRZEDM_KLASA (ID_NAUCZ_PRZEDM_KLASA,ID_NAUCZYCIEL,ID_PRZEDMIOT,ID_KLASA) values ('7','7','7','7');
Insert into PROJEKT_OSWIECIMSKA_SPYTKOWSKA_GLOD.NAUCZ_PRZEDM_KLASA (ID_NAUCZ_PRZEDM_KLASA,ID_NAUCZYCIEL,ID_PRZEDMIOT,ID_KLASA) values ('8','8','8','8');
Insert into PROJEKT_OSWIECIMSKA_SPYTKOWSKA_GLOD.NAUCZ_PRZEDM_KLASA (ID_NAUCZ_PRZEDM_KLASA,ID_NAUCZYCIEL,ID_PRZEDMIOT,ID_KLASA) values ('9','9','9','9');
Insert into PROJEKT_OSWIECIMSKA_SPYTKOWSKA_GLOD.NAUCZ_PRZEDM_KLASA (ID_NAUCZ_PRZEDM_KLASA,ID_NAUCZYCIEL,ID_PRZEDMIOT,ID_KLASA) values ('10','10','10','10');
Insert into PROJEKT_OSWIECIMSKA_SPYTKOWSKA_GLOD.NAUCZ_PRZEDM_KLASA (ID_NAUCZ_PRZEDM_KLASA,ID_NAUCZYCIEL,ID_PRZEDMIOT,ID_KLASA) values ('11','11','11','11');
Insert into PROJEKT_OSWIECIMSKA_SPYTKOWSKA_GLOD.NAUCZ_PRZEDM_KLASA (ID_NAUCZ_PRZEDM_KLASA,ID_NAUCZYCIEL,ID_PRZEDMIOT,ID_KLASA) values ('12','12','12','12');
Insert into PROJEKT_OSWIECIMSKA_SPYTKOWSKA_GLOD.NAUCZ_PRZEDM_KLASA (ID_NAUCZ_PRZEDM_KLASA,ID_NAUCZYCIEL,ID_PRZEDMIOT,ID_KLASA) values ('13','13','13','13');
Insert into PROJEKT_OSWIECIMSKA_SPYTKOWSKA_GLOD.NAUCZ_PRZEDM_KLASA (ID_NAUCZ_PRZEDM_KLASA,ID_NAUCZYCIEL,ID_PRZEDMIOT,ID_KLASA) values ('14','14','14','14');
Insert into PROJEKT_OSWIECIMSKA_SPYTKOWSKA_GLOD.NAUCZ_PRZEDM_KLASA (ID_NAUCZ_PRZEDM_KLASA,ID_NAUCZYCIEL,ID_PRZEDMIOT,ID_KLASA) values ('15','15','15','15');
Insert into PROJEKT_OSWIECIMSKA_SPYTKOWSKA_GLOD.NAUCZ_PRZEDM_KLASA (ID_NAUCZ_PRZEDM_KLASA,ID_NAUCZYCIEL,ID_PRZEDMIOT,ID_KLASA) values ('16','16','16','16');
Insert into PROJEKT_OSWIECIMSKA_SPYTKOWSKA_GLOD.NAUCZ_PRZEDM_KLASA (ID_NAUCZ_PRZEDM_KLASA,ID_NAUCZYCIEL,ID_PRZEDMIOT,ID_KLASA) values ('17','17','17','17');
Insert into PROJEKT_OSWIECIMSKA_SPYTKOWSKA_GLOD.NAUCZ_PRZEDM_KLASA (ID_NAUCZ_PRZEDM_KLASA,ID_NAUCZYCIEL,ID_PRZEDMIOT,ID_KLASA) values ('18','18','18','18');
Insert into PROJEKT_OSWIECIMSKA_SPYTKOWSKA_GLOD.NAUCZ_PRZEDM_KLASA (ID_NAUCZ_PRZEDM_KLASA,ID_NAUCZYCIEL,ID_PRZEDMIOT,ID_KLASA) values ('19','19','19','19');
Insert into PROJEKT_OSWIECIMSKA_SPYTKOWSKA_GLOD.NAUCZ_PRZEDM_KLASA (ID_NAUCZ_PRZEDM_KLASA,ID_NAUCZYCIEL,ID_PRZEDMIOT,ID_KLASA) values ('20','20','20','20');
Insert into PROJEKT_OSWIECIMSKA_SPYTKOWSKA_GLOD.NAUCZ_PRZEDM_KLASA (ID_NAUCZ_PRZEDM_KLASA,ID_NAUCZYCIEL,ID_PRZEDMIOT,ID_KLASA) values ('21','1','21','21');
Insert into PROJEKT_OSWIECIMSKA_SPYTKOWSKA_GLOD.NAUCZ_PRZEDM_KLASA (ID_NAUCZ_PRZEDM_KLASA,ID_NAUCZYCIEL,ID_PRZEDMIOT,ID_KLASA) values ('22','2','22','22');
Insert into PROJEKT_OSWIECIMSKA_SPYTKOWSKA_GLOD.NAUCZ_PRZEDM_KLASA (ID_NAUCZ_PRZEDM_KLASA,ID_NAUCZYCIEL,ID_PRZEDMIOT,ID_KLASA) values ('23','3','1','23');
Insert into PROJEKT_OSWIECIMSKA_SPYTKOWSKA_GLOD.NAUCZ_PRZEDM_KLASA (ID_NAUCZ_PRZEDM_KLASA,ID_NAUCZYCIEL,ID_PRZEDMIOT,ID_KLASA) values ('24','4','2','24');
Insert into PROJEKT_OSWIECIMSKA_SPYTKOWSKA_GLOD.NAUCZ_PRZEDM_KLASA (ID_NAUCZ_PRZEDM_KLASA,ID_NAUCZYCIEL,ID_PRZEDMIOT,ID_KLASA) values ('25','5','3','25');
Insert into PROJEKT_OSWIECIMSKA_SPYTKOWSKA_GLOD.NAUCZ_PRZEDM_KLASA (ID_NAUCZ_PRZEDM_KLASA,ID_NAUCZYCIEL,ID_PRZEDMIOT,ID_KLASA) values ('26','6','4','26');
Insert into PROJEKT_OSWIECIMSKA_SPYTKOWSKA_GLOD.NAUCZ_PRZEDM_KLASA (ID_NAUCZ_PRZEDM_KLASA,ID_NAUCZYCIEL,ID_PRZEDMIOT,ID_KLASA) values ('27','7','5','27');
Insert into PROJEKT_OSWIECIMSKA_SPYTKOWSKA_GLOD.NAUCZ_PRZEDM_KLASA (ID_NAUCZ_PRZEDM_KLASA,ID_NAUCZYCIEL,ID_PRZEDMIOT,ID_KLASA) values ('28','8','6','28');
Insert into PROJEKT_OSWIECIMSKA_SPYTKOWSKA_GLOD.NAUCZ_PRZEDM_KLASA (ID_NAUCZ_PRZEDM_KLASA,ID_NAUCZYCIEL,ID_PRZEDMIOT,ID_KLASA) values ('29','9','7','29');
Insert into PROJEKT_OSWIECIMSKA_SPYTKOWSKA_GLOD.NAUCZ_PRZEDM_KLASA (ID_NAUCZ_PRZEDM_KLASA,ID_NAUCZYCIEL,ID_PRZEDMIOT,ID_KLASA) values ('30','10','8','30');
Insert into PROJEKT_OSWIECIMSKA_SPYTKOWSKA_GLOD.NAUCZ_PRZEDM_KLASA (ID_NAUCZ_PRZEDM_KLASA,ID_NAUCZYCIEL,ID_PRZEDMIOT,ID_KLASA) values ('31','11','9','1');
Insert into PROJEKT_OSWIECIMSKA_SPYTKOWSKA_GLOD.NAUCZ_PRZEDM_KLASA (ID_NAUCZ_PRZEDM_KLASA,ID_NAUCZYCIEL,ID_PRZEDMIOT,ID_KLASA) values ('32','12','10','2');
Insert into PROJEKT_OSWIECIMSKA_SPYTKOWSKA_GLOD.NAUCZ_PRZEDM_KLASA (ID_NAUCZ_PRZEDM_KLASA,ID_NAUCZYCIEL,ID_PRZEDMIOT,ID_KLASA) values ('33','13','11','2');
Insert into PROJEKT_OSWIECIMSKA_SPYTKOWSKA_GLOD.NAUCZ_PRZEDM_KLASA (ID_NAUCZ_PRZEDM_KLASA,ID_NAUCZYCIEL,ID_PRZEDMIOT,ID_KLASA) values ('34','14','12','3');
Insert into PROJEKT_OSWIECIMSKA_SPYTKOWSKA_GLOD.NAUCZ_PRZEDM_KLASA (ID_NAUCZ_PRZEDM_KLASA,ID_NAUCZYCIEL,ID_PRZEDMIOT,ID_KLASA) values ('35','15','13','4');
Insert into PROJEKT_OSWIECIMSKA_SPYTKOWSKA_GLOD.NAUCZ_PRZEDM_KLASA (ID_NAUCZ_PRZEDM_KLASA,ID_NAUCZYCIEL,ID_PRZEDMIOT,ID_KLASA) values ('36','16','14','5');
Insert into PROJEKT_OSWIECIMSKA_SPYTKOWSKA_GLOD.NAUCZ_PRZEDM_KLASA (ID_NAUCZ_PRZEDM_KLASA,ID_NAUCZYCIEL,ID_PRZEDMIOT,ID_KLASA) values ('37','17','15','6');
Insert into PROJEKT_OSWIECIMSKA_SPYTKOWSKA_GLOD.NAUCZ_PRZEDM_KLASA (ID_NAUCZ_PRZEDM_KLASA,ID_NAUCZYCIEL,ID_PRZEDMIOT,ID_KLASA) values ('38','18','16','7');
Insert into PROJEKT_OSWIECIMSKA_SPYTKOWSKA_GLOD.NAUCZ_PRZEDM_KLASA (ID_NAUCZ_PRZEDM_KLASA,ID_NAUCZYCIEL,ID_PRZEDMIOT,ID_KLASA) values ('39','19','17','8');
Insert into PROJEKT_OSWIECIMSKA_SPYTKOWSKA_GLOD.NAUCZ_PRZEDM_KLASA (ID_NAUCZ_PRZEDM_KLASA,ID_NAUCZYCIEL,ID_PRZEDMIOT,ID_KLASA) values ('40','20','18','9');
REM INSERTING into PROJEKT_OSWIECIMSKA_SPYTKOWSKA_GLOD.NAUCZYCIELE
SET DEFINE OFF;
Insert into PROJEKT_OSWIECIMSKA_SPYTKOWSKA_GLOD.NAUCZYCIELE (ID_NAUCZYCIEL,IMIE_NAUCZYCIEL,NAZWISKO_NAUCZYCIEL,STOPIEN_NAUKOWY,LOGIN_NAUCZYCIEL,HASLO_NAUCZYCIEL,DATA_URODZENIA_NAUCZYCIEL,NR_TEL_NAUCZYCIEL,MAIL_NAUCZYCIEL) values ('1','Karol','Burak','dr','kburak','password1',to_date('80/01/01','RR/MM/DD'),'555-555-555','kburak@email.com');
Insert into PROJEKT_OSWIECIMSKA_SPYTKOWSKA_GLOD.NAUCZYCIELE (ID_NAUCZYCIEL,IMIE_NAUCZYCIEL,NAZWISKO_NAUCZYCIEL,STOPIEN_NAUKOWY,LOGIN_NAUCZYCIEL,HASLO_NAUCZYCIEL,DATA_URODZENIA_NAUCZYCIEL,NR_TEL_NAUCZYCIEL,MAIL_NAUCZYCIEL) values ('2','Hiacynta','Robak','mgr','hrobak','password2',to_date('80/02/02','RR/MM/DD'),'555-555-556','hrobak@email.com');
Insert into PROJEKT_OSWIECIMSKA_SPYTKOWSKA_GLOD.NAUCZYCIELE (ID_NAUCZYCIEL,IMIE_NAUCZYCIEL,NAZWISKO_NAUCZYCIEL,STOPIEN_NAUKOWY,LOGIN_NAUCZYCIEL,HASLO_NAUCZYCIEL,DATA_URODZENIA_NAUCZYCIEL,NR_TEL_NAUCZYCIEL,MAIL_NAUCZYCIEL) values ('3','Mi³osz','Wiœniewski','prof','mwisniewski','password3',to_date('80/03/03','RR/MM/DD'),'555-555-557','mwisniewski@email.com');
Insert into PROJEKT_OSWIECIMSKA_SPYTKOWSKA_GLOD.NAUCZYCIELE (ID_NAUCZYCIEL,IMIE_NAUCZYCIEL,NAZWISKO_NAUCZYCIEL,STOPIEN_NAUKOWY,LOGIN_NAUCZYCIEL,HASLO_NAUCZYCIEL,DATA_URODZENIA_NAUCZYCIEL,NR_TEL_NAUCZYCIEL,MAIL_NAUCZYCIEL) values ('4','Maria','Kowalczyk','dr','mkowalczyk','password4',to_date('80/04/04','RR/MM/DD'),'555-555-558','mkowalczyk@email.com');
Insert into PROJEKT_OSWIECIMSKA_SPYTKOWSKA_GLOD.NAUCZYCIELE (ID_NAUCZYCIEL,IMIE_NAUCZYCIEL,NAZWISKO_NAUCZYCIEL,STOPIEN_NAUKOWY,LOGIN_NAUCZYCIEL,HASLO_NAUCZYCIEL,DATA_URODZENIA_NAUCZYCIEL,NR_TEL_NAUCZYCIEL,MAIL_NAUCZYCIEL) values ('5','Tomasz','Nowakowski','mgr','tnowakowski','password5',to_date('80/05/05','RR/MM/DD'),'555-555-559','tnowakowski@email.com');
Insert into PROJEKT_OSWIECIMSKA_SPYTKOWSKA_GLOD.NAUCZYCIELE (ID_NAUCZYCIEL,IMIE_NAUCZYCIEL,NAZWISKO_NAUCZYCIEL,STOPIEN_NAUKOWY,LOGIN_NAUCZYCIEL,HASLO_NAUCZYCIEL,DATA_URODZENIA_NAUCZYCIEL,NR_TEL_NAUCZYCIEL,MAIL_NAUCZYCIEL) values ('6','Kornelia','Karczek','prof','kkarczek','password6',to_date('81/06/06','RR/MM/DD'),'555-555-560','kkarczek@email.com');
Insert into PROJEKT_OSWIECIMSKA_SPYTKOWSKA_GLOD.NAUCZYCIELE (ID_NAUCZYCIEL,IMIE_NAUCZYCIEL,NAZWISKO_NAUCZYCIEL,STOPIEN_NAUKOWY,LOGIN_NAUCZYCIEL,HASLO_NAUCZYCIEL,DATA_URODZENIA_NAUCZYCIEL,NR_TEL_NAUCZYCIEL,MAIL_NAUCZYCIEL) values ('7','Artur','Polaczek','dr','apolaczek','password7',to_date('81/07/07','RR/MM/DD'),'555-555-561','apolaczek@email.com');
Insert into PROJEKT_OSWIECIMSKA_SPYTKOWSKA_GLOD.NAUCZYCIELE (ID_NAUCZYCIEL,IMIE_NAUCZYCIEL,NAZWISKO_NAUCZYCIEL,STOPIEN_NAUKOWY,LOGIN_NAUCZYCIEL,HASLO_NAUCZYCIEL,DATA_URODZENIA_NAUCZYCIEL,NR_TEL_NAUCZYCIEL,MAIL_NAUCZYCIEL) values ('8','Ewa','Kalec','mgr','ekalec','password8',to_date('81/08/08','RR/MM/DD'),'555-555-562','ekalec@email.com');
Insert into PROJEKT_OSWIECIMSKA_SPYTKOWSKA_GLOD.NAUCZYCIELE (ID_NAUCZYCIEL,IMIE_NAUCZYCIEL,NAZWISKO_NAUCZYCIEL,STOPIEN_NAUKOWY,LOGIN_NAUCZYCIEL,HASLO_NAUCZYCIEL,DATA_URODZENIA_NAUCZYCIEL,NR_TEL_NAUCZYCIEL,MAIL_NAUCZYCIEL) values ('9','Konrad','Kulman','prof','kkulman','password9',to_date('81/09/09','RR/MM/DD'),'555-555-563','kkulman@email.com');
Insert into PROJEKT_OSWIECIMSKA_SPYTKOWSKA_GLOD.NAUCZYCIELE (ID_NAUCZYCIEL,IMIE_NAUCZYCIEL,NAZWISKO_NAUCZYCIEL,STOPIEN_NAUKOWY,LOGIN_NAUCZYCIEL,HASLO_NAUCZYCIEL,DATA_URODZENIA_NAUCZYCIEL,NR_TEL_NAUCZYCIEL,MAIL_NAUCZYCIEL) values ('10','Jadwiga','Leopold','dr','jleopold','password10',to_date('81/10/10','RR/MM/DD'),'555-555-564','jleopold@email.com');
Insert into PROJEKT_OSWIECIMSKA_SPYTKOWSKA_GLOD.NAUCZYCIELE (ID_NAUCZYCIEL,IMIE_NAUCZYCIEL,NAZWISKO_NAUCZYCIEL,STOPIEN_NAUKOWY,LOGIN_NAUCZYCIEL,HASLO_NAUCZYCIEL,DATA_URODZENIA_NAUCZYCIEL,NR_TEL_NAUCZYCIEL,MAIL_NAUCZYCIEL) values ('11','Grzegorz','Kuczkowicz','mgr','gkuczkowicz','password11',to_date('82/11/11','RR/MM/DD'),'555-555-565','gkuczkowicz@email.com');
Insert into PROJEKT_OSWIECIMSKA_SPYTKOWSKA_GLOD.NAUCZYCIELE (ID_NAUCZYCIEL,IMIE_NAUCZYCIEL,NAZWISKO_NAUCZYCIEL,STOPIEN_NAUKOWY,LOGIN_NAUCZYCIEL,HASLO_NAUCZYCIEL,DATA_URODZENIA_NAUCZYCIEL,NR_TEL_NAUCZYCIEL,MAIL_NAUCZYCIEL) values ('12','Tadeusz','Wilczek','prof','twilczek','password12',to_date('82/12/12','RR/MM/DD'),'555-555-566','twilczek@email.com');
Insert into PROJEKT_OSWIECIMSKA_SPYTKOWSKA_GLOD.NAUCZYCIELE (ID_NAUCZYCIEL,IMIE_NAUCZYCIEL,NAZWISKO_NAUCZYCIEL,STOPIEN_NAUKOWY,LOGIN_NAUCZYCIEL,HASLO_NAUCZYCIEL,DATA_URODZENIA_NAUCZYCIEL,NR_TEL_NAUCZYCIEL,MAIL_NAUCZYCIEL) values ('13','Barbara','Kaszuba','dr','bkaszuba','password13',to_date('82/01/13','RR/MM/DD'),'555-555-567','bkaszuba@email.com');
Insert into PROJEKT_OSWIECIMSKA_SPYTKOWSKA_GLOD.NAUCZYCIELE (ID_NAUCZYCIEL,IMIE_NAUCZYCIEL,NAZWISKO_NAUCZYCIEL,STOPIEN_NAUKOWY,LOGIN_NAUCZYCIEL,HASLO_NAUCZYCIEL,DATA_URODZENIA_NAUCZYCIEL,NR_TEL_NAUCZYCIEL,MAIL_NAUCZYCIEL) values ('14','Faustyna','Radzik','mgr','fradzik','password14',to_date('82/02/14','RR/MM/DD'),'555-555-568','fradzik@email.com');
Insert into PROJEKT_OSWIECIMSKA_SPYTKOWSKA_GLOD.NAUCZYCIELE (ID_NAUCZYCIEL,IMIE_NAUCZYCIEL,NAZWISKO_NAUCZYCIEL,STOPIEN_NAUKOWY,LOGIN_NAUCZYCIEL,HASLO_NAUCZYCIEL,DATA_URODZENIA_NAUCZYCIEL,NR_TEL_NAUCZYCIEL,MAIL_NAUCZYCIEL) values ('15','Melania','Harmaj','dr','mharmaj','password15',to_date('82/03/15','RR/MM/DD'),'555-555-569','mharmaj@email.com');
Insert into PROJEKT_OSWIECIMSKA_SPYTKOWSKA_GLOD.NAUCZYCIELE (ID_NAUCZYCIEL,IMIE_NAUCZYCIEL,NAZWISKO_NAUCZYCIEL,STOPIEN_NAUKOWY,LOGIN_NAUCZYCIEL,HASLO_NAUCZYCIEL,DATA_URODZENIA_NAUCZYCIEL,NR_TEL_NAUCZYCIEL,MAIL_NAUCZYCIEL) values ('16','Alicja','Kowal','mgr','akowal','password16',to_date('83/04/16','RR/MM/DD'),'555-555-570','akowal@email.com');
Insert into PROJEKT_OSWIECIMSKA_SPYTKOWSKA_GLOD.NAUCZYCIELE (ID_NAUCZYCIEL,IMIE_NAUCZYCIEL,NAZWISKO_NAUCZYCIEL,STOPIEN_NAUKOWY,LOGIN_NAUCZYCIEL,HASLO_NAUCZYCIEL,DATA_URODZENIA_NAUCZYCIEL,NR_TEL_NAUCZYCIEL,MAIL_NAUCZYCIEL) values ('17','Edward','Mors','dr','emors','password17',to_date('83/05/17','RR/MM/DD'),'555-555-571','emors@email.com');
Insert into PROJEKT_OSWIECIMSKA_SPYTKOWSKA_GLOD.NAUCZYCIELE (ID_NAUCZYCIEL,IMIE_NAUCZYCIEL,NAZWISKO_NAUCZYCIEL,STOPIEN_NAUKOWY,LOGIN_NAUCZYCIEL,HASLO_NAUCZYCIEL,DATA_URODZENIA_NAUCZYCIEL,NR_TEL_NAUCZYCIEL,MAIL_NAUCZYCIEL) values ('18','Ewelina','Spiszak','mgr','espiszak','password18',to_date('83/06/18','RR/MM/DD'),'555-555-572','espiszak@email.com');
Insert into PROJEKT_OSWIECIMSKA_SPYTKOWSKA_GLOD.NAUCZYCIELE (ID_NAUCZYCIEL,IMIE_NAUCZYCIEL,NAZWISKO_NAUCZYCIEL,STOPIEN_NAUKOWY,LOGIN_NAUCZYCIEL,HASLO_NAUCZYCIEL,DATA_URODZENIA_NAUCZYCIEL,NR_TEL_NAUCZYCIEL,MAIL_NAUCZYCIEL) values ('19','Paulina','Tubka','dr','ptubka','password19',to_date('83/07/19','RR/MM/DD'),'555-555-573','ptubka@email.com');
Insert into PROJEKT_OSWIECIMSKA_SPYTKOWSKA_GLOD.NAUCZYCIELE (ID_NAUCZYCIEL,IMIE_NAUCZYCIEL,NAZWISKO_NAUCZYCIEL,STOPIEN_NAUKOWY,LOGIN_NAUCZYCIEL,HASLO_NAUCZYCIEL,DATA_URODZENIA_NAUCZYCIEL,NR_TEL_NAUCZYCIEL,MAIL_NAUCZYCIEL) values ('20','Roksana','Styk','prof','rstyk','password20',to_date('83/08/20','RR/MM/DD'),'555-555-574','rstyk@email.com');
REM INSERTING into PROJEKT_OSWIECIMSKA_SPYTKOWSKA_GLOD.OBECNOSCI
SET DEFINE OFF;
Insert into PROJEKT_OSWIECIMSKA_SPYTKOWSKA_GLOD.OBECNOSCI (ID_KLASA_OBECNOSC,OBECNOSC,DATA_ZAJEC,DATA_MODYFIKACJI,NIEOBECNOSC_USPRAWIEDLIWIONA,ID_UCZEN,ID_LEKCJA) values ('1','TAK',to_date('20/01/20','RR/MM/DD'),to_date('20/01/20','RR/MM/DD'),null,'1','2');
Insert into PROJEKT_OSWIECIMSKA_SPYTKOWSKA_GLOD.OBECNOSCI (ID_KLASA_OBECNOSC,OBECNOSC,DATA_ZAJEC,DATA_MODYFIKACJI,NIEOBECNOSC_USPRAWIEDLIWIONA,ID_UCZEN,ID_LEKCJA) values ('2','TAK',to_date('20/01/20','RR/MM/DD'),to_date('20/01/20','RR/MM/DD'),null,'2','2');
Insert into PROJEKT_OSWIECIMSKA_SPYTKOWSKA_GLOD.OBECNOSCI (ID_KLASA_OBECNOSC,OBECNOSC,DATA_ZAJEC,DATA_MODYFIKACJI,NIEOBECNOSC_USPRAWIEDLIWIONA,ID_UCZEN,ID_LEKCJA) values ('3','TAK',to_date('20/01/20','RR/MM/DD'),to_date('20/01/20','RR/MM/DD'),null,'3','2');
Insert into PROJEKT_OSWIECIMSKA_SPYTKOWSKA_GLOD.OBECNOSCI (ID_KLASA_OBECNOSC,OBECNOSC,DATA_ZAJEC,DATA_MODYFIKACJI,NIEOBECNOSC_USPRAWIEDLIWIONA,ID_UCZEN,ID_LEKCJA) values ('4','TAK',to_date('20/01/20','RR/MM/DD'),to_date('20/01/20','RR/MM/DD'),null,'4','2');
Insert into PROJEKT_OSWIECIMSKA_SPYTKOWSKA_GLOD.OBECNOSCI (ID_KLASA_OBECNOSC,OBECNOSC,DATA_ZAJEC,DATA_MODYFIKACJI,NIEOBECNOSC_USPRAWIEDLIWIONA,ID_UCZEN,ID_LEKCJA) values ('5','NIE',to_date('20/01/20','RR/MM/DD'),to_date('20/01/26','RR/MM/DD'),'TAK','5','2');
Insert into PROJEKT_OSWIECIMSKA_SPYTKOWSKA_GLOD.OBECNOSCI (ID_KLASA_OBECNOSC,OBECNOSC,DATA_ZAJEC,DATA_MODYFIKACJI,NIEOBECNOSC_USPRAWIEDLIWIONA,ID_UCZEN,ID_LEKCJA) values ('6','TAK',to_date('20/02/12','RR/MM/DD'),to_date('20/01/20','RR/MM/DD'),null,'1','3');
Insert into PROJEKT_OSWIECIMSKA_SPYTKOWSKA_GLOD.OBECNOSCI (ID_KLASA_OBECNOSC,OBECNOSC,DATA_ZAJEC,DATA_MODYFIKACJI,NIEOBECNOSC_USPRAWIEDLIWIONA,ID_UCZEN,ID_LEKCJA) values ('7','TAK',to_date('20/01/12','RR/MM/DD'),to_date('20/02/12','RR/MM/DD'),null,'1','3');
Insert into PROJEKT_OSWIECIMSKA_SPYTKOWSKA_GLOD.OBECNOSCI (ID_KLASA_OBECNOSC,OBECNOSC,DATA_ZAJEC,DATA_MODYFIKACJI,NIEOBECNOSC_USPRAWIEDLIWIONA,ID_UCZEN,ID_LEKCJA) values ('8','TAK',to_date('20/02/12','RR/MM/DD'),to_date('20/02/12','RR/MM/DD'),null,'1','6');
Insert into PROJEKT_OSWIECIMSKA_SPYTKOWSKA_GLOD.OBECNOSCI (ID_KLASA_OBECNOSC,OBECNOSC,DATA_ZAJEC,DATA_MODYFIKACJI,NIEOBECNOSC_USPRAWIEDLIWIONA,ID_UCZEN,ID_LEKCJA) values ('9','TAK',to_date('20/02/13','RR/MM/DD'),to_date('20/02/12','RR/MM/DD'),null,'45','7');
Insert into PROJEKT_OSWIECIMSKA_SPYTKOWSKA_GLOD.OBECNOSCI (ID_KLASA_OBECNOSC,OBECNOSC,DATA_ZAJEC,DATA_MODYFIKACJI,NIEOBECNOSC_USPRAWIEDLIWIONA,ID_UCZEN,ID_LEKCJA) values ('10','TAK',to_date('20/02/13','RR/MM/DD'),to_date('20/02/15','RR/MM/DD'),null,'44','7');
Insert into PROJEKT_OSWIECIMSKA_SPYTKOWSKA_GLOD.OBECNOSCI (ID_KLASA_OBECNOSC,OBECNOSC,DATA_ZAJEC,DATA_MODYFIKACJI,NIEOBECNOSC_USPRAWIEDLIWIONA,ID_UCZEN,ID_LEKCJA) values ('11','TAK',to_date('20/02/13','RR/MM/DD'),to_date('20/02/13','RR/MM/DD'),null,'43','7');
Insert into PROJEKT_OSWIECIMSKA_SPYTKOWSKA_GLOD.OBECNOSCI (ID_KLASA_OBECNOSC,OBECNOSC,DATA_ZAJEC,DATA_MODYFIKACJI,NIEOBECNOSC_USPRAWIEDLIWIONA,ID_UCZEN,ID_LEKCJA) values ('12','TAK',to_date('20/02/13','RR/MM/DD'),to_date('20/02/13','RR/MM/DD'),null,'42','7');
Insert into PROJEKT_OSWIECIMSKA_SPYTKOWSKA_GLOD.OBECNOSCI (ID_KLASA_OBECNOSC,OBECNOSC,DATA_ZAJEC,DATA_MODYFIKACJI,NIEOBECNOSC_USPRAWIEDLIWIONA,ID_UCZEN,ID_LEKCJA) values ('13','TAK',to_date('20/02/13','RR/MM/DD'),to_date('20/02/13','RR/MM/DD'),null,'41','7');
Insert into PROJEKT_OSWIECIMSKA_SPYTKOWSKA_GLOD.OBECNOSCI (ID_KLASA_OBECNOSC,OBECNOSC,DATA_ZAJEC,DATA_MODYFIKACJI,NIEOBECNOSC_USPRAWIEDLIWIONA,ID_UCZEN,ID_LEKCJA) values ('14','TAK',to_date('20/02/13','RR/MM/DD'),to_date('20/02/13','RR/MM/DD'),null,'34','7');
Insert into PROJEKT_OSWIECIMSKA_SPYTKOWSKA_GLOD.OBECNOSCI (ID_KLASA_OBECNOSC,OBECNOSC,DATA_ZAJEC,DATA_MODYFIKACJI,NIEOBECNOSC_USPRAWIEDLIWIONA,ID_UCZEN,ID_LEKCJA) values ('15','TAK',to_date('20/02/13','RR/MM/DD'),to_date('20/02/13','RR/MM/DD'),null,'31','7');
Insert into PROJEKT_OSWIECIMSKA_SPYTKOWSKA_GLOD.OBECNOSCI (ID_KLASA_OBECNOSC,OBECNOSC,DATA_ZAJEC,DATA_MODYFIKACJI,NIEOBECNOSC_USPRAWIEDLIWIONA,ID_UCZEN,ID_LEKCJA) values ('16','TAK',to_date('20/02/13','RR/MM/DD'),to_date('20/02/13','RR/MM/DD'),null,'32','7');
Insert into PROJEKT_OSWIECIMSKA_SPYTKOWSKA_GLOD.OBECNOSCI (ID_KLASA_OBECNOSC,OBECNOSC,DATA_ZAJEC,DATA_MODYFIKACJI,NIEOBECNOSC_USPRAWIEDLIWIONA,ID_UCZEN,ID_LEKCJA) values ('17','TAK',to_date('20/02/13','RR/MM/DD'),to_date('20/02/13','RR/MM/DD'),null,'33','7');
Insert into PROJEKT_OSWIECIMSKA_SPYTKOWSKA_GLOD.OBECNOSCI (ID_KLASA_OBECNOSC,OBECNOSC,DATA_ZAJEC,DATA_MODYFIKACJI,NIEOBECNOSC_USPRAWIEDLIWIONA,ID_UCZEN,ID_LEKCJA) values ('18','TAK',to_date('20/02/14','RR/MM/DD'),to_date('20/02/14','RR/MM/DD'),null,'50','12');
Insert into PROJEKT_OSWIECIMSKA_SPYTKOWSKA_GLOD.OBECNOSCI (ID_KLASA_OBECNOSC,OBECNOSC,DATA_ZAJEC,DATA_MODYFIKACJI,NIEOBECNOSC_USPRAWIEDLIWIONA,ID_UCZEN,ID_LEKCJA) values ('19','TAK',to_date('20/02/14','RR/MM/DD'),to_date('20/02/14','RR/MM/DD'),null,'51','12');
Insert into PROJEKT_OSWIECIMSKA_SPYTKOWSKA_GLOD.OBECNOSCI (ID_KLASA_OBECNOSC,OBECNOSC,DATA_ZAJEC,DATA_MODYFIKACJI,NIEOBECNOSC_USPRAWIEDLIWIONA,ID_UCZEN,ID_LEKCJA) values ('20','TAK',to_date('20/02/14','RR/MM/DD'),to_date('20/02/14','RR/MM/DD'),null,'52','12');
Insert into PROJEKT_OSWIECIMSKA_SPYTKOWSKA_GLOD.OBECNOSCI (ID_KLASA_OBECNOSC,OBECNOSC,DATA_ZAJEC,DATA_MODYFIKACJI,NIEOBECNOSC_USPRAWIEDLIWIONA,ID_UCZEN,ID_LEKCJA) values ('21','TAK',to_date('20/09/04','RR/MM/DD'),to_date('20/09/04','RR/MM/DD'),null,'11','5');
Insert into PROJEKT_OSWIECIMSKA_SPYTKOWSKA_GLOD.OBECNOSCI (ID_KLASA_OBECNOSC,OBECNOSC,DATA_ZAJEC,DATA_MODYFIKACJI,NIEOBECNOSC_USPRAWIEDLIWIONA,ID_UCZEN,ID_LEKCJA) values ('22','TAK',to_date('20/09/04','RR/MM/DD'),to_date('20/09/04','RR/MM/DD'),null,'12','5');
Insert into PROJEKT_OSWIECIMSKA_SPYTKOWSKA_GLOD.OBECNOSCI (ID_KLASA_OBECNOSC,OBECNOSC,DATA_ZAJEC,DATA_MODYFIKACJI,NIEOBECNOSC_USPRAWIEDLIWIONA,ID_UCZEN,ID_LEKCJA) values ('23','TAK',to_date('20/09/04','RR/MM/DD'),to_date('20/09/04','RR/MM/DD'),null,'13','5');
Insert into PROJEKT_OSWIECIMSKA_SPYTKOWSKA_GLOD.OBECNOSCI (ID_KLASA_OBECNOSC,OBECNOSC,DATA_ZAJEC,DATA_MODYFIKACJI,NIEOBECNOSC_USPRAWIEDLIWIONA,ID_UCZEN,ID_LEKCJA) values ('24','TAK',to_date('20/09/04','RR/MM/DD'),to_date('20/09/04','RR/MM/DD'),null,'14','5');
Insert into PROJEKT_OSWIECIMSKA_SPYTKOWSKA_GLOD.OBECNOSCI (ID_KLASA_OBECNOSC,OBECNOSC,DATA_ZAJEC,DATA_MODYFIKACJI,NIEOBECNOSC_USPRAWIEDLIWIONA,ID_UCZEN,ID_LEKCJA) values ('25','TAK',to_date('20/09/04','RR/MM/DD'),to_date('20/09/04','RR/MM/DD'),null,'15','5');
Insert into PROJEKT_OSWIECIMSKA_SPYTKOWSKA_GLOD.OBECNOSCI (ID_KLASA_OBECNOSC,OBECNOSC,DATA_ZAJEC,DATA_MODYFIKACJI,NIEOBECNOSC_USPRAWIEDLIWIONA,ID_UCZEN,ID_LEKCJA) values ('26','TAK',to_date('20/09/04','RR/MM/DD'),to_date('20/09/04','RR/MM/DD'),null,'16','5');
Insert into PROJEKT_OSWIECIMSKA_SPYTKOWSKA_GLOD.OBECNOSCI (ID_KLASA_OBECNOSC,OBECNOSC,DATA_ZAJEC,DATA_MODYFIKACJI,NIEOBECNOSC_USPRAWIEDLIWIONA,ID_UCZEN,ID_LEKCJA) values ('27','TAK',to_date('20/09/04','RR/MM/DD'),to_date('20/09/04','RR/MM/DD'),null,'17','5');
Insert into PROJEKT_OSWIECIMSKA_SPYTKOWSKA_GLOD.OBECNOSCI (ID_KLASA_OBECNOSC,OBECNOSC,DATA_ZAJEC,DATA_MODYFIKACJI,NIEOBECNOSC_USPRAWIEDLIWIONA,ID_UCZEN,ID_LEKCJA) values ('28','TAK',to_date('20/09/04','RR/MM/DD'),to_date('20/09/04','RR/MM/DD'),null,'18','5');
Insert into PROJEKT_OSWIECIMSKA_SPYTKOWSKA_GLOD.OBECNOSCI (ID_KLASA_OBECNOSC,OBECNOSC,DATA_ZAJEC,DATA_MODYFIKACJI,NIEOBECNOSC_USPRAWIEDLIWIONA,ID_UCZEN,ID_LEKCJA) values ('29','TAK',to_date('20/09/04','RR/MM/DD'),to_date('20/09/04','RR/MM/DD'),null,'19','5');
Insert into PROJEKT_OSWIECIMSKA_SPYTKOWSKA_GLOD.OBECNOSCI (ID_KLASA_OBECNOSC,OBECNOSC,DATA_ZAJEC,DATA_MODYFIKACJI,NIEOBECNOSC_USPRAWIEDLIWIONA,ID_UCZEN,ID_LEKCJA) values ('30','TAK',to_date('20/09/04','RR/MM/DD'),to_date('20/09/04','RR/MM/DD'),null,'20','5');
Insert into PROJEKT_OSWIECIMSKA_SPYTKOWSKA_GLOD.OBECNOSCI (ID_KLASA_OBECNOSC,OBECNOSC,DATA_ZAJEC,DATA_MODYFIKACJI,NIEOBECNOSC_USPRAWIEDLIWIONA,ID_UCZEN,ID_LEKCJA) values ('31','TAK',to_date('20/09/04','RR/MM/DD'),to_date('20/09/04','RR/MM/DD'),null,'21','5');
Insert into PROJEKT_OSWIECIMSKA_SPYTKOWSKA_GLOD.OBECNOSCI (ID_KLASA_OBECNOSC,OBECNOSC,DATA_ZAJEC,DATA_MODYFIKACJI,NIEOBECNOSC_USPRAWIEDLIWIONA,ID_UCZEN,ID_LEKCJA) values ('32','TAK',to_date('20/05/20','RR/MM/DD'),to_date('20/05/20','RR/MM/DD'),null,'22','2');
Insert into PROJEKT_OSWIECIMSKA_SPYTKOWSKA_GLOD.OBECNOSCI (ID_KLASA_OBECNOSC,OBECNOSC,DATA_ZAJEC,DATA_MODYFIKACJI,NIEOBECNOSC_USPRAWIEDLIWIONA,ID_UCZEN,ID_LEKCJA) values ('33','TAK',to_date('20/05/20','RR/MM/DD'),to_date('20/05/20','RR/MM/DD'),null,'23','2');
Insert into PROJEKT_OSWIECIMSKA_SPYTKOWSKA_GLOD.OBECNOSCI (ID_KLASA_OBECNOSC,OBECNOSC,DATA_ZAJEC,DATA_MODYFIKACJI,NIEOBECNOSC_USPRAWIEDLIWIONA,ID_UCZEN,ID_LEKCJA) values ('34','NIE',to_date('20/05/20','RR/MM/DD'),to_date('20/05/20','RR/MM/DD'),'NIE','4','4');
Insert into PROJEKT_OSWIECIMSKA_SPYTKOWSKA_GLOD.OBECNOSCI (ID_KLASA_OBECNOSC,OBECNOSC,DATA_ZAJEC,DATA_MODYFIKACJI,NIEOBECNOSC_USPRAWIEDLIWIONA,ID_UCZEN,ID_LEKCJA) values ('35','TAK',to_date('20/05/20','RR/MM/DD'),to_date('20/05/20','RR/MM/DD'),null,'3','30');
Insert into PROJEKT_OSWIECIMSKA_SPYTKOWSKA_GLOD.OBECNOSCI (ID_KLASA_OBECNOSC,OBECNOSC,DATA_ZAJEC,DATA_MODYFIKACJI,NIEOBECNOSC_USPRAWIEDLIWIONA,ID_UCZEN,ID_LEKCJA) values ('36','TAK',to_date('20/05/20','RR/MM/DD'),to_date('20/05/20','RR/MM/DD'),null,'4','30');
Insert into PROJEKT_OSWIECIMSKA_SPYTKOWSKA_GLOD.OBECNOSCI (ID_KLASA_OBECNOSC,OBECNOSC,DATA_ZAJEC,DATA_MODYFIKACJI,NIEOBECNOSC_USPRAWIEDLIWIONA,ID_UCZEN,ID_LEKCJA) values ('37','TAK',to_date('21/03/05','RR/MM/DD'),to_date('21/03/05','RR/MM/DD'),null,'5','30');
Insert into PROJEKT_OSWIECIMSKA_SPYTKOWSKA_GLOD.OBECNOSCI (ID_KLASA_OBECNOSC,OBECNOSC,DATA_ZAJEC,DATA_MODYFIKACJI,NIEOBECNOSC_USPRAWIEDLIWIONA,ID_UCZEN,ID_LEKCJA) values ('38','NIE',to_date('21/03/05','RR/MM/DD'),to_date('21/03/10','RR/MM/DD'),'TAK','6','30');
Insert into PROJEKT_OSWIECIMSKA_SPYTKOWSKA_GLOD.OBECNOSCI (ID_KLASA_OBECNOSC,OBECNOSC,DATA_ZAJEC,DATA_MODYFIKACJI,NIEOBECNOSC_USPRAWIEDLIWIONA,ID_UCZEN,ID_LEKCJA) values ('39','TAK',to_date('21/03/05','RR/MM/DD'),to_date('21/03/05','RR/MM/DD'),null,'7','30');
Insert into PROJEKT_OSWIECIMSKA_SPYTKOWSKA_GLOD.OBECNOSCI (ID_KLASA_OBECNOSC,OBECNOSC,DATA_ZAJEC,DATA_MODYFIKACJI,NIEOBECNOSC_USPRAWIEDLIWIONA,ID_UCZEN,ID_LEKCJA) values ('40','TAK',to_date('21/03/05','RR/MM/DD'),to_date('21/03/05','RR/MM/DD'),null,'8','30');
Insert into PROJEKT_OSWIECIMSKA_SPYTKOWSKA_GLOD.OBECNOSCI (ID_KLASA_OBECNOSC,OBECNOSC,DATA_ZAJEC,DATA_MODYFIKACJI,NIEOBECNOSC_USPRAWIEDLIWIONA,ID_UCZEN,ID_LEKCJA) values ('41','TAK',to_date('21/03/05','RR/MM/DD'),to_date('21/03/05','RR/MM/DD'),null,'9','30');
Insert into PROJEKT_OSWIECIMSKA_SPYTKOWSKA_GLOD.OBECNOSCI (ID_KLASA_OBECNOSC,OBECNOSC,DATA_ZAJEC,DATA_MODYFIKACJI,NIEOBECNOSC_USPRAWIEDLIWIONA,ID_UCZEN,ID_LEKCJA) values ('42','TAK',to_date('21/03/05','RR/MM/DD'),to_date('21/03/05','RR/MM/DD'),null,'10','24');
Insert into PROJEKT_OSWIECIMSKA_SPYTKOWSKA_GLOD.OBECNOSCI (ID_KLASA_OBECNOSC,OBECNOSC,DATA_ZAJEC,DATA_MODYFIKACJI,NIEOBECNOSC_USPRAWIEDLIWIONA,ID_UCZEN,ID_LEKCJA) values ('43','TAK',to_date('21/03/05','RR/MM/DD'),to_date('21/03/05','RR/MM/DD'),null,'11','24');
Insert into PROJEKT_OSWIECIMSKA_SPYTKOWSKA_GLOD.OBECNOSCI (ID_KLASA_OBECNOSC,OBECNOSC,DATA_ZAJEC,DATA_MODYFIKACJI,NIEOBECNOSC_USPRAWIEDLIWIONA,ID_UCZEN,ID_LEKCJA) values ('44','NIE',to_date('21/03/05','RR/MM/DD'),to_date('21/03/07','RR/MM/DD'),'TAK','12','24');
Insert into PROJEKT_OSWIECIMSKA_SPYTKOWSKA_GLOD.OBECNOSCI (ID_KLASA_OBECNOSC,OBECNOSC,DATA_ZAJEC,DATA_MODYFIKACJI,NIEOBECNOSC_USPRAWIEDLIWIONA,ID_UCZEN,ID_LEKCJA) values ('45','TAK',to_date('21/03/05','RR/MM/DD'),to_date('21/03/05','RR/MM/DD'),null,'13','24');
Insert into PROJEKT_OSWIECIMSKA_SPYTKOWSKA_GLOD.OBECNOSCI (ID_KLASA_OBECNOSC,OBECNOSC,DATA_ZAJEC,DATA_MODYFIKACJI,NIEOBECNOSC_USPRAWIEDLIWIONA,ID_UCZEN,ID_LEKCJA) values ('46','TAK',to_date('21/03/05','RR/MM/DD'),to_date('21/03/05','RR/MM/DD'),null,'14','24');
Insert into PROJEKT_OSWIECIMSKA_SPYTKOWSKA_GLOD.OBECNOSCI (ID_KLASA_OBECNOSC,OBECNOSC,DATA_ZAJEC,DATA_MODYFIKACJI,NIEOBECNOSC_USPRAWIEDLIWIONA,ID_UCZEN,ID_LEKCJA) values ('47','TAK',to_date('21/03/05','RR/MM/DD'),to_date('21/03/05','RR/MM/DD'),null,'15','24');
Insert into PROJEKT_OSWIECIMSKA_SPYTKOWSKA_GLOD.OBECNOSCI (ID_KLASA_OBECNOSC,OBECNOSC,DATA_ZAJEC,DATA_MODYFIKACJI,NIEOBECNOSC_USPRAWIEDLIWIONA,ID_UCZEN,ID_LEKCJA) values ('48','TAK',to_date('21/03/05','RR/MM/DD'),to_date('21/03/05','RR/MM/DD'),null,'16','24');
Insert into PROJEKT_OSWIECIMSKA_SPYTKOWSKA_GLOD.OBECNOSCI (ID_KLASA_OBECNOSC,OBECNOSC,DATA_ZAJEC,DATA_MODYFIKACJI,NIEOBECNOSC_USPRAWIEDLIWIONA,ID_UCZEN,ID_LEKCJA) values ('49','TAK',to_date('21/03/05','RR/MM/DD'),to_date('21/03/05','RR/MM/DD'),null,'17','24');
Insert into PROJEKT_OSWIECIMSKA_SPYTKOWSKA_GLOD.OBECNOSCI (ID_KLASA_OBECNOSC,OBECNOSC,DATA_ZAJEC,DATA_MODYFIKACJI,NIEOBECNOSC_USPRAWIEDLIWIONA,ID_UCZEN,ID_LEKCJA) values ('50','TAK',to_date('21/03/05','RR/MM/DD'),to_date('21/03/05','RR/MM/DD'),null,'18','24');
REM INSERTING into PROJEKT_OSWIECIMSKA_SPYTKOWSKA_GLOD.OCENY
SET DEFINE OFF;
Insert into PROJEKT_OSWIECIMSKA_SPYTKOWSKA_GLOD.OCENY (ID_OCENA,ID_PRZEDMIOT,ID_RODZAJ_OCENY,WARTOSC_OCENY,ID_NAUCZYCIEL,ID_UCZEN,WYMAGANA,DATA_OCENY,DATA_WPISANIA,DATA_MODYFIKACJI) values ('1','1','1','5','1','1','tak',to_date('22/01/01','RR/MM/DD'),to_date('23/11/01','RR/MM/DD'),to_timestamp('22/01/01 00:00:00,000000000','RR/MM/DD HH24:MI:SSXFF'));
Insert into PROJEKT_OSWIECIMSKA_SPYTKOWSKA_GLOD.OCENY (ID_OCENA,ID_PRZEDMIOT,ID_RODZAJ_OCENY,WARTOSC_OCENY,ID_NAUCZYCIEL,ID_UCZEN,WYMAGANA,DATA_OCENY,DATA_WPISANIA,DATA_MODYFIKACJI) values ('2','1','2','3','2','2','nie',to_date('22/01/01','RR/MM/DD'),to_date('22/01/12','RR/MM/DD'),to_timestamp('22/01/01 00:00:00,000000000','RR/MM/DD HH24:MI:SSXFF'));
Insert into PROJEKT_OSWIECIMSKA_SPYTKOWSKA_GLOD.OCENY (ID_OCENA,ID_PRZEDMIOT,ID_RODZAJ_OCENY,WARTOSC_OCENY,ID_NAUCZYCIEL,ID_UCZEN,WYMAGANA,DATA_OCENY,DATA_WPISANIA,DATA_MODYFIKACJI) values ('3','2','3','4','3','3','tak',to_date('22/01/01','RR/MM/DD'),to_date('22/12/12','RR/MM/DD'),to_timestamp('22/01/01 00:00:00,000000000','RR/MM/DD HH24:MI:SSXFF'));
Insert into PROJEKT_OSWIECIMSKA_SPYTKOWSKA_GLOD.OCENY (ID_OCENA,ID_PRZEDMIOT,ID_RODZAJ_OCENY,WARTOSC_OCENY,ID_NAUCZYCIEL,ID_UCZEN,WYMAGANA,DATA_OCENY,DATA_WPISANIA,DATA_MODYFIKACJI) values ('4','2','4','3','4','4','nie',to_date('22/01/01','RR/MM/DD'),to_date('22/05/01','RR/MM/DD'),to_timestamp('22/01/01 00:00:00,000000000','RR/MM/DD HH24:MI:SSXFF'));
Insert into PROJEKT_OSWIECIMSKA_SPYTKOWSKA_GLOD.OCENY (ID_OCENA,ID_PRZEDMIOT,ID_RODZAJ_OCENY,WARTOSC_OCENY,ID_NAUCZYCIEL,ID_UCZEN,WYMAGANA,DATA_OCENY,DATA_WPISANIA,DATA_MODYFIKACJI) values ('5','3','5','4','5','5','tak',to_date('22/01/01','RR/MM/DD'),to_date('22/06/01','RR/MM/DD'),to_timestamp('22/01/01 00:00:00,000000000','RR/MM/DD HH24:MI:SSXFF'));
Insert into PROJEKT_OSWIECIMSKA_SPYTKOWSKA_GLOD.OCENY (ID_OCENA,ID_PRZEDMIOT,ID_RODZAJ_OCENY,WARTOSC_OCENY,ID_NAUCZYCIEL,ID_UCZEN,WYMAGANA,DATA_OCENY,DATA_WPISANIA,DATA_MODYFIKACJI) values ('6','3','6','5','6','6','tak',to_date('22/01/01','RR/MM/DD'),to_date('22/11/14','RR/MM/DD'),to_timestamp('22/01/01 00:00:00,000000000','RR/MM/DD HH24:MI:SSXFF'));
Insert into PROJEKT_OSWIECIMSKA_SPYTKOWSKA_GLOD.OCENY (ID_OCENA,ID_PRZEDMIOT,ID_RODZAJ_OCENY,WARTOSC_OCENY,ID_NAUCZYCIEL,ID_UCZEN,WYMAGANA,DATA_OCENY,DATA_WPISANIA,DATA_MODYFIKACJI) values ('7','4','7','6','7','7','tak',to_date('22/01/01','RR/MM/DD'),to_date('22/04/01','RR/MM/DD'),to_timestamp('22/01/01 00:00:00,000000000','RR/MM/DD HH24:MI:SSXFF'));
Insert into PROJEKT_OSWIECIMSKA_SPYTKOWSKA_GLOD.OCENY (ID_OCENA,ID_PRZEDMIOT,ID_RODZAJ_OCENY,WARTOSC_OCENY,ID_NAUCZYCIEL,ID_UCZEN,WYMAGANA,DATA_OCENY,DATA_WPISANIA,DATA_MODYFIKACJI) values ('8','4','8','3','8','8','tak',to_date('22/01/01','RR/MM/DD'),to_date('22/02/11','RR/MM/DD'),to_timestamp('22/01/01 00:00:00,000000000','RR/MM/DD HH24:MI:SSXFF'));
Insert into PROJEKT_OSWIECIMSKA_SPYTKOWSKA_GLOD.OCENY (ID_OCENA,ID_PRZEDMIOT,ID_RODZAJ_OCENY,WARTOSC_OCENY,ID_NAUCZYCIEL,ID_UCZEN,WYMAGANA,DATA_OCENY,DATA_WPISANIA,DATA_MODYFIKACJI) values ('9','5','9','2','9','9','nie',to_date('22/01/01','RR/MM/DD'),to_date('22/04/12','RR/MM/DD'),to_timestamp('22/01/01 00:00:00,000000000','RR/MM/DD HH24:MI:SSXFF'));
Insert into PROJEKT_OSWIECIMSKA_SPYTKOWSKA_GLOD.OCENY (ID_OCENA,ID_PRZEDMIOT,ID_RODZAJ_OCENY,WARTOSC_OCENY,ID_NAUCZYCIEL,ID_UCZEN,WYMAGANA,DATA_OCENY,DATA_WPISANIA,DATA_MODYFIKACJI) values ('10','5','10','1','10','11','tak',to_date('22/01/01','RR/MM/DD'),to_date('22/06/01','RR/MM/DD'),to_timestamp('22/01/01 00:00:00,000000000','RR/MM/DD HH24:MI:SSXFF'));
Insert into PROJEKT_OSWIECIMSKA_SPYTKOWSKA_GLOD.OCENY (ID_OCENA,ID_PRZEDMIOT,ID_RODZAJ_OCENY,WARTOSC_OCENY,ID_NAUCZYCIEL,ID_UCZEN,WYMAGANA,DATA_OCENY,DATA_WPISANIA,DATA_MODYFIKACJI) values ('11','5','10','4','10','10','tak',to_date('22/05/21','RR/MM/DD'),to_date('22/05/21','RR/MM/DD'),to_timestamp('22/05/21 00:00:00,000000000','RR/MM/DD HH24:MI:SSXFF'));
Insert into PROJEKT_OSWIECIMSKA_SPYTKOWSKA_GLOD.OCENY (ID_OCENA,ID_PRZEDMIOT,ID_RODZAJ_OCENY,WARTOSC_OCENY,ID_NAUCZYCIEL,ID_UCZEN,WYMAGANA,DATA_OCENY,DATA_WPISANIA,DATA_MODYFIKACJI) values ('12','1','2','3','20','12','nie',to_date('22/12/19','RR/MM/DD'),to_date('22/12/19','RR/MM/DD'),to_timestamp('23/01/18 17:55:32,958096000','RR/MM/DD HH24:MI:SSXFF'));
Insert into PROJEKT_OSWIECIMSKA_SPYTKOWSKA_GLOD.OCENY (ID_OCENA,ID_PRZEDMIOT,ID_RODZAJ_OCENY,WARTOSC_OCENY,ID_NAUCZYCIEL,ID_UCZEN,WYMAGANA,DATA_OCENY,DATA_WPISANIA,DATA_MODYFIKACJI) values ('13','22','3','4','13','13','tak',to_date('22/02/02','RR/MM/DD'),to_date('22/02/02','RR/MM/DD'),to_timestamp('23/01/18 17:56:03,612341000','RR/MM/DD HH24:MI:SSXFF'));
Insert into PROJEKT_OSWIECIMSKA_SPYTKOWSKA_GLOD.OCENY (ID_OCENA,ID_PRZEDMIOT,ID_RODZAJ_OCENY,WARTOSC_OCENY,ID_NAUCZYCIEL,ID_UCZEN,WYMAGANA,DATA_OCENY,DATA_WPISANIA,DATA_MODYFIKACJI) values ('14','21','4','3,5','14','14','nie',to_date('21/06/18','RR/MM/DD'),to_date('21/06/18','RR/MM/DD'),to_timestamp('23/01/18 17:56:03,763007000','RR/MM/DD HH24:MI:SSXFF'));
Insert into PROJEKT_OSWIECIMSKA_SPYTKOWSKA_GLOD.OCENY (ID_OCENA,ID_PRZEDMIOT,ID_RODZAJ_OCENY,WARTOSC_OCENY,ID_NAUCZYCIEL,ID_UCZEN,WYMAGANA,DATA_OCENY,DATA_WPISANIA,DATA_MODYFIKACJI) values ('15','8','5','4','5','15','nie',to_date('22/05/21','RR/MM/DD'),to_date('22/05/21','RR/MM/DD'),to_timestamp('23/01/18 17:56:03,878027000','RR/MM/DD HH24:MI:SSXFF'));
Insert into PROJEKT_OSWIECIMSKA_SPYTKOWSKA_GLOD.OCENY (ID_OCENA,ID_PRZEDMIOT,ID_RODZAJ_OCENY,WARTOSC_OCENY,ID_NAUCZYCIEL,ID_UCZEN,WYMAGANA,DATA_OCENY,DATA_WPISANIA,DATA_MODYFIKACJI) values ('16','13','6','6','16','16','tak',to_date('22/06/23','RR/MM/DD'),to_date('22/06/23','RR/MM/DD'),to_timestamp('23/01/18 17:56:03,988943000','RR/MM/DD HH24:MI:SSXFF'));
Insert into PROJEKT_OSWIECIMSKA_SPYTKOWSKA_GLOD.OCENY (ID_OCENA,ID_PRZEDMIOT,ID_RODZAJ_OCENY,WARTOSC_OCENY,ID_NAUCZYCIEL,ID_UCZEN,WYMAGANA,DATA_OCENY,DATA_WPISANIA,DATA_MODYFIKACJI) values ('17','14','7','5','7','17','tak',to_date('22/03/06','RR/MM/DD'),to_date('22/03/06','RR/MM/DD'),to_timestamp('23/01/18 17:56:04,103493000','RR/MM/DD HH24:MI:SSXFF'));
Insert into PROJEKT_OSWIECIMSKA_SPYTKOWSKA_GLOD.OCENY (ID_OCENA,ID_PRZEDMIOT,ID_RODZAJ_OCENY,WARTOSC_OCENY,ID_NAUCZYCIEL,ID_UCZEN,WYMAGANA,DATA_OCENY,DATA_WPISANIA,DATA_MODYFIKACJI) values ('18','4','8','4','8','18','tak',to_date('22/05/21','RR/MM/DD'),to_date('22/05/21','RR/MM/DD'),to_timestamp('23/01/18 17:56:04,231770000','RR/MM/DD HH24:MI:SSXFF'));
Insert into PROJEKT_OSWIECIMSKA_SPYTKOWSKA_GLOD.OCENY (ID_OCENA,ID_PRZEDMIOT,ID_RODZAJ_OCENY,WARTOSC_OCENY,ID_NAUCZYCIEL,ID_UCZEN,WYMAGANA,DATA_OCENY,DATA_WPISANIA,DATA_MODYFIKACJI) values ('19','15','9','3','9','19','nie',to_date('22/02/11','RR/MM/DD'),to_date('22/02/11','RR/MM/DD'),to_timestamp('23/01/18 17:56:04,363652000','RR/MM/DD HH24:MI:SSXFF'));
Insert into PROJEKT_OSWIECIMSKA_SPYTKOWSKA_GLOD.OCENY (ID_OCENA,ID_PRZEDMIOT,ID_RODZAJ_OCENY,WARTOSC_OCENY,ID_NAUCZYCIEL,ID_UCZEN,WYMAGANA,DATA_OCENY,DATA_WPISANIA,DATA_MODYFIKACJI) values ('20','22','10','1','10','21','tak',to_date('22/01/13','RR/MM/DD'),to_date('22/01/13','RR/MM/DD'),to_timestamp('23/01/18 17:56:04,494014000','RR/MM/DD HH24:MI:SSXFF'));
REM INSERTING into PROJEKT_OSWIECIMSKA_SPYTKOWSKA_GLOD.OCENY_LOG
SET DEFINE OFF;
Insert into PROJEKT_OSWIECIMSKA_SPYTKOWSKA_GLOD.OCENY_LOG (ID_OCENA,ID_PRZEDMIOT,ID_RODZAJ_OCENY,WARTOSC_OCENY,ID_NAUCZYCIEL,ID_UCZEN,WYMAGANA,DATA_OCENY,DATA_WPISANIA,DATA_MODYFIKACJI,LOG_OPERATION) values ('11','5','10','4','10','10','tak',to_date('22/05/21','RR/MM/DD'),to_date('22/05/21','RR/MM/DD'),to_timestamp('22/05/21 00:00:00,000000000','RR/MM/DD HH24:MI:SSXFF'),'nowa ocena insert');
Insert into PROJEKT_OSWIECIMSKA_SPYTKOWSKA_GLOD.OCENY_LOG (ID_OCENA,ID_PRZEDMIOT,ID_RODZAJ_OCENY,WARTOSC_OCENY,ID_NAUCZYCIEL,ID_UCZEN,WYMAGANA,DATA_OCENY,DATA_WPISANIA,DATA_MODYFIKACJI,LOG_OPERATION) values ('12','1','2','3','20','2','nie',to_date('22/12/19','RR/MM/DD'),to_date('22/12/19','RR/MM/DD'),to_timestamp('23/01/18 17:55:32,958096000','RR/MM/DD HH24:MI:SSXFF'),'nowa ocena insert');
Insert into PROJEKT_OSWIECIMSKA_SPYTKOWSKA_GLOD.OCENY_LOG (ID_OCENA,ID_PRZEDMIOT,ID_RODZAJ_OCENY,WARTOSC_OCENY,ID_NAUCZYCIEL,ID_UCZEN,WYMAGANA,DATA_OCENY,DATA_WPISANIA,DATA_MODYFIKACJI,LOG_OPERATION) values ('13','22','3','4','13','3','tak',to_date('22/02/02','RR/MM/DD'),to_date('22/02/02','RR/MM/DD'),to_timestamp('23/01/18 17:56:03,612341000','RR/MM/DD HH24:MI:SSXFF'),'nowa ocena insert');
Insert into PROJEKT_OSWIECIMSKA_SPYTKOWSKA_GLOD.OCENY_LOG (ID_OCENA,ID_PRZEDMIOT,ID_RODZAJ_OCENY,WARTOSC_OCENY,ID_NAUCZYCIEL,ID_UCZEN,WYMAGANA,DATA_OCENY,DATA_WPISANIA,DATA_MODYFIKACJI,LOG_OPERATION) values ('14','21','4','3,5','14','4','nie',to_date('21/06/18','RR/MM/DD'),to_date('21/06/18','RR/MM/DD'),to_timestamp('23/01/18 17:56:03,763007000','RR/MM/DD HH24:MI:SSXFF'),'nowa ocena insert');
Insert into PROJEKT_OSWIECIMSKA_SPYTKOWSKA_GLOD.OCENY_LOG (ID_OCENA,ID_PRZEDMIOT,ID_RODZAJ_OCENY,WARTOSC_OCENY,ID_NAUCZYCIEL,ID_UCZEN,WYMAGANA,DATA_OCENY,DATA_WPISANIA,DATA_MODYFIKACJI,LOG_OPERATION) values ('15','8','5','4','5','5','nie',to_date('22/05/21','RR/MM/DD'),to_date('22/05/21','RR/MM/DD'),to_timestamp('23/01/18 17:56:03,878027000','RR/MM/DD HH24:MI:SSXFF'),'nowa ocena insert');
Insert into PROJEKT_OSWIECIMSKA_SPYTKOWSKA_GLOD.OCENY_LOG (ID_OCENA,ID_PRZEDMIOT,ID_RODZAJ_OCENY,WARTOSC_OCENY,ID_NAUCZYCIEL,ID_UCZEN,WYMAGANA,DATA_OCENY,DATA_WPISANIA,DATA_MODYFIKACJI,LOG_OPERATION) values ('16','13','6','6','16','6','tak',to_date('22/06/23','RR/MM/DD'),to_date('22/06/23','RR/MM/DD'),to_timestamp('23/01/18 17:56:03,988943000','RR/MM/DD HH24:MI:SSXFF'),'nowa ocena insert');
Insert into PROJEKT_OSWIECIMSKA_SPYTKOWSKA_GLOD.OCENY_LOG (ID_OCENA,ID_PRZEDMIOT,ID_RODZAJ_OCENY,WARTOSC_OCENY,ID_NAUCZYCIEL,ID_UCZEN,WYMAGANA,DATA_OCENY,DATA_WPISANIA,DATA_MODYFIKACJI,LOG_OPERATION) values ('17','14','7','5','7','7','tak',to_date('22/03/06','RR/MM/DD'),to_date('22/03/06','RR/MM/DD'),to_timestamp('23/01/18 17:56:04,103493000','RR/MM/DD HH24:MI:SSXFF'),'nowa ocena insert');
Insert into PROJEKT_OSWIECIMSKA_SPYTKOWSKA_GLOD.OCENY_LOG (ID_OCENA,ID_PRZEDMIOT,ID_RODZAJ_OCENY,WARTOSC_OCENY,ID_NAUCZYCIEL,ID_UCZEN,WYMAGANA,DATA_OCENY,DATA_WPISANIA,DATA_MODYFIKACJI,LOG_OPERATION) values ('18','4','8','4','8','8','tak',to_date('22/05/21','RR/MM/DD'),to_date('22/05/21','RR/MM/DD'),to_timestamp('23/01/18 17:56:04,231770000','RR/MM/DD HH24:MI:SSXFF'),'nowa ocena insert');
Insert into PROJEKT_OSWIECIMSKA_SPYTKOWSKA_GLOD.OCENY_LOG (ID_OCENA,ID_PRZEDMIOT,ID_RODZAJ_OCENY,WARTOSC_OCENY,ID_NAUCZYCIEL,ID_UCZEN,WYMAGANA,DATA_OCENY,DATA_WPISANIA,DATA_MODYFIKACJI,LOG_OPERATION) values ('19','15','9','3','9','9','nie',to_date('22/02/11','RR/MM/DD'),to_date('22/02/11','RR/MM/DD'),to_timestamp('23/01/18 17:56:04,363652000','RR/MM/DD HH24:MI:SSXFF'),'nowa ocena insert');
Insert into PROJEKT_OSWIECIMSKA_SPYTKOWSKA_GLOD.OCENY_LOG (ID_OCENA,ID_PRZEDMIOT,ID_RODZAJ_OCENY,WARTOSC_OCENY,ID_NAUCZYCIEL,ID_UCZEN,WYMAGANA,DATA_OCENY,DATA_WPISANIA,DATA_MODYFIKACJI,LOG_OPERATION) values ('20','22','10','1','10','10','tak',to_date('22/01/13','RR/MM/DD'),to_date('22/01/13','RR/MM/DD'),to_timestamp('23/01/18 17:56:04,494014000','RR/MM/DD HH24:MI:SSXFF'),'nowa ocena insert');
REM INSERTING into PROJEKT_OSWIECIMSKA_SPYTKOWSKA_GLOD.PRZEDMIOTY
SET DEFINE OFF;
Insert into PROJEKT_OSWIECIMSKA_SPYTKOWSKA_GLOD.PRZEDMIOTY (ID_PRZEDMIOT,NAZWA_PRZEDMIOT) values ('1','Matematyka');
Insert into PROJEKT_OSWIECIMSKA_SPYTKOWSKA_GLOD.PRZEDMIOTY (ID_PRZEDMIOT,NAZWA_PRZEDMIOT) values ('2','Fizyka');
Insert into PROJEKT_OSWIECIMSKA_SPYTKOWSKA_GLOD.PRZEDMIOTY (ID_PRZEDMIOT,NAZWA_PRZEDMIOT) values ('3','Chemia');
Insert into PROJEKT_OSWIECIMSKA_SPYTKOWSKA_GLOD.PRZEDMIOTY (ID_PRZEDMIOT,NAZWA_PRZEDMIOT) values ('4','Biologia');
Insert into PROJEKT_OSWIECIMSKA_SPYTKOWSKA_GLOD.PRZEDMIOTY (ID_PRZEDMIOT,NAZWA_PRZEDMIOT) values ('5','Geografia');
Insert into PROJEKT_OSWIECIMSKA_SPYTKOWSKA_GLOD.PRZEDMIOTY (ID_PRZEDMIOT,NAZWA_PRZEDMIOT) values ('6','Historia');
Insert into PROJEKT_OSWIECIMSKA_SPYTKOWSKA_GLOD.PRZEDMIOTY (ID_PRZEDMIOT,NAZWA_PRZEDMIOT) values ('7','Informatyka');
Insert into PROJEKT_OSWIECIMSKA_SPYTKOWSKA_GLOD.PRZEDMIOTY (ID_PRZEDMIOT,NAZWA_PRZEDMIOT) values ('8','Wiedza o spo³eczeñstwie');
Insert into PROJEKT_OSWIECIMSKA_SPYTKOWSKA_GLOD.PRZEDMIOTY (ID_PRZEDMIOT,NAZWA_PRZEDMIOT) values ('9','Historia i spo³eczeñstwo');
Insert into PROJEKT_OSWIECIMSKA_SPYTKOWSKA_GLOD.PRZEDMIOTY (ID_PRZEDMIOT,NAZWA_PRZEDMIOT) values ('10','Ekonomia');
Insert into PROJEKT_OSWIECIMSKA_SPYTKOWSKA_GLOD.PRZEDMIOTY (ID_PRZEDMIOT,NAZWA_PRZEDMIOT) values ('11','Wiedza o kulturze');
Insert into PROJEKT_OSWIECIMSKA_SPYTKOWSKA_GLOD.PRZEDMIOTY (ID_PRZEDMIOT,NAZWA_PRZEDMIOT) values ('12','Religia');
Insert into PROJEKT_OSWIECIMSKA_SPYTKOWSKA_GLOD.PRZEDMIOTY (ID_PRZEDMIOT,NAZWA_PRZEDMIOT) values ('13','Wychowanie fizyczna');
Insert into PROJEKT_OSWIECIMSKA_SPYTKOWSKA_GLOD.PRZEDMIOTY (ID_PRZEDMIOT,NAZWA_PRZEDMIOT) values ('14','Muzyka');
Insert into PROJEKT_OSWIECIMSKA_SPYTKOWSKA_GLOD.PRZEDMIOTY (ID_PRZEDMIOT,NAZWA_PRZEDMIOT) values ('15','Plastyka');
Insert into PROJEKT_OSWIECIMSKA_SPYTKOWSKA_GLOD.PRZEDMIOTY (ID_PRZEDMIOT,NAZWA_PRZEDMIOT) values ('16','Technika');
Insert into PROJEKT_OSWIECIMSKA_SPYTKOWSKA_GLOD.PRZEDMIOTY (ID_PRZEDMIOT,NAZWA_PRZEDMIOT) values ('17','Jêzyk polski');
Insert into PROJEKT_OSWIECIMSKA_SPYTKOWSKA_GLOD.PRZEDMIOTY (ID_PRZEDMIOT,NAZWA_PRZEDMIOT) values ('18','Jêzyk angielski');
Insert into PROJEKT_OSWIECIMSKA_SPYTKOWSKA_GLOD.PRZEDMIOTY (ID_PRZEDMIOT,NAZWA_PRZEDMIOT) values ('19','Jêzyk w³oski');
Insert into PROJEKT_OSWIECIMSKA_SPYTKOWSKA_GLOD.PRZEDMIOTY (ID_PRZEDMIOT,NAZWA_PRZEDMIOT) values ('20','Jêzyk niemiecki');
Insert into PROJEKT_OSWIECIMSKA_SPYTKOWSKA_GLOD.PRZEDMIOTY (ID_PRZEDMIOT,NAZWA_PRZEDMIOT) values ('21','Jêzyk francuski');
Insert into PROJEKT_OSWIECIMSKA_SPYTKOWSKA_GLOD.PRZEDMIOTY (ID_PRZEDMIOT,NAZWA_PRZEDMIOT) values ('22','Jêzyk hiszpañski');
REM INSERTING into PROJEKT_OSWIECIMSKA_SPYTKOWSKA_GLOD.RODZAJ_OCENY
SET DEFINE OFF;
Insert into PROJEKT_OSWIECIMSKA_SPYTKOWSKA_GLOD.RODZAJ_OCENY (ID_RODZAJ_OCENY,TYP_RODZAJ_OCENY,WAGA_RODZAJ_OCENY,POPRAWA) values ('1','Kartkówka','0,2','tak');
Insert into PROJEKT_OSWIECIMSKA_SPYTKOWSKA_GLOD.RODZAJ_OCENY (ID_RODZAJ_OCENY,TYP_RODZAJ_OCENY,WAGA_RODZAJ_OCENY,POPRAWA) values ('2','Sprawdzian','0,3','tak');
Insert into PROJEKT_OSWIECIMSKA_SPYTKOWSKA_GLOD.RODZAJ_OCENY (ID_RODZAJ_OCENY,TYP_RODZAJ_OCENY,WAGA_RODZAJ_OCENY,POPRAWA) values ('3','Aktywnoœæ','0,2','nie');
Insert into PROJEKT_OSWIECIMSKA_SPYTKOWSKA_GLOD.RODZAJ_OCENY (ID_RODZAJ_OCENY,TYP_RODZAJ_OCENY,WAGA_RODZAJ_OCENY,POPRAWA) values ('4','Projekt','0,1','tak');
Insert into PROJEKT_OSWIECIMSKA_SPYTKOWSKA_GLOD.RODZAJ_OCENY (ID_RODZAJ_OCENY,TYP_RODZAJ_OCENY,WAGA_RODZAJ_OCENY,POPRAWA) values ('5','Kolokwium','0,2','tak');
Insert into PROJEKT_OSWIECIMSKA_SPYTKOWSKA_GLOD.RODZAJ_OCENY (ID_RODZAJ_OCENY,TYP_RODZAJ_OCENY,WAGA_RODZAJ_OCENY,POPRAWA) values ('6','Odpowiedzi ustne','0,1','nie');
Insert into PROJEKT_OSWIECIMSKA_SPYTKOWSKA_GLOD.RODZAJ_OCENY (ID_RODZAJ_OCENY,TYP_RODZAJ_OCENY,WAGA_RODZAJ_OCENY,POPRAWA) values ('7','Prace domowe','0,1','nie');
Insert into PROJEKT_OSWIECIMSKA_SPYTKOWSKA_GLOD.RODZAJ_OCENY (ID_RODZAJ_OCENY,TYP_RODZAJ_OCENY,WAGA_RODZAJ_OCENY,POPRAWA) values ('8','Zadanie','0,1','tak');
Insert into PROJEKT_OSWIECIMSKA_SPYTKOWSKA_GLOD.RODZAJ_OCENY (ID_RODZAJ_OCENY,TYP_RODZAJ_OCENY,WAGA_RODZAJ_OCENY,POPRAWA) values ('9','Egzamin','0,3','0');
Insert into PROJEKT_OSWIECIMSKA_SPYTKOWSKA_GLOD.RODZAJ_OCENY (ID_RODZAJ_OCENY,TYP_RODZAJ_OCENY,WAGA_RODZAJ_OCENY,POPRAWA) values ('10','Kartkówka','0,2','tak');
Insert into PROJEKT_OSWIECIMSKA_SPYTKOWSKA_GLOD.RODZAJ_OCENY (ID_RODZAJ_OCENY,TYP_RODZAJ_OCENY,WAGA_RODZAJ_OCENY,POPRAWA) values ('11','Sprawdzian','0,3','tak');
Insert into PROJEKT_OSWIECIMSKA_SPYTKOWSKA_GLOD.RODZAJ_OCENY (ID_RODZAJ_OCENY,TYP_RODZAJ_OCENY,WAGA_RODZAJ_OCENY,POPRAWA) values ('12','Praca klasowa','0,4','tak');
Insert into PROJEKT_OSWIECIMSKA_SPYTKOWSKA_GLOD.RODZAJ_OCENY (ID_RODZAJ_OCENY,TYP_RODZAJ_OCENY,WAGA_RODZAJ_OCENY,POPRAWA) values ('13','Zadanie grupowe','0,3','nie');
Insert into PROJEKT_OSWIECIMSKA_SPYTKOWSKA_GLOD.RODZAJ_OCENY (ID_RODZAJ_OCENY,TYP_RODZAJ_OCENY,WAGA_RODZAJ_OCENY,POPRAWA) values ('14','Egzamin','0,5','nie');
Insert into PROJEKT_OSWIECIMSKA_SPYTKOWSKA_GLOD.RODZAJ_OCENY (ID_RODZAJ_OCENY,TYP_RODZAJ_OCENY,WAGA_RODZAJ_OCENY,POPRAWA) values ('15','Aktywnoœæ','0,1','nie');
Insert into PROJEKT_OSWIECIMSKA_SPYTKOWSKA_GLOD.RODZAJ_OCENY (ID_RODZAJ_OCENY,TYP_RODZAJ_OCENY,WAGA_RODZAJ_OCENY,POPRAWA) values ('16','Osi¹gniêcia','0,1','nie');
Insert into PROJEKT_OSWIECIMSKA_SPYTKOWSKA_GLOD.RODZAJ_OCENY (ID_RODZAJ_OCENY,TYP_RODZAJ_OCENY,WAGA_RODZAJ_OCENY,POPRAWA) values ('17','Zadanie domowe','0,1','tak');
Insert into PROJEKT_OSWIECIMSKA_SPYTKOWSKA_GLOD.RODZAJ_OCENY (ID_RODZAJ_OCENY,TYP_RODZAJ_OCENY,WAGA_RODZAJ_OCENY,POPRAWA) values ('18','Prezentacja','0,2','nie');
Insert into PROJEKT_OSWIECIMSKA_SPYTKOWSKA_GLOD.RODZAJ_OCENY (ID_RODZAJ_OCENY,TYP_RODZAJ_OCENY,WAGA_RODZAJ_OCENY,POPRAWA) values ('19','Projekt','0,3','nie');
Insert into PROJEKT_OSWIECIMSKA_SPYTKOWSKA_GLOD.RODZAJ_OCENY (ID_RODZAJ_OCENY,TYP_RODZAJ_OCENY,WAGA_RODZAJ_OCENY,POPRAWA) values ('20','Kartkówka','0,3','nie');
REM INSERTING into PROJEKT_OSWIECIMSKA_SPYTKOWSKA_GLOD.RODZICE
SET DEFINE OFF;
Insert into PROJEKT_OSWIECIMSKA_SPYTKOWSKA_GLOD.RODZICE (ID_RODZIC,IMIE_RODZIC,NAZWISKO_RODZIC,LOGIN_RODZIC,HASLO_RODZIC,DATA_URODZENIA_RODZIC,NR_TEL_RODZIC,MAIL_RODZIC,ID_ADRES) values ('1','Jan','Kowalski','jkowalski','haslo101',to_date('60/01/01','RR/MM/DD'),'555 555 555','jkowalski@gmail.com','1');
Insert into PROJEKT_OSWIECIMSKA_SPYTKOWSKA_GLOD.RODZICE (ID_RODZIC,IMIE_RODZIC,NAZWISKO_RODZIC,LOGIN_RODZIC,HASLO_RODZIC,DATA_URODZENIA_RODZIC,NR_TEL_RODZIC,MAIL_RODZIC,ID_ADRES) values ('2','Anna','Nowak','anowak','haslo102',to_date('60/02/15','RR/MM/DD'),'555 555 556','anowak@gmail.com','2');
Insert into PROJEKT_OSWIECIMSKA_SPYTKOWSKA_GLOD.RODZICE (ID_RODZIC,IMIE_RODZIC,NAZWISKO_RODZIC,LOGIN_RODZIC,HASLO_RODZIC,DATA_URODZENIA_RODZIC,NR_TEL_RODZIC,MAIL_RODZIC,ID_ADRES) values ('3','Piotr','Wiœniewski','pwisniewski','haslo103',to_date('60/03/30','RR/MM/DD'),'555 555 557','pwisniewski@gmail.com','3');
Insert into PROJEKT_OSWIECIMSKA_SPYTKOWSKA_GLOD.RODZICE (ID_RODZIC,IMIE_RODZIC,NAZWISKO_RODZIC,LOGIN_RODZIC,HASLO_RODZIC,DATA_URODZENIA_RODZIC,NR_TEL_RODZIC,MAIL_RODZIC,ID_ADRES) values ('4','Katarzyna','Kowalska','kkowalska','haslo104',to_date('60/05/20','RR/MM/DD'),'555 555 558','kkowalska@gmail.com','4');
Insert into PROJEKT_OSWIECIMSKA_SPYTKOWSKA_GLOD.RODZICE (ID_RODZIC,IMIE_RODZIC,NAZWISKO_RODZIC,LOGIN_RODZIC,HASLO_RODZIC,DATA_URODZENIA_RODZIC,NR_TEL_RODZIC,MAIL_RODZIC,ID_ADRES) values ('5','Adam','Malinowski','amalinowski','haslo105',to_date('60/06/10','RR/MM/DD'),'555 555 559','amalinowski@gmail.com','5');
Insert into PROJEKT_OSWIECIMSKA_SPYTKOWSKA_GLOD.RODZICE (ID_RODZIC,IMIE_RODZIC,NAZWISKO_RODZIC,LOGIN_RODZIC,HASLO_RODZIC,DATA_URODZENIA_RODZIC,NR_TEL_RODZIC,MAIL_RODZIC,ID_ADRES) values ('6','Ewa','Adamczyk','eadamczyk','haslo106',to_date('61/07/25','RR/MM/DD'),'555 555 560','eadamczyk@o2.pl','6');
Insert into PROJEKT_OSWIECIMSKA_SPYTKOWSKA_GLOD.RODZICE (ID_RODZIC,IMIE_RODZIC,NAZWISKO_RODZIC,LOGIN_RODZIC,HASLO_RODZIC,DATA_URODZENIA_RODZIC,NR_TEL_RODZIC,MAIL_RODZIC,ID_ADRES) values ('7','Tomasz','Wojciechowski','twojciechowski','haslo107',to_date('61/08/15','RR/MM/DD'),'555 555 561','twojciechowski@gmail.com','7');
Insert into PROJEKT_OSWIECIMSKA_SPYTKOWSKA_GLOD.RODZICE (ID_RODZIC,IMIE_RODZIC,NAZWISKO_RODZIC,LOGIN_RODZIC,HASLO_RODZIC,DATA_URODZENIA_RODZIC,NR_TEL_RODZIC,MAIL_RODZIC,ID_ADRES) values ('8','Barbara','Koz³owska','bkozlowska','haslo108',to_date('61/09/05','RR/MM/DD'),'555 555 562','bkozlowska@interia.pl','8');
Insert into PROJEKT_OSWIECIMSKA_SPYTKOWSKA_GLOD.RODZICE (ID_RODZIC,IMIE_RODZIC,NAZWISKO_RODZIC,LOGIN_RODZIC,HASLO_RODZIC,DATA_URODZENIA_RODZIC,NR_TEL_RODZIC,MAIL_RODZIC,ID_ADRES) values ('9','Mariusz','Jankowski','mjankowski','haslo109',to_date('61/10/01','RR/MM/DD'),'555 555 563','mjankowski@gmail.com','9');
Insert into PROJEKT_OSWIECIMSKA_SPYTKOWSKA_GLOD.RODZICE (ID_RODZIC,IMIE_RODZIC,NAZWISKO_RODZIC,LOGIN_RODZIC,HASLO_RODZIC,DATA_URODZENIA_RODZIC,NR_TEL_RODZIC,MAIL_RODZIC,ID_ADRES) values ('10','Marta','Wróbel','mwrobel','haslo110',to_date('61/11/11','RR/MM/DD'),'555 555 564','mwrobel@onet.pl','10');
Insert into PROJEKT_OSWIECIMSKA_SPYTKOWSKA_GLOD.RODZICE (ID_RODZIC,IMIE_RODZIC,NAZWISKO_RODZIC,LOGIN_RODZIC,HASLO_RODZIC,DATA_URODZENIA_RODZIC,NR_TEL_RODZIC,MAIL_RODZIC,ID_ADRES) values ('11','Andrzej','Kracik','akracik','haslo111',to_date('62/02/01','RR/MM/DD'),'987654321','akracik@gmail.com','11');
Insert into PROJEKT_OSWIECIMSKA_SPYTKOWSKA_GLOD.RODZICE (ID_RODZIC,IMIE_RODZIC,NAZWISKO_RODZIC,LOGIN_RODZIC,HASLO_RODZIC,DATA_URODZENIA_RODZIC,NR_TEL_RODZIC,MAIL_RODZIC,ID_ADRES) values ('12','Magdalena','Wójcik','magdalenawojcik','haslo112',to_date('62/03/24','RR/MM/DD'),'102938475','magdalenawojcik@gmail.com','12');
Insert into PROJEKT_OSWIECIMSKA_SPYTKOWSKA_GLOD.RODZICE (ID_RODZIC,IMIE_RODZIC,NAZWISKO_RODZIC,LOGIN_RODZIC,HASLO_RODZIC,DATA_URODZENIA_RODZIC,NR_TEL_RODZIC,MAIL_RODZIC,ID_ADRES) values ('13','Eliza','Skoczyk','eskoczyk','haslo113',to_date('62/03/25','RR/MM/DD'),'109826793','eskoczyk@gmail.com','13');
Insert into PROJEKT_OSWIECIMSKA_SPYTKOWSKA_GLOD.RODZICE (ID_RODZIC,IMIE_RODZIC,NAZWISKO_RODZIC,LOGIN_RODZIC,HASLO_RODZIC,DATA_URODZENIA_RODZIC,NR_TEL_RODZIC,MAIL_RODZIC,ID_ADRES) values ('14','£ukasz','Dziedzic','ldziedzic','haslo114',to_date('62/02/07','RR/MM/DD'),'109629406','ldziedzic@gmail.com','14');
Insert into PROJEKT_OSWIECIMSKA_SPYTKOWSKA_GLOD.RODZICE (ID_RODZIC,IMIE_RODZIC,NAZWISKO_RODZIC,LOGIN_RODZIC,HASLO_RODZIC,DATA_URODZENIA_RODZIC,NR_TEL_RODZIC,MAIL_RODZIC,ID_ADRES) values ('15','Ewa','Dudek','edudek','haslo115',to_date('62/05/01','RR/MM/DD'),'010293847','edudek@gmail.com','15');
Insert into PROJEKT_OSWIECIMSKA_SPYTKOWSKA_GLOD.RODZICE (ID_RODZIC,IMIE_RODZIC,NAZWISKO_RODZIC,LOGIN_RODZIC,HASLO_RODZIC,DATA_URODZENIA_RODZIC,NR_TEL_RODZIC,MAIL_RODZIC,ID_ADRES) values ('16','Adam','Nowakowski','anowakowski','haslo116',to_date('63/03/01','RR/MM/DD'),'142356281','anowakowski@gmail.com','16');
Insert into PROJEKT_OSWIECIMSKA_SPYTKOWSKA_GLOD.RODZICE (ID_RODZIC,IMIE_RODZIC,NAZWISKO_RODZIC,LOGIN_RODZIC,HASLO_RODZIC,DATA_URODZENIA_RODZIC,NR_TEL_RODZIC,MAIL_RODZIC,ID_ADRES) values ('17','Micha³','Krasnal','mkrasnal','haslo117',to_date('63/03/01','RR/MM/DD'),'092387467','mkrasnal@interia.pl','17');
Insert into PROJEKT_OSWIECIMSKA_SPYTKOWSKA_GLOD.RODZICE (ID_RODZIC,IMIE_RODZIC,NAZWISKO_RODZIC,LOGIN_RODZIC,HASLO_RODZIC,DATA_URODZENIA_RODZIC,NR_TEL_RODZIC,MAIL_RODZIC,ID_ADRES) values ('18','Zbigniew','Tomala','ztomala','haslo118',to_date('63/04/01','RR/MM/DD'),'123278792','ztomala@gmail.com','18');
Insert into PROJEKT_OSWIECIMSKA_SPYTKOWSKA_GLOD.RODZICE (ID_RODZIC,IMIE_RODZIC,NAZWISKO_RODZIC,LOGIN_RODZIC,HASLO_RODZIC,DATA_URODZENIA_RODZIC,NR_TEL_RODZIC,MAIL_RODZIC,ID_ADRES) values ('19','Piotr','Rafacz','prafacz','haslo119',to_date('63/03/01','RR/MM/DD'),'098091254','prafacz@o2.pl','19');
Insert into PROJEKT_OSWIECIMSKA_SPYTKOWSKA_GLOD.RODZICE (ID_RODZIC,IMIE_RODZIC,NAZWISKO_RODZIC,LOGIN_RODZIC,HASLO_RODZIC,DATA_URODZENIA_RODZIC,NR_TEL_RODZIC,MAIL_RODZIC,ID_ADRES) values ('20','Wiktoria','Pawlak','wpawlak','haslo120',to_date('63/03/01','RR/MM/DD'),'109878990','wpawlak@gmail.com','20');
Insert into PROJEKT_OSWIECIMSKA_SPYTKOWSKA_GLOD.RODZICE (ID_RODZIC,IMIE_RODZIC,NAZWISKO_RODZIC,LOGIN_RODZIC,HASLO_RODZIC,DATA_URODZENIA_RODZIC,NR_TEL_RODZIC,MAIL_RODZIC,ID_ADRES) values ('21','Stefan','Mazur','wpawlak','haslo121',to_date('64/03/01','RR/MM/DD'),'102981765','smazur@gmail.com','21');
Insert into PROJEKT_OSWIECIMSKA_SPYTKOWSKA_GLOD.RODZICE (ID_RODZIC,IMIE_RODZIC,NAZWISKO_RODZIC,LOGIN_RODZIC,HASLO_RODZIC,DATA_URODZENIA_RODZIC,NR_TEL_RODZIC,MAIL_RODZIC,ID_ADRES) values ('22','Antoni','Laska','alaska','haslo122',to_date('64/01/31','RR/MM/DD'),'128769098','alaska@o2.pl','22');
Insert into PROJEKT_OSWIECIMSKA_SPYTKOWSKA_GLOD.RODZICE (ID_RODZIC,IMIE_RODZIC,NAZWISKO_RODZIC,LOGIN_RODZIC,HASLO_RODZIC,DATA_URODZENIA_RODZIC,NR_TEL_RODZIC,MAIL_RODZIC,ID_ADRES) values ('23','Agata','Danek','adanek','haslo123',to_date('64/09/01','RR/MM/DD'),'555 555 567','adanek@gmail.com','23');
Insert into PROJEKT_OSWIECIMSKA_SPYTKOWSKA_GLOD.RODZICE (ID_RODZIC,IMIE_RODZIC,NAZWISKO_RODZIC,LOGIN_RODZIC,HASLO_RODZIC,DATA_URODZENIA_RODZIC,NR_TEL_RODZIC,MAIL_RODZIC,ID_ADRES) values ('24','Igor','Kott','ikott','haslo124',to_date('64/10/15','RR/MM/DD'),'555 555 568','ikott@go2.pl','24');
Insert into PROJEKT_OSWIECIMSKA_SPYTKOWSKA_GLOD.RODZICE (ID_RODZIC,IMIE_RODZIC,NAZWISKO_RODZIC,LOGIN_RODZIC,HASLO_RODZIC,DATA_URODZENIA_RODZIC,NR_TEL_RODZIC,MAIL_RODZIC,ID_ADRES) values ('25','Krzysztof','Kurczak','kkurczak','haslo125',to_date('64/11/30','RR/MM/DD'),'555 555 569','kkurczak@gmail.com','25');
Insert into PROJEKT_OSWIECIMSKA_SPYTKOWSKA_GLOD.RODZICE (ID_RODZIC,IMIE_RODZIC,NAZWISKO_RODZIC,LOGIN_RODZIC,HASLO_RODZIC,DATA_URODZENIA_RODZIC,NR_TEL_RODZIC,MAIL_RODZIC,ID_ADRES) values ('26','Jacek','Gacek','jgacek','haslo126',to_date('65/12/20','RR/MM/DD'),'555 555 570','jgacek@gmail.com','26');
Insert into PROJEKT_OSWIECIMSKA_SPYTKOWSKA_GLOD.RODZICE (ID_RODZIC,IMIE_RODZIC,NAZWISKO_RODZIC,LOGIN_RODZIC,HASLO_RODZIC,DATA_URODZENIA_RODZIC,NR_TEL_RODZIC,MAIL_RODZIC,ID_ADRES) values ('27','Janina','Nowak','jnowak','haslo127',to_date('65/01/01','RR/MM/DD'),'555 555 565','jnowak@onet.pl','27');
Insert into PROJEKT_OSWIECIMSKA_SPYTKOWSKA_GLOD.RODZICE (ID_RODZIC,IMIE_RODZIC,NAZWISKO_RODZIC,LOGIN_RODZIC,HASLO_RODZIC,DATA_URODZENIA_RODZIC,NR_TEL_RODZIC,MAIL_RODZIC,ID_ADRES) values ('28','Mateusz','Wiœniewski','mwisniewski','haslo128',to_date('65/02/15','RR/MM/DD'),'555 555 566','mwisniewski@gmail.com','28');
Insert into PROJEKT_OSWIECIMSKA_SPYTKOWSKA_GLOD.RODZICE (ID_RODZIC,IMIE_RODZIC,NAZWISKO_RODZIC,LOGIN_RODZIC,HASLO_RODZIC,DATA_URODZENIA_RODZIC,NR_TEL_RODZIC,MAIL_RODZIC,ID_ADRES) values ('29','Joanna','Garbiarz','jgarbiarz','haslo129',to_date('65/03/30','RR/MM/DD'),'555 555 567','jkrawczyk@gmail.com','29');
Insert into PROJEKT_OSWIECIMSKA_SPYTKOWSKA_GLOD.RODZICE (ID_RODZIC,IMIE_RODZIC,NAZWISKO_RODZIC,LOGIN_RODZIC,HASLO_RODZIC,DATA_URODZENIA_RODZIC,NR_TEL_RODZIC,MAIL_RODZIC,ID_ADRES) values ('30','Jolanta','Malinowska','jmalinowska','haslo130',to_date('65/05/20','RR/MM/DD'),'555 555 568','jmalinowska@gmail.com','30');
Insert into PROJEKT_OSWIECIMSKA_SPYTKOWSKA_GLOD.RODZICE (ID_RODZIC,IMIE_RODZIC,NAZWISKO_RODZIC,LOGIN_RODZIC,HASLO_RODZIC,DATA_URODZENIA_RODZIC,NR_TEL_RODZIC,MAIL_RODZIC,ID_ADRES) values ('31','Kazimierz','Malinowski','kmalinowski','haslo131',to_date('63/02/21','RR/MM/DD'),'694418394','kmalinowski@interia.pl','30');
Insert into PROJEKT_OSWIECIMSKA_SPYTKOWSKA_GLOD.RODZICE (ID_RODZIC,IMIE_RODZIC,NAZWISKO_RODZIC,LOGIN_RODZIC,HASLO_RODZIC,DATA_URODZENIA_RODZIC,NR_TEL_RODZIC,MAIL_RODZIC,ID_ADRES) values ('32','Ernest','Paw³owski','mpawlowski','haslo132',to_date('72/11/12','RR/MM/DD'),null,null,'31');
Insert into PROJEKT_OSWIECIMSKA_SPYTKOWSKA_GLOD.RODZICE (ID_RODZIC,IMIE_RODZIC,NAZWISKO_RODZIC,LOGIN_RODZIC,HASLO_RODZIC,DATA_URODZENIA_RODZIC,NR_TEL_RODZIC,MAIL_RODZIC,ID_ADRES) values ('33','Janina','Paw³owska','jpawlowska','haslo133',to_date('86/08/30','RR/MM/DD'),null,'jpawlowska@wp.pl','31');
Insert into PROJEKT_OSWIECIMSKA_SPYTKOWSKA_GLOD.RODZICE (ID_RODZIC,IMIE_RODZIC,NAZWISKO_RODZIC,LOGIN_RODZIC,HASLO_RODZIC,DATA_URODZENIA_RODZIC,NR_TEL_RODZIC,MAIL_RODZIC,ID_ADRES) values ('34','Edmund','Kowalik','ekowalik','haslo134',to_date('86/08/30','RR/MM/DD'),'799 656 06','ekowalik@o2.pl','32');
Insert into PROJEKT_OSWIECIMSKA_SPYTKOWSKA_GLOD.RODZICE (ID_RODZIC,IMIE_RODZIC,NAZWISKO_RODZIC,LOGIN_RODZIC,HASLO_RODZIC,DATA_URODZENIA_RODZIC,NR_TEL_RODZIC,MAIL_RODZIC,ID_ADRES) values ('35','Jakub','Kozio³','jkoziol','haslo135',to_date('94/12/14','RR/MM/DD'),'236 772 650',null,'33');
Insert into PROJEKT_OSWIECIMSKA_SPYTKOWSKA_GLOD.RODZICE (ID_RODZIC,IMIE_RODZIC,NAZWISKO_RODZIC,LOGIN_RODZIC,HASLO_RODZIC,DATA_URODZENIA_RODZIC,NR_TEL_RODZIC,MAIL_RODZIC,ID_ADRES) values ('36','Boles³awa','Kozio³','bkoziol','haslo136',to_date('97/12/19','RR/MM/DD'),'694751494','bkoziol@gmail.com','33');
Insert into PROJEKT_OSWIECIMSKA_SPYTKOWSKA_GLOD.RODZICE (ID_RODZIC,IMIE_RODZIC,NAZWISKO_RODZIC,LOGIN_RODZIC,HASLO_RODZIC,DATA_URODZENIA_RODZIC,NR_TEL_RODZIC,MAIL_RODZIC,ID_ADRES) values ('37','Antonina','Baran','abaran','haslo137',to_date('79/04/18','RR/MM/DD'),'518 743 495',null,'34');
Insert into PROJEKT_OSWIECIMSKA_SPYTKOWSKA_GLOD.RODZICE (ID_RODZIC,IMIE_RODZIC,NAZWISKO_RODZIC,LOGIN_RODZIC,HASLO_RODZIC,DATA_URODZENIA_RODZIC,NR_TEL_RODZIC,MAIL_RODZIC,ID_ADRES) values ('38','Mateusz','Wojciechowski','mwojciechowski','haslo138',to_date('63/02/21','RR/MM/DD'),'694482431','mwojciechowski@interia.pl','35');
Insert into PROJEKT_OSWIECIMSKA_SPYTKOWSKA_GLOD.RODZICE (ID_RODZIC,IMIE_RODZIC,NAZWISKO_RODZIC,LOGIN_RODZIC,HASLO_RODZIC,DATA_URODZENIA_RODZIC,NR_TEL_RODZIC,MAIL_RODZIC,ID_ADRES) values ('39','Natalia','Wojciechowska','nwojciechowska','haslo139',to_date('86/08/30','RR/MM/DD'),'793883937','nwojciechowska@wp.pl','35');
Insert into PROJEKT_OSWIECIMSKA_SPYTKOWSKA_GLOD.RODZICE (ID_RODZIC,IMIE_RODZIC,NAZWISKO_RODZIC,LOGIN_RODZIC,HASLO_RODZIC,DATA_URODZENIA_RODZIC,NR_TEL_RODZIC,MAIL_RODZIC,ID_ADRES) values ('40','Kaja','Baranowska','kbaranowska','haslo140',to_date('67/10/27','RR/MM/DD'),'221 134 569','kbaranowska@onet.pl','36');
Insert into PROJEKT_OSWIECIMSKA_SPYTKOWSKA_GLOD.RODZICE (ID_RODZIC,IMIE_RODZIC,NAZWISKO_RODZIC,LOGIN_RODZIC,HASLO_RODZIC,DATA_URODZENIA_RODZIC,NR_TEL_RODZIC,MAIL_RODZIC,ID_ADRES) values ('41','Olaf','Lewandowski','olewandowski','haslo141',to_date('67/07/01','RR/MM/DD'),'604308058','olewandowski@gmail.com','37');
Insert into PROJEKT_OSWIECIMSKA_SPYTKOWSKA_GLOD.RODZICE (ID_RODZIC,IMIE_RODZIC,NAZWISKO_RODZIC,LOGIN_RODZIC,HASLO_RODZIC,DATA_URODZENIA_RODZIC,NR_TEL_RODZIC,MAIL_RODZIC,ID_ADRES) values ('42','Benedykt','Kowal','bkowal','haslo142',to_date('72/01/18','RR/MM/DD'),null,'bkowal@o2.pl','38');
Insert into PROJEKT_OSWIECIMSKA_SPYTKOWSKA_GLOD.RODZICE (ID_RODZIC,IMIE_RODZIC,NAZWISKO_RODZIC,LOGIN_RODZIC,HASLO_RODZIC,DATA_URODZENIA_RODZIC,NR_TEL_RODZIC,MAIL_RODZIC,ID_ADRES) values ('43','Sandra','Kowal','skowal','haslo142',to_date('87/05/10','RR/MM/DD'),'506023983','skowal@interia.pl','38');
Insert into PROJEKT_OSWIECIMSKA_SPYTKOWSKA_GLOD.RODZICE (ID_RODZIC,IMIE_RODZIC,NAZWISKO_RODZIC,LOGIN_RODZIC,HASLO_RODZIC,DATA_URODZENIA_RODZIC,NR_TEL_RODZIC,MAIL_RODZIC,ID_ADRES) values ('44','Klaudia','Kurek','kkurek','haslo143',to_date('87/01/22','RR/MM/DD'),null,'kkurek@wp.pl','39');
Insert into PROJEKT_OSWIECIMSKA_SPYTKOWSKA_GLOD.RODZICE (ID_RODZIC,IMIE_RODZIC,NAZWISKO_RODZIC,LOGIN_RODZIC,HASLO_RODZIC,DATA_URODZENIA_RODZIC,NR_TEL_RODZIC,MAIL_RODZIC,ID_ADRES) values ('45','Leszek','Lipiñski','llipinski','haslo144',to_date('72/12/23','RR/MM/DD'),'604 180 270','llipinski@onet.pl','40');
Insert into PROJEKT_OSWIECIMSKA_SPYTKOWSKA_GLOD.RODZICE (ID_RODZIC,IMIE_RODZIC,NAZWISKO_RODZIC,LOGIN_RODZIC,HASLO_RODZIC,DATA_URODZENIA_RODZIC,NR_TEL_RODZIC,MAIL_RODZIC,ID_ADRES) values ('46','Halina','Lipiñska','hlipinska','haslo145',to_date('79/12/14','RR/MM/DD'),'604935894','hlipinska@onet.pl','40');
Insert into PROJEKT_OSWIECIMSKA_SPYTKOWSKA_GLOD.RODZICE (ID_RODZIC,IMIE_RODZIC,NAZWISKO_RODZIC,LOGIN_RODZIC,HASLO_RODZIC,DATA_URODZENIA_RODZIC,NR_TEL_RODZIC,MAIL_RODZIC,ID_ADRES) values ('47','Przemys³aw','Borkowski','pborkowski','haslo146',to_date('79/12/14','RR/MM/DD'),'604812963','pborkowski@gmail.com','41');
Insert into PROJEKT_OSWIECIMSKA_SPYTKOWSKA_GLOD.RODZICE (ID_RODZIC,IMIE_RODZIC,NAZWISKO_RODZIC,LOGIN_RODZIC,HASLO_RODZIC,DATA_URODZENIA_RODZIC,NR_TEL_RODZIC,MAIL_RODZIC,ID_ADRES) values ('48','Lilianna','Majewska','lmajewska','haslo147',to_date('88/09/05','RR/MM/DD'),'604 599 065','lmajewska@o2.pl','42');
Insert into PROJEKT_OSWIECIMSKA_SPYTKOWSKA_GLOD.RODZICE (ID_RODZIC,IMIE_RODZIC,NAZWISKO_RODZIC,LOGIN_RODZIC,HASLO_RODZIC,DATA_URODZENIA_RODZIC,NR_TEL_RODZIC,MAIL_RODZIC,ID_ADRES) values ('49','Edward','Majewski','emajewski','haslo148',to_date('86/05/10','RR/MM/DD'),'604812963','emajewski@interia.pl','42');
Insert into PROJEKT_OSWIECIMSKA_SPYTKOWSKA_GLOD.RODZICE (ID_RODZIC,IMIE_RODZIC,NAZWISKO_RODZIC,LOGIN_RODZIC,HASLO_RODZIC,DATA_URODZENIA_RODZIC,NR_TEL_RODZIC,MAIL_RODZIC,ID_ADRES) values ('50','Hanna','Kowalczyk','hkowalczyk','haslo149',to_date('81/09/19','RR/MM/DD'),null,'hkowalczyk@wp.pl','43');
Insert into PROJEKT_OSWIECIMSKA_SPYTKOWSKA_GLOD.RODZICE (ID_RODZIC,IMIE_RODZIC,NAZWISKO_RODZIC,LOGIN_RODZIC,HASLO_RODZIC,DATA_URODZENIA_RODZIC,NR_TEL_RODZIC,MAIL_RODZIC,ID_ADRES) values ('51','Józefa','Kasprzak','jkasprzak','haslo150',to_date('65/07/25','RR/MM/DD'),'570224873','jkasprzak@gmail.com','44');
Insert into PROJEKT_OSWIECIMSKA_SPYTKOWSKA_GLOD.RODZICE (ID_RODZIC,IMIE_RODZIC,NAZWISKO_RODZIC,LOGIN_RODZIC,HASLO_RODZIC,DATA_URODZENIA_RODZIC,NR_TEL_RODZIC,MAIL_RODZIC,ID_ADRES) values ('52','Marta','Kruk','mkruk','haslo151',to_date('64/03/02','RR/MM/DD'),'570025004','mkruk@o2.pl','45');
Insert into PROJEKT_OSWIECIMSKA_SPYTKOWSKA_GLOD.RODZICE (ID_RODZIC,IMIE_RODZIC,NAZWISKO_RODZIC,LOGIN_RODZIC,HASLO_RODZIC,DATA_URODZENIA_RODZIC,NR_TEL_RODZIC,MAIL_RODZIC,ID_ADRES) values ('53','Julia','W³odarczyk','jwlodarczyk','haslo152',to_date('84/09/21','RR/MM/DD'),'570906216','jwlodarczyk@gmail.com','46');
Insert into PROJEKT_OSWIECIMSKA_SPYTKOWSKA_GLOD.RODZICE (ID_RODZIC,IMIE_RODZIC,NAZWISKO_RODZIC,LOGIN_RODZIC,HASLO_RODZIC,DATA_URODZENIA_RODZIC,NR_TEL_RODZIC,MAIL_RODZIC,ID_ADRES) values ('54','Bogus³aw','Œliwiñski','bsliwinski','haslo154',to_date('61/02/02','RR/MM/DD'),null,'bsliwinski@o2.pl','47');
Insert into PROJEKT_OSWIECIMSKA_SPYTKOWSKA_GLOD.RODZICE (ID_RODZIC,IMIE_RODZIC,NAZWISKO_RODZIC,LOGIN_RODZIC,HASLO_RODZIC,DATA_URODZENIA_RODZIC,NR_TEL_RODZIC,MAIL_RODZIC,ID_ADRES) values ('55','Zdzis³awa','Michalska','zmichalska','haslo155',to_date('92/03/14','RR/MM/DD'),'793477698','zmichalska@interia.pl','48');
Insert into PROJEKT_OSWIECIMSKA_SPYTKOWSKA_GLOD.RODZICE (ID_RODZIC,IMIE_RODZIC,NAZWISKO_RODZIC,LOGIN_RODZIC,HASLO_RODZIC,DATA_URODZENIA_RODZIC,NR_TEL_RODZIC,MAIL_RODZIC,ID_ADRES) values ('56','Juliusz','Janik','jjanik','haslo156',to_date('72/03/16','RR/MM/DD'),'793883358','jjanik@wp.pl','49');
Insert into PROJEKT_OSWIECIMSKA_SPYTKOWSKA_GLOD.RODZICE (ID_RODZIC,IMIE_RODZIC,NAZWISKO_RODZIC,LOGIN_RODZIC,HASLO_RODZIC,DATA_URODZENIA_RODZIC,NR_TEL_RODZIC,MAIL_RODZIC,ID_ADRES) values ('57','Helmut','Bednarczyk','hbednarczyk','haslo157',to_date('86/03/12','RR/MM/DD'),'793526944','hbednarczyk@onet.pl','50');
Insert into PROJEKT_OSWIECIMSKA_SPYTKOWSKA_GLOD.RODZICE (ID_RODZIC,IMIE_RODZIC,NAZWISKO_RODZIC,LOGIN_RODZIC,HASLO_RODZIC,DATA_URODZENIA_RODZIC,NR_TEL_RODZIC,MAIL_RODZIC,ID_ADRES) values ('58','Kazimiera','D¹browska','kdabrowska','haslo158',to_date('97/07/03','RR/MM/DD'),'452981772',null,'51');
Insert into PROJEKT_OSWIECIMSKA_SPYTKOWSKA_GLOD.RODZICE (ID_RODZIC,IMIE_RODZIC,NAZWISKO_RODZIC,LOGIN_RODZIC,HASLO_RODZIC,DATA_URODZENIA_RODZIC,NR_TEL_RODZIC,MAIL_RODZIC,ID_ADRES) values ('59','Grzegorz','Witkowski','gwitkowski','haslo159',to_date('72/09/23','RR/MM/DD'),'221134803','gwitkowski@gmail.com','52');
Insert into PROJEKT_OSWIECIMSKA_SPYTKOWSKA_GLOD.RODZICE (ID_RODZIC,IMIE_RODZIC,NAZWISKO_RODZIC,LOGIN_RODZIC,HASLO_RODZIC,DATA_URODZENIA_RODZIC,NR_TEL_RODZIC,MAIL_RODZIC,ID_ADRES) values ('60','¯aneta','B¹k','zbak','haslo160',to_date('73/09/06','RR/MM/DD'),'452013855','zbak@gmail.com','53');
Insert into PROJEKT_OSWIECIMSKA_SPYTKOWSKA_GLOD.RODZICE (ID_RODZIC,IMIE_RODZIC,NAZWISKO_RODZIC,LOGIN_RODZIC,HASLO_RODZIC,DATA_URODZENIA_RODZIC,NR_TEL_RODZIC,MAIL_RODZIC,ID_ADRES) values ('61','Adrianna','Kowalewska','akowalewska','haslo161',to_date('69/03/02','RR/MM/DD'),null,'akowalewska@o2.pl','54');
Insert into PROJEKT_OSWIECIMSKA_SPYTKOWSKA_GLOD.RODZICE (ID_RODZIC,IMIE_RODZIC,NAZWISKO_RODZIC,LOGIN_RODZIC,HASLO_RODZIC,DATA_URODZENIA_RODZIC,NR_TEL_RODZIC,MAIL_RODZIC,ID_ADRES) values ('62','Pelagia','Sowa','psowa','haslo162',to_date('72/02/23','RR/MM/DD'),'887857066','psowa@interia.pl','55');
Insert into PROJEKT_OSWIECIMSKA_SPYTKOWSKA_GLOD.RODZICE (ID_RODZIC,IMIE_RODZIC,NAZWISKO_RODZIC,LOGIN_RODZIC,HASLO_RODZIC,DATA_URODZENIA_RODZIC,NR_TEL_RODZIC,MAIL_RODZIC,ID_ADRES) values ('63','Konrad','Pi¹tek','kpiatek','haslo163',to_date('81/06/26','RR/MM/DD'),'793883358','kpiatek@wp.pl','56');
Insert into PROJEKT_OSWIECIMSKA_SPYTKOWSKA_GLOD.RODZICE (ID_RODZIC,IMIE_RODZIC,NAZWISKO_RODZIC,LOGIN_RODZIC,HASLO_RODZIC,DATA_URODZENIA_RODZIC,NR_TEL_RODZIC,MAIL_RODZIC,ID_ADRES) values ('64','Leokadia','Œliwiñska','lsliwinska','haslo164',to_date('71/03/18','RR/MM/DD'),'146 822 4321',null,'57');
Insert into PROJEKT_OSWIECIMSKA_SPYTKOWSKA_GLOD.RODZICE (ID_RODZIC,IMIE_RODZIC,NAZWISKO_RODZIC,LOGIN_RODZIC,HASLO_RODZIC,DATA_URODZENIA_RODZIC,NR_TEL_RODZIC,MAIL_RODZIC,ID_ADRES) values ('65','Roman','Fr¹czczak','fraczczak','h12aslo',to_date('85/06/11','RR/MM/DD'),'428 274 221','afraczczak@gmail.com','64');
Insert into PROJEKT_OSWIECIMSKA_SPYTKOWSKA_GLOD.RODZICE (ID_RODZIC,IMIE_RODZIC,NAZWISKO_RODZIC,LOGIN_RODZIC,HASLO_RODZIC,DATA_URODZENIA_RODZIC,NR_TEL_RODZIC,MAIL_RODZIC,ID_ADRES) values ('66','Anna','Nowak','ANowak','haslo12381238',to_date('80/01/04','RR/MM/DD'),'643 313 891',null,'60');
Insert into PROJEKT_OSWIECIMSKA_SPYTKOWSKA_GLOD.RODZICE (ID_RODZIC,IMIE_RODZIC,NAZWISKO_RODZIC,LOGIN_RODZIC,HASLO_RODZIC,DATA_URODZENIA_RODZIC,NR_TEL_RODZIC,MAIL_RODZIC,ID_ADRES) values ('67','Cezary','Trzmiel','trzmiel320','haslo2891',to_date('82/08/27','RR/MM/DD'),'125 543 651','trzmielcezary@wp.pl','63');
Insert into PROJEKT_OSWIECIMSKA_SPYTKOWSKA_GLOD.RODZICE (ID_RODZIC,IMIE_RODZIC,NAZWISKO_RODZIC,LOGIN_RODZIC,HASLO_RODZIC,DATA_URODZENIA_RODZIC,NR_TEL_RODZIC,MAIL_RODZIC,ID_ADRES) values ('68','Franciszek','¯aba','fzaba','haslo9312988',to_date('73/02/23','RR/MM/DD'),'687 481 391','franzaba@onet.pl','61');
Insert into PROJEKT_OSWIECIMSKA_SPYTKOWSKA_GLOD.RODZICE (ID_RODZIC,IMIE_RODZIC,NAZWISKO_RODZIC,LOGIN_RODZIC,HASLO_RODZIC,DATA_URODZENIA_RODZIC,NR_TEL_RODZIC,MAIL_RODZIC,ID_ADRES) values ('69','Monika','Drzewicka','drzewickamonika','has3210123',to_date('83/05/15','RR/MM/DD'),'643 928 411','drzewickamon@onet.pl','62');
Insert into PROJEKT_OSWIECIMSKA_SPYTKOWSKA_GLOD.RODZICE (ID_RODZIC,IMIE_RODZIC,NAZWISKO_RODZIC,LOGIN_RODZIC,HASLO_RODZIC,DATA_URODZENIA_RODZIC,NR_TEL_RODZIC,MAIL_RODZIC,ID_ADRES) values ('70','Adam','Kowalewski','kowaladam','haslohaslo392',to_date('90/12/22','RR/MM/DD'),'321 423 888',null,'65');
REM INSERTING into PROJEKT_OSWIECIMSKA_SPYTKOWSKA_GLOD.ROK_SZKOLNY
SET DEFINE OFF;
Insert into PROJEKT_OSWIECIMSKA_SPYTKOWSKA_GLOD.ROK_SZKOLNY (ID_ROK_SZKOLNY,NAZWA_ROK_SZKOLNY,NUMER_SEMESTRU) values ('1','2018/2019','1');
Insert into PROJEKT_OSWIECIMSKA_SPYTKOWSKA_GLOD.ROK_SZKOLNY (ID_ROK_SZKOLNY,NAZWA_ROK_SZKOLNY,NUMER_SEMESTRU) values ('2','2018/2019','2');
Insert into PROJEKT_OSWIECIMSKA_SPYTKOWSKA_GLOD.ROK_SZKOLNY (ID_ROK_SZKOLNY,NAZWA_ROK_SZKOLNY,NUMER_SEMESTRU) values ('3','2019/2020','1');
Insert into PROJEKT_OSWIECIMSKA_SPYTKOWSKA_GLOD.ROK_SZKOLNY (ID_ROK_SZKOLNY,NAZWA_ROK_SZKOLNY,NUMER_SEMESTRU) values ('4','2019/2020','2');
Insert into PROJEKT_OSWIECIMSKA_SPYTKOWSKA_GLOD.ROK_SZKOLNY (ID_ROK_SZKOLNY,NAZWA_ROK_SZKOLNY,NUMER_SEMESTRU) values ('5','2020/2021','1');
Insert into PROJEKT_OSWIECIMSKA_SPYTKOWSKA_GLOD.ROK_SZKOLNY (ID_ROK_SZKOLNY,NAZWA_ROK_SZKOLNY,NUMER_SEMESTRU) values ('6','2020/2021','2');
Insert into PROJEKT_OSWIECIMSKA_SPYTKOWSKA_GLOD.ROK_SZKOLNY (ID_ROK_SZKOLNY,NAZWA_ROK_SZKOLNY,NUMER_SEMESTRU) values ('7','2021/2022','1');
Insert into PROJEKT_OSWIECIMSKA_SPYTKOWSKA_GLOD.ROK_SZKOLNY (ID_ROK_SZKOLNY,NAZWA_ROK_SZKOLNY,NUMER_SEMESTRU) values ('8','2021/2022','2');
Insert into PROJEKT_OSWIECIMSKA_SPYTKOWSKA_GLOD.ROK_SZKOLNY (ID_ROK_SZKOLNY,NAZWA_ROK_SZKOLNY,NUMER_SEMESTRU) values ('9','2022/2023','1');
Insert into PROJEKT_OSWIECIMSKA_SPYTKOWSKA_GLOD.ROK_SZKOLNY (ID_ROK_SZKOLNY,NAZWA_ROK_SZKOLNY,NUMER_SEMESTRU) values ('10','2022/2023','2');
REM INSERTING into PROJEKT_OSWIECIMSKA_SPYTKOWSKA_GLOD.SALA_LEKCJA
SET DEFINE OFF;
Insert into PROJEKT_OSWIECIMSKA_SPYTKOWSKA_GLOD.SALA_LEKCJA (ID_SALA_LEKCJA,ID_LEKCJA,ID_SALA) values ('1','1','1');
Insert into PROJEKT_OSWIECIMSKA_SPYTKOWSKA_GLOD.SALA_LEKCJA (ID_SALA_LEKCJA,ID_LEKCJA,ID_SALA) values ('2','2','2');
Insert into PROJEKT_OSWIECIMSKA_SPYTKOWSKA_GLOD.SALA_LEKCJA (ID_SALA_LEKCJA,ID_LEKCJA,ID_SALA) values ('3','3','3');
Insert into PROJEKT_OSWIECIMSKA_SPYTKOWSKA_GLOD.SALA_LEKCJA (ID_SALA_LEKCJA,ID_LEKCJA,ID_SALA) values ('4','4','4');
Insert into PROJEKT_OSWIECIMSKA_SPYTKOWSKA_GLOD.SALA_LEKCJA (ID_SALA_LEKCJA,ID_LEKCJA,ID_SALA) values ('5','5','5');
Insert into PROJEKT_OSWIECIMSKA_SPYTKOWSKA_GLOD.SALA_LEKCJA (ID_SALA_LEKCJA,ID_LEKCJA,ID_SALA) values ('6','6','6');
Insert into PROJEKT_OSWIECIMSKA_SPYTKOWSKA_GLOD.SALA_LEKCJA (ID_SALA_LEKCJA,ID_LEKCJA,ID_SALA) values ('7','7','7');
Insert into PROJEKT_OSWIECIMSKA_SPYTKOWSKA_GLOD.SALA_LEKCJA (ID_SALA_LEKCJA,ID_LEKCJA,ID_SALA) values ('8','8','8');
Insert into PROJEKT_OSWIECIMSKA_SPYTKOWSKA_GLOD.SALA_LEKCJA (ID_SALA_LEKCJA,ID_LEKCJA,ID_SALA) values ('9','9','9');
Insert into PROJEKT_OSWIECIMSKA_SPYTKOWSKA_GLOD.SALA_LEKCJA (ID_SALA_LEKCJA,ID_LEKCJA,ID_SALA) values ('10','10','10');
Insert into PROJEKT_OSWIECIMSKA_SPYTKOWSKA_GLOD.SALA_LEKCJA (ID_SALA_LEKCJA,ID_LEKCJA,ID_SALA) values ('11','11','11');
Insert into PROJEKT_OSWIECIMSKA_SPYTKOWSKA_GLOD.SALA_LEKCJA (ID_SALA_LEKCJA,ID_LEKCJA,ID_SALA) values ('12','12','12');
Insert into PROJEKT_OSWIECIMSKA_SPYTKOWSKA_GLOD.SALA_LEKCJA (ID_SALA_LEKCJA,ID_LEKCJA,ID_SALA) values ('13','13','1');
Insert into PROJEKT_OSWIECIMSKA_SPYTKOWSKA_GLOD.SALA_LEKCJA (ID_SALA_LEKCJA,ID_LEKCJA,ID_SALA) values ('14','14','2');
Insert into PROJEKT_OSWIECIMSKA_SPYTKOWSKA_GLOD.SALA_LEKCJA (ID_SALA_LEKCJA,ID_LEKCJA,ID_SALA) values ('15','15','3');
Insert into PROJEKT_OSWIECIMSKA_SPYTKOWSKA_GLOD.SALA_LEKCJA (ID_SALA_LEKCJA,ID_LEKCJA,ID_SALA) values ('16','16','4');
Insert into PROJEKT_OSWIECIMSKA_SPYTKOWSKA_GLOD.SALA_LEKCJA (ID_SALA_LEKCJA,ID_LEKCJA,ID_SALA) values ('17','17','5');
Insert into PROJEKT_OSWIECIMSKA_SPYTKOWSKA_GLOD.SALA_LEKCJA (ID_SALA_LEKCJA,ID_LEKCJA,ID_SALA) values ('18','18','6');
Insert into PROJEKT_OSWIECIMSKA_SPYTKOWSKA_GLOD.SALA_LEKCJA (ID_SALA_LEKCJA,ID_LEKCJA,ID_SALA) values ('19','19','7');
Insert into PROJEKT_OSWIECIMSKA_SPYTKOWSKA_GLOD.SALA_LEKCJA (ID_SALA_LEKCJA,ID_LEKCJA,ID_SALA) values ('20','20','8');
Insert into PROJEKT_OSWIECIMSKA_SPYTKOWSKA_GLOD.SALA_LEKCJA (ID_SALA_LEKCJA,ID_LEKCJA,ID_SALA) values ('21','21','9');
Insert into PROJEKT_OSWIECIMSKA_SPYTKOWSKA_GLOD.SALA_LEKCJA (ID_SALA_LEKCJA,ID_LEKCJA,ID_SALA) values ('22','22','10');
Insert into PROJEKT_OSWIECIMSKA_SPYTKOWSKA_GLOD.SALA_LEKCJA (ID_SALA_LEKCJA,ID_LEKCJA,ID_SALA) values ('23','23','11');
Insert into PROJEKT_OSWIECIMSKA_SPYTKOWSKA_GLOD.SALA_LEKCJA (ID_SALA_LEKCJA,ID_LEKCJA,ID_SALA) values ('24','24','12');
Insert into PROJEKT_OSWIECIMSKA_SPYTKOWSKA_GLOD.SALA_LEKCJA (ID_SALA_LEKCJA,ID_LEKCJA,ID_SALA) values ('25','25','1');
Insert into PROJEKT_OSWIECIMSKA_SPYTKOWSKA_GLOD.SALA_LEKCJA (ID_SALA_LEKCJA,ID_LEKCJA,ID_SALA) values ('26','26','2');
Insert into PROJEKT_OSWIECIMSKA_SPYTKOWSKA_GLOD.SALA_LEKCJA (ID_SALA_LEKCJA,ID_LEKCJA,ID_SALA) values ('27','27','3');
Insert into PROJEKT_OSWIECIMSKA_SPYTKOWSKA_GLOD.SALA_LEKCJA (ID_SALA_LEKCJA,ID_LEKCJA,ID_SALA) values ('28','28','4');
Insert into PROJEKT_OSWIECIMSKA_SPYTKOWSKA_GLOD.SALA_LEKCJA (ID_SALA_LEKCJA,ID_LEKCJA,ID_SALA) values ('29','29','5');
Insert into PROJEKT_OSWIECIMSKA_SPYTKOWSKA_GLOD.SALA_LEKCJA (ID_SALA_LEKCJA,ID_LEKCJA,ID_SALA) values ('30','30','6');
Insert into PROJEKT_OSWIECIMSKA_SPYTKOWSKA_GLOD.SALA_LEKCJA (ID_SALA_LEKCJA,ID_LEKCJA,ID_SALA) values ('31','31','7');
Insert into PROJEKT_OSWIECIMSKA_SPYTKOWSKA_GLOD.SALA_LEKCJA (ID_SALA_LEKCJA,ID_LEKCJA,ID_SALA) values ('32','32','8');
Insert into PROJEKT_OSWIECIMSKA_SPYTKOWSKA_GLOD.SALA_LEKCJA (ID_SALA_LEKCJA,ID_LEKCJA,ID_SALA) values ('33','33','9');
Insert into PROJEKT_OSWIECIMSKA_SPYTKOWSKA_GLOD.SALA_LEKCJA (ID_SALA_LEKCJA,ID_LEKCJA,ID_SALA) values ('34','34','10');
Insert into PROJEKT_OSWIECIMSKA_SPYTKOWSKA_GLOD.SALA_LEKCJA (ID_SALA_LEKCJA,ID_LEKCJA,ID_SALA) values ('35','35','11');
Insert into PROJEKT_OSWIECIMSKA_SPYTKOWSKA_GLOD.SALA_LEKCJA (ID_SALA_LEKCJA,ID_LEKCJA,ID_SALA) values ('36','36','12');
Insert into PROJEKT_OSWIECIMSKA_SPYTKOWSKA_GLOD.SALA_LEKCJA (ID_SALA_LEKCJA,ID_LEKCJA,ID_SALA) values ('37','37','1');
Insert into PROJEKT_OSWIECIMSKA_SPYTKOWSKA_GLOD.SALA_LEKCJA (ID_SALA_LEKCJA,ID_LEKCJA,ID_SALA) values ('38','48','2');
Insert into PROJEKT_OSWIECIMSKA_SPYTKOWSKA_GLOD.SALA_LEKCJA (ID_SALA_LEKCJA,ID_LEKCJA,ID_SALA) values ('39','38','3');
Insert into PROJEKT_OSWIECIMSKA_SPYTKOWSKA_GLOD.SALA_LEKCJA (ID_SALA_LEKCJA,ID_LEKCJA,ID_SALA) values ('40','40','4');
REM INSERTING into PROJEKT_OSWIECIMSKA_SPYTKOWSKA_GLOD.SALE
SET DEFINE OFF;
Insert into PROJEKT_OSWIECIMSKA_SPYTKOWSKA_GLOD.SALE (ID_SALA,NAZWA_SALA,NR_SALA,POJEMNOSC_SALA,PIETRO_SALA,SALA_KOMPUTEROWA,STANOWISKA_KOMPUTEROWE,OPIEKUN_SALI) values ('1','Sala 1','101','50','1','tak','20','1');
Insert into PROJEKT_OSWIECIMSKA_SPYTKOWSKA_GLOD.SALE (ID_SALA,NAZWA_SALA,NR_SALA,POJEMNOSC_SALA,PIETRO_SALA,SALA_KOMPUTEROWA,STANOWISKA_KOMPUTEROWE,OPIEKUN_SALI) values ('2','Sala 2','102','40','1','tak','15','2');
Insert into PROJEKT_OSWIECIMSKA_SPYTKOWSKA_GLOD.SALE (ID_SALA,NAZWA_SALA,NR_SALA,POJEMNOSC_SALA,PIETRO_SALA,SALA_KOMPUTEROWA,STANOWISKA_KOMPUTEROWE,OPIEKUN_SALI) values ('3','Sala 3','103','30','2','nie','0','3');
Insert into PROJEKT_OSWIECIMSKA_SPYTKOWSKA_GLOD.SALE (ID_SALA,NAZWA_SALA,NR_SALA,POJEMNOSC_SALA,PIETRO_SALA,SALA_KOMPUTEROWA,STANOWISKA_KOMPUTEROWE,OPIEKUN_SALI) values ('4','Sala 4','104','25','2','nie','0','4');
Insert into PROJEKT_OSWIECIMSKA_SPYTKOWSKA_GLOD.SALE (ID_SALA,NAZWA_SALA,NR_SALA,POJEMNOSC_SALA,PIETRO_SALA,SALA_KOMPUTEROWA,STANOWISKA_KOMPUTEROWE,OPIEKUN_SALI) values ('5','Sala 5','105','20','3','tak','10','5');
Insert into PROJEKT_OSWIECIMSKA_SPYTKOWSKA_GLOD.SALE (ID_SALA,NAZWA_SALA,NR_SALA,POJEMNOSC_SALA,PIETRO_SALA,SALA_KOMPUTEROWA,STANOWISKA_KOMPUTEROWE,OPIEKUN_SALI) values ('6','Sala 6','106','15','3','nie','0','6');
Insert into PROJEKT_OSWIECIMSKA_SPYTKOWSKA_GLOD.SALE (ID_SALA,NAZWA_SALA,NR_SALA,POJEMNOSC_SALA,PIETRO_SALA,SALA_KOMPUTEROWA,STANOWISKA_KOMPUTEROWE,OPIEKUN_SALI) values ('7','Sala 7','107','10','4','tak','5','7');
Insert into PROJEKT_OSWIECIMSKA_SPYTKOWSKA_GLOD.SALE (ID_SALA,NAZWA_SALA,NR_SALA,POJEMNOSC_SALA,PIETRO_SALA,SALA_KOMPUTEROWA,STANOWISKA_KOMPUTEROWE,OPIEKUN_SALI) values ('8','Sala 8','108','20','4','nie','0','8');
Insert into PROJEKT_OSWIECIMSKA_SPYTKOWSKA_GLOD.SALE (ID_SALA,NAZWA_SALA,NR_SALA,POJEMNOSC_SALA,PIETRO_SALA,SALA_KOMPUTEROWA,STANOWISKA_KOMPUTEROWE,OPIEKUN_SALI) values ('9','Sala 9','109','30','5','tak','15','9');
Insert into PROJEKT_OSWIECIMSKA_SPYTKOWSKA_GLOD.SALE (ID_SALA,NAZWA_SALA,NR_SALA,POJEMNOSC_SALA,PIETRO_SALA,SALA_KOMPUTEROWA,STANOWISKA_KOMPUTEROWE,OPIEKUN_SALI) values ('10','Sala 10','110','40','5','nie','0','10');
Insert into PROJEKT_OSWIECIMSKA_SPYTKOWSKA_GLOD.SALE (ID_SALA,NAZWA_SALA,NR_SALA,POJEMNOSC_SALA,PIETRO_SALA,SALA_KOMPUTEROWA,STANOWISKA_KOMPUTEROWE,OPIEKUN_SALI) values ('11','Sala 11','111','30','5','nie','0','11');
Insert into PROJEKT_OSWIECIMSKA_SPYTKOWSKA_GLOD.SALE (ID_SALA,NAZWA_SALA,NR_SALA,POJEMNOSC_SALA,PIETRO_SALA,SALA_KOMPUTEROWA,STANOWISKA_KOMPUTEROWE,OPIEKUN_SALI) values ('12','Sala 12','112','25','5','tak','25','12');
REM INSERTING into PROJEKT_OSWIECIMSKA_SPYTKOWSKA_GLOD.STATUS
SET DEFINE OFF;
Insert into PROJEKT_OSWIECIMSKA_SPYTKOWSKA_GLOD.STATUS (ID_STATUS,NAZWA_STATUS) values ('1','Uczy siê');
Insert into PROJEKT_OSWIECIMSKA_SPYTKOWSKA_GLOD.STATUS (ID_STATUS,NAZWA_STATUS) values ('2','Ukoñczy³ szko³ê');
Insert into PROJEKT_OSWIECIMSKA_SPYTKOWSKA_GLOD.STATUS (ID_STATUS,NAZWA_STATUS) values ('3','Nie ukoñczy³ szko³y');
Insert into PROJEKT_OSWIECIMSKA_SPYTKOWSKA_GLOD.STATUS (ID_STATUS,NAZWA_STATUS) values ('4','Zawieszony');
REM INSERTING into PROJEKT_OSWIECIMSKA_SPYTKOWSKA_GLOD.STATUS_UCZEN
SET DEFINE OFF;
Insert into PROJEKT_OSWIECIMSKA_SPYTKOWSKA_GLOD.STATUS_UCZEN (ID_STATUS_UCZEN,ID_UCZEN,ID_STATUS,DODATKOWE_INFO,DATA_MODYFIKACJI) values ('1','1','1',null,to_timestamp('19/09/01 00:00:00,000000000','RR/MM/DD HH24:MI:SSXFF'));
Insert into PROJEKT_OSWIECIMSKA_SPYTKOWSKA_GLOD.STATUS_UCZEN (ID_STATUS_UCZEN,ID_UCZEN,ID_STATUS,DODATKOWE_INFO,DATA_MODYFIKACJI) values ('2','2','1',null,to_timestamp('19/09/05 00:00:00,000000000','RR/MM/DD HH24:MI:SSXFF'));
Insert into PROJEKT_OSWIECIMSKA_SPYTKOWSKA_GLOD.STATUS_UCZEN (ID_STATUS_UCZEN,ID_UCZEN,ID_STATUS,DODATKOWE_INFO,DATA_MODYFIKACJI) values ('3','3','1',null,to_timestamp('19/06/21 00:00:00,000000000','RR/MM/DD HH24:MI:SSXFF'));
Insert into PROJEKT_OSWIECIMSKA_SPYTKOWSKA_GLOD.STATUS_UCZEN (ID_STATUS_UCZEN,ID_UCZEN,ID_STATUS,DODATKOWE_INFO,DATA_MODYFIKACJI) values ('4','4','1',null,to_timestamp('18/06/28 00:00:00,000000000','RR/MM/DD HH24:MI:SSXFF'));
Insert into PROJEKT_OSWIECIMSKA_SPYTKOWSKA_GLOD.STATUS_UCZEN (ID_STATUS_UCZEN,ID_UCZEN,ID_STATUS,DODATKOWE_INFO,DATA_MODYFIKACJI) values ('5','5','1',null,to_timestamp('18/06/27 00:00:00,000000000','RR/MM/DD HH24:MI:SSXFF'));
Insert into PROJEKT_OSWIECIMSKA_SPYTKOWSKA_GLOD.STATUS_UCZEN (ID_STATUS_UCZEN,ID_UCZEN,ID_STATUS,DODATKOWE_INFO,DATA_MODYFIKACJI) values ('6','6','1',null,to_timestamp('19/08/27 00:00:00,000000000','RR/MM/DD HH24:MI:SSXFF'));
Insert into PROJEKT_OSWIECIMSKA_SPYTKOWSKA_GLOD.STATUS_UCZEN (ID_STATUS_UCZEN,ID_UCZEN,ID_STATUS,DODATKOWE_INFO,DATA_MODYFIKACJI) values ('7','7','1',null,to_timestamp('20/09/01 00:00:00,000000000','RR/MM/DD HH24:MI:SSXFF'));
Insert into PROJEKT_OSWIECIMSKA_SPYTKOWSKA_GLOD.STATUS_UCZEN (ID_STATUS_UCZEN,ID_UCZEN,ID_STATUS,DODATKOWE_INFO,DATA_MODYFIKACJI) values ('8','8','1',null,to_timestamp('19/08/30 00:00:00,000000000','RR/MM/DD HH24:MI:SSXFF'));
Insert into PROJEKT_OSWIECIMSKA_SPYTKOWSKA_GLOD.STATUS_UCZEN (ID_STATUS_UCZEN,ID_UCZEN,ID_STATUS,DODATKOWE_INFO,DATA_MODYFIKACJI) values ('9','9','1',null,to_timestamp('19/08/27 00:00:00,000000000','RR/MM/DD HH24:MI:SSXFF'));
Insert into PROJEKT_OSWIECIMSKA_SPYTKOWSKA_GLOD.STATUS_UCZEN (ID_STATUS_UCZEN,ID_UCZEN,ID_STATUS,DODATKOWE_INFO,DATA_MODYFIKACJI) values ('10','10','3','Uczeñ wypisa³ siê ze szko³y',to_timestamp('22/06/20 00:00:00,000000000','RR/MM/DD HH24:MI:SSXFF'));
Insert into PROJEKT_OSWIECIMSKA_SPYTKOWSKA_GLOD.STATUS_UCZEN (ID_STATUS_UCZEN,ID_UCZEN,ID_STATUS,DODATKOWE_INFO,DATA_MODYFIKACJI) values ('11','11','1',null,to_timestamp('20/09/01 00:00:00,000000000','RR/MM/DD HH24:MI:SSXFF'));
Insert into PROJEKT_OSWIECIMSKA_SPYTKOWSKA_GLOD.STATUS_UCZEN (ID_STATUS_UCZEN,ID_UCZEN,ID_STATUS,DODATKOWE_INFO,DATA_MODYFIKACJI) values ('12','12','1',null,to_timestamp('20/09/01 00:00:00,000000000','RR/MM/DD HH24:MI:SSXFF'));
Insert into PROJEKT_OSWIECIMSKA_SPYTKOWSKA_GLOD.STATUS_UCZEN (ID_STATUS_UCZEN,ID_UCZEN,ID_STATUS,DODATKOWE_INFO,DATA_MODYFIKACJI) values ('13','13','1',null,to_timestamp('20/06/22 00:00:00,000000000','RR/MM/DD HH24:MI:SSXFF'));
Insert into PROJEKT_OSWIECIMSKA_SPYTKOWSKA_GLOD.STATUS_UCZEN (ID_STATUS_UCZEN,ID_UCZEN,ID_STATUS,DODATKOWE_INFO,DATA_MODYFIKACJI) values ('14','14','1',null,to_timestamp('20/06/23 00:00:00,000000000','RR/MM/DD HH24:MI:SSXFF'));
Insert into PROJEKT_OSWIECIMSKA_SPYTKOWSKA_GLOD.STATUS_UCZEN (ID_STATUS_UCZEN,ID_UCZEN,ID_STATUS,DODATKOWE_INFO,DATA_MODYFIKACJI) values ('15','15','1',null,to_timestamp('20/06/24 00:00:00,000000000','RR/MM/DD HH24:MI:SSXFF'));
Insert into PROJEKT_OSWIECIMSKA_SPYTKOWSKA_GLOD.STATUS_UCZEN (ID_STATUS_UCZEN,ID_UCZEN,ID_STATUS,DODATKOWE_INFO,DATA_MODYFIKACJI) values ('16','16','1',null,to_timestamp('21/06/21 00:00:00,000000000','RR/MM/DD HH24:MI:SSXFF'));
Insert into PROJEKT_OSWIECIMSKA_SPYTKOWSKA_GLOD.STATUS_UCZEN (ID_STATUS_UCZEN,ID_UCZEN,ID_STATUS,DODATKOWE_INFO,DATA_MODYFIKACJI) values ('17','17','1',null,to_timestamp('21/06/25 00:00:00,000000000','RR/MM/DD HH24:MI:SSXFF'));
Insert into PROJEKT_OSWIECIMSKA_SPYTKOWSKA_GLOD.STATUS_UCZEN (ID_STATUS_UCZEN,ID_UCZEN,ID_STATUS,DODATKOWE_INFO,DATA_MODYFIKACJI) values ('18','18','1',null,to_timestamp('21/06/21 00:00:00,000000000','RR/MM/DD HH24:MI:SSXFF'));
Insert into PROJEKT_OSWIECIMSKA_SPYTKOWSKA_GLOD.STATUS_UCZEN (ID_STATUS_UCZEN,ID_UCZEN,ID_STATUS,DODATKOWE_INFO,DATA_MODYFIKACJI) values ('19','19','2',null,to_timestamp('21/09/01 00:00:00,000000000','RR/MM/DD HH24:MI:SSXFF'));
Insert into PROJEKT_OSWIECIMSKA_SPYTKOWSKA_GLOD.STATUS_UCZEN (ID_STATUS_UCZEN,ID_UCZEN,ID_STATUS,DODATKOWE_INFO,DATA_MODYFIKACJI) values ('20','20','1',null,to_timestamp('21/07/01 00:00:00,000000000','RR/MM/DD HH24:MI:SSXFF'));
REM INSERTING into PROJEKT_OSWIECIMSKA_SPYTKOWSKA_GLOD.SWIADECTWO
SET DEFINE OFF;
Insert into PROJEKT_OSWIECIMSKA_SPYTKOWSKA_GLOD.SWIADECTWO (ID_SWIADECTWO,ZDAL,CZERWONY_PASEK,SREDNIA,STATUS_UCZNIA,ID_UCZEN_KLASA,ID_ROK_SZKOLNY) values ('1','tak','nie','3,72','Aktywny','1','2');
Insert into PROJEKT_OSWIECIMSKA_SPYTKOWSKA_GLOD.SWIADECTWO (ID_SWIADECTWO,ZDAL,CZERWONY_PASEK,SREDNIA,STATUS_UCZNIA,ID_UCZEN_KLASA,ID_ROK_SZKOLNY) values ('2','tak','nie','3,49','Aktywny','2','2');
Insert into PROJEKT_OSWIECIMSKA_SPYTKOWSKA_GLOD.SWIADECTWO (ID_SWIADECTWO,ZDAL,CZERWONY_PASEK,SREDNIA,STATUS_UCZNIA,ID_UCZEN_KLASA,ID_ROK_SZKOLNY) values ('3','tak','nie','4,62','Aktywny','3','2');
Insert into PROJEKT_OSWIECIMSKA_SPYTKOWSKA_GLOD.SWIADECTWO (ID_SWIADECTWO,ZDAL,CZERWONY_PASEK,SREDNIA,STATUS_UCZNIA,ID_UCZEN_KLASA,ID_ROK_SZKOLNY) values ('4','tak','tak','5','Aktywny','4','2');
Insert into PROJEKT_OSWIECIMSKA_SPYTKOWSKA_GLOD.SWIADECTWO (ID_SWIADECTWO,ZDAL,CZERWONY_PASEK,SREDNIA,STATUS_UCZNIA,ID_UCZEN_KLASA,ID_ROK_SZKOLNY) values ('5','tak','nie','3,95','Aktywny','5','3');
Insert into PROJEKT_OSWIECIMSKA_SPYTKOWSKA_GLOD.SWIADECTWO (ID_SWIADECTWO,ZDAL,CZERWONY_PASEK,SREDNIA,STATUS_UCZNIA,ID_UCZEN_KLASA,ID_ROK_SZKOLNY) values ('6','tak','nie','4,25','Aktywny','6','3');
Insert into PROJEKT_OSWIECIMSKA_SPYTKOWSKA_GLOD.SWIADECTWO (ID_SWIADECTWO,ZDAL,CZERWONY_PASEK,SREDNIA,STATUS_UCZNIA,ID_UCZEN_KLASA,ID_ROK_SZKOLNY) values ('7','tak','nie','4,52','Aktywny','7','3');
Insert into PROJEKT_OSWIECIMSKA_SPYTKOWSKA_GLOD.SWIADECTWO (ID_SWIADECTWO,ZDAL,CZERWONY_PASEK,SREDNIA,STATUS_UCZNIA,ID_UCZEN_KLASA,ID_ROK_SZKOLNY) values ('8','tak','nie','4,55','Aktywny','8','3');
Insert into PROJEKT_OSWIECIMSKA_SPYTKOWSKA_GLOD.SWIADECTWO (ID_SWIADECTWO,ZDAL,CZERWONY_PASEK,SREDNIA,STATUS_UCZNIA,ID_UCZEN_KLASA,ID_ROK_SZKOLNY) values ('9','tak','nie','3,95','Aktywny','9','3');
Insert into PROJEKT_OSWIECIMSKA_SPYTKOWSKA_GLOD.SWIADECTWO (ID_SWIADECTWO,ZDAL,CZERWONY_PASEK,SREDNIA,STATUS_UCZNIA,ID_UCZEN_KLASA,ID_ROK_SZKOLNY) values ('10','tak','nie','3,99','Nieaktywny','10','4');
Insert into PROJEKT_OSWIECIMSKA_SPYTKOWSKA_GLOD.SWIADECTWO (ID_SWIADECTWO,ZDAL,CZERWONY_PASEK,SREDNIA,STATUS_UCZNIA,ID_UCZEN_KLASA,ID_ROK_SZKOLNY) values ('11','tak','nie','3,75','Aktywny','11','4');
Insert into PROJEKT_OSWIECIMSKA_SPYTKOWSKA_GLOD.SWIADECTWO (ID_SWIADECTWO,ZDAL,CZERWONY_PASEK,SREDNIA,STATUS_UCZNIA,ID_UCZEN_KLASA,ID_ROK_SZKOLNY) values ('12','tak','nie','4','Aktywny','12','4');
Insert into PROJEKT_OSWIECIMSKA_SPYTKOWSKA_GLOD.SWIADECTWO (ID_SWIADECTWO,ZDAL,CZERWONY_PASEK,SREDNIA,STATUS_UCZNIA,ID_UCZEN_KLASA,ID_ROK_SZKOLNY) values ('13','tak','nie','4,12','Aktywny','13','4');
Insert into PROJEKT_OSWIECIMSKA_SPYTKOWSKA_GLOD.SWIADECTWO (ID_SWIADECTWO,ZDAL,CZERWONY_PASEK,SREDNIA,STATUS_UCZNIA,ID_UCZEN_KLASA,ID_ROK_SZKOLNY) values ('14','tak','nie','4,09','Aktywny','14','5');
Insert into PROJEKT_OSWIECIMSKA_SPYTKOWSKA_GLOD.SWIADECTWO (ID_SWIADECTWO,ZDAL,CZERWONY_PASEK,SREDNIA,STATUS_UCZNIA,ID_UCZEN_KLASA,ID_ROK_SZKOLNY) values ('15','tak','tak','4,99','Aktywny','15','5');
Insert into PROJEKT_OSWIECIMSKA_SPYTKOWSKA_GLOD.SWIADECTWO (ID_SWIADECTWO,ZDAL,CZERWONY_PASEK,SREDNIA,STATUS_UCZNIA,ID_UCZEN_KLASA,ID_ROK_SZKOLNY) values ('16','tak','nie','4,84','Aktywny','16','6');
Insert into PROJEKT_OSWIECIMSKA_SPYTKOWSKA_GLOD.SWIADECTWO (ID_SWIADECTWO,ZDAL,CZERWONY_PASEK,SREDNIA,STATUS_UCZNIA,ID_UCZEN_KLASA,ID_ROK_SZKOLNY) values ('17','tak','tak','5,2','Aktywny','17','6');
Insert into PROJEKT_OSWIECIMSKA_SPYTKOWSKA_GLOD.SWIADECTWO (ID_SWIADECTWO,ZDAL,CZERWONY_PASEK,SREDNIA,STATUS_UCZNIA,ID_UCZEN_KLASA,ID_ROK_SZKOLNY) values ('18','tak','nie','3,67','Aktywny','18','6');
Insert into PROJEKT_OSWIECIMSKA_SPYTKOWSKA_GLOD.SWIADECTWO (ID_SWIADECTWO,ZDAL,CZERWONY_PASEK,SREDNIA,STATUS_UCZNIA,ID_UCZEN_KLASA,ID_ROK_SZKOLNY) values ('19','tak','nie','2,77','Nieaktywny','19','6');
Insert into PROJEKT_OSWIECIMSKA_SPYTKOWSKA_GLOD.SWIADECTWO (ID_SWIADECTWO,ZDAL,CZERWONY_PASEK,SREDNIA,STATUS_UCZNIA,ID_UCZEN_KLASA,ID_ROK_SZKOLNY) values ('20','nie','nie','2,44','Aktywny','20','6');
REM INSERTING into PROJEKT_OSWIECIMSKA_SPYTKOWSKA_GLOD.TYP_ZACHOWANIE
SET DEFINE OFF;
Insert into PROJEKT_OSWIECIMSKA_SPYTKOWSKA_GLOD.TYP_ZACHOWANIE (ID_TYP_ZACHOWANIE,NAZWA_TYPU_ZACHOWANIE) values ('1','Uwaga');
Insert into PROJEKT_OSWIECIMSKA_SPYTKOWSKA_GLOD.TYP_ZACHOWANIE (ID_TYP_ZACHOWANIE,NAZWA_TYPU_ZACHOWANIE) values ('2','Pochwa³a');
Insert into PROJEKT_OSWIECIMSKA_SPYTKOWSKA_GLOD.TYP_ZACHOWANIE (ID_TYP_ZACHOWANIE,NAZWA_TYPU_ZACHOWANIE) values ('3','Nagana');
REM INSERTING into PROJEKT_OSWIECIMSKA_SPYTKOWSKA_GLOD.UCZEN_FUNKCJA
SET DEFINE OFF;
Insert into PROJEKT_OSWIECIMSKA_SPYTKOWSKA_GLOD.UCZEN_FUNKCJA (ID_UCZEN_FUNKCJA,ID_UCZEN,ID_FUNKCJA) values ('1','3','1');
Insert into PROJEKT_OSWIECIMSKA_SPYTKOWSKA_GLOD.UCZEN_FUNKCJA (ID_UCZEN_FUNKCJA,ID_UCZEN,ID_FUNKCJA) values ('2','4','2');
Insert into PROJEKT_OSWIECIMSKA_SPYTKOWSKA_GLOD.UCZEN_FUNKCJA (ID_UCZEN_FUNKCJA,ID_UCZEN,ID_FUNKCJA) values ('3','5','3');
Insert into PROJEKT_OSWIECIMSKA_SPYTKOWSKA_GLOD.UCZEN_FUNKCJA (ID_UCZEN_FUNKCJA,ID_UCZEN,ID_FUNKCJA) values ('4','6','4');
Insert into PROJEKT_OSWIECIMSKA_SPYTKOWSKA_GLOD.UCZEN_FUNKCJA (ID_UCZEN_FUNKCJA,ID_UCZEN,ID_FUNKCJA) values ('5','7','4');
Insert into PROJEKT_OSWIECIMSKA_SPYTKOWSKA_GLOD.UCZEN_FUNKCJA (ID_UCZEN_FUNKCJA,ID_UCZEN,ID_FUNKCJA) values ('6','8','4');
Insert into PROJEKT_OSWIECIMSKA_SPYTKOWSKA_GLOD.UCZEN_FUNKCJA (ID_UCZEN_FUNKCJA,ID_UCZEN,ID_FUNKCJA) values ('7','11','5');
Insert into PROJEKT_OSWIECIMSKA_SPYTKOWSKA_GLOD.UCZEN_FUNKCJA (ID_UCZEN_FUNKCJA,ID_UCZEN,ID_FUNKCJA) values ('8','12','6');
Insert into PROJEKT_OSWIECIMSKA_SPYTKOWSKA_GLOD.UCZEN_FUNKCJA (ID_UCZEN_FUNKCJA,ID_UCZEN,ID_FUNKCJA) values ('9','13','7');
Insert into PROJEKT_OSWIECIMSKA_SPYTKOWSKA_GLOD.UCZEN_FUNKCJA (ID_UCZEN_FUNKCJA,ID_UCZEN,ID_FUNKCJA) values ('10','14','8');
Insert into PROJEKT_OSWIECIMSKA_SPYTKOWSKA_GLOD.UCZEN_FUNKCJA (ID_UCZEN_FUNKCJA,ID_UCZEN,ID_FUNKCJA) values ('11','15','8');
Insert into PROJEKT_OSWIECIMSKA_SPYTKOWSKA_GLOD.UCZEN_FUNKCJA (ID_UCZEN_FUNKCJA,ID_UCZEN,ID_FUNKCJA) values ('12','16','9');
Insert into PROJEKT_OSWIECIMSKA_SPYTKOWSKA_GLOD.UCZEN_FUNKCJA (ID_UCZEN_FUNKCJA,ID_UCZEN,ID_FUNKCJA) values ('13','17','10');
Insert into PROJEKT_OSWIECIMSKA_SPYTKOWSKA_GLOD.UCZEN_FUNKCJA (ID_UCZEN_FUNKCJA,ID_UCZEN,ID_FUNKCJA) values ('14','18','10');
Insert into PROJEKT_OSWIECIMSKA_SPYTKOWSKA_GLOD.UCZEN_FUNKCJA (ID_UCZEN_FUNKCJA,ID_UCZEN,ID_FUNKCJA) values ('15','33','10');
Insert into PROJEKT_OSWIECIMSKA_SPYTKOWSKA_GLOD.UCZEN_FUNKCJA (ID_UCZEN_FUNKCJA,ID_UCZEN,ID_FUNKCJA) values ('16','34','10');
Insert into PROJEKT_OSWIECIMSKA_SPYTKOWSKA_GLOD.UCZEN_FUNKCJA (ID_UCZEN_FUNKCJA,ID_UCZEN,ID_FUNKCJA) values ('17','5','10');
Insert into PROJEKT_OSWIECIMSKA_SPYTKOWSKA_GLOD.UCZEN_FUNKCJA (ID_UCZEN_FUNKCJA,ID_UCZEN,ID_FUNKCJA) values ('18','19','11');
Insert into PROJEKT_OSWIECIMSKA_SPYTKOWSKA_GLOD.UCZEN_FUNKCJA (ID_UCZEN_FUNKCJA,ID_UCZEN,ID_FUNKCJA) values ('19','20','12');
Insert into PROJEKT_OSWIECIMSKA_SPYTKOWSKA_GLOD.UCZEN_FUNKCJA (ID_UCZEN_FUNKCJA,ID_UCZEN,ID_FUNKCJA) values ('20','21','12');
Insert into PROJEKT_OSWIECIMSKA_SPYTKOWSKA_GLOD.UCZEN_FUNKCJA (ID_UCZEN_FUNKCJA,ID_UCZEN,ID_FUNKCJA) values ('21','3','12');
Insert into PROJEKT_OSWIECIMSKA_SPYTKOWSKA_GLOD.UCZEN_FUNKCJA (ID_UCZEN_FUNKCJA,ID_UCZEN,ID_FUNKCJA) values ('22','22','13');
Insert into PROJEKT_OSWIECIMSKA_SPYTKOWSKA_GLOD.UCZEN_FUNKCJA (ID_UCZEN_FUNKCJA,ID_UCZEN,ID_FUNKCJA) values ('23','23','14');
Insert into PROJEKT_OSWIECIMSKA_SPYTKOWSKA_GLOD.UCZEN_FUNKCJA (ID_UCZEN_FUNKCJA,ID_UCZEN,ID_FUNKCJA) values ('24','24','14');
Insert into PROJEKT_OSWIECIMSKA_SPYTKOWSKA_GLOD.UCZEN_FUNKCJA (ID_UCZEN_FUNKCJA,ID_UCZEN,ID_FUNKCJA) values ('25','2','14');
Insert into PROJEKT_OSWIECIMSKA_SPYTKOWSKA_GLOD.UCZEN_FUNKCJA (ID_UCZEN_FUNKCJA,ID_UCZEN,ID_FUNKCJA) values ('26','25','15');
Insert into PROJEKT_OSWIECIMSKA_SPYTKOWSKA_GLOD.UCZEN_FUNKCJA (ID_UCZEN_FUNKCJA,ID_UCZEN,ID_FUNKCJA) values ('27','26','16');
Insert into PROJEKT_OSWIECIMSKA_SPYTKOWSKA_GLOD.UCZEN_FUNKCJA (ID_UCZEN_FUNKCJA,ID_UCZEN,ID_FUNKCJA) values ('28','27','16');
Insert into PROJEKT_OSWIECIMSKA_SPYTKOWSKA_GLOD.UCZEN_FUNKCJA (ID_UCZEN_FUNKCJA,ID_UCZEN,ID_FUNKCJA) values ('29','28','16');
Insert into PROJEKT_OSWIECIMSKA_SPYTKOWSKA_GLOD.UCZEN_FUNKCJA (ID_UCZEN_FUNKCJA,ID_UCZEN,ID_FUNKCJA) values ('30','4','16');
Insert into PROJEKT_OSWIECIMSKA_SPYTKOWSKA_GLOD.UCZEN_FUNKCJA (ID_UCZEN_FUNKCJA,ID_UCZEN,ID_FUNKCJA) values ('31','29','17');
Insert into PROJEKT_OSWIECIMSKA_SPYTKOWSKA_GLOD.UCZEN_FUNKCJA (ID_UCZEN_FUNKCJA,ID_UCZEN,ID_FUNKCJA) values ('32','30','18');
Insert into PROJEKT_OSWIECIMSKA_SPYTKOWSKA_GLOD.UCZEN_FUNKCJA (ID_UCZEN_FUNKCJA,ID_UCZEN,ID_FUNKCJA) values ('33','31','18');
Insert into PROJEKT_OSWIECIMSKA_SPYTKOWSKA_GLOD.UCZEN_FUNKCJA (ID_UCZEN_FUNKCJA,ID_UCZEN,ID_FUNKCJA) values ('34','32','18');
Insert into PROJEKT_OSWIECIMSKA_SPYTKOWSKA_GLOD.UCZEN_FUNKCJA (ID_UCZEN_FUNKCJA,ID_UCZEN,ID_FUNKCJA) values ('35','2','18');
Insert into PROJEKT_OSWIECIMSKA_SPYTKOWSKA_GLOD.UCZEN_FUNKCJA (ID_UCZEN_FUNKCJA,ID_UCZEN,ID_FUNKCJA) values ('36','1','19');
Insert into PROJEKT_OSWIECIMSKA_SPYTKOWSKA_GLOD.UCZEN_FUNKCJA (ID_UCZEN_FUNKCJA,ID_UCZEN,ID_FUNKCJA) values ('37','2','20');
REM INSERTING into PROJEKT_OSWIECIMSKA_SPYTKOWSKA_GLOD.UCZEN_KLASA
SET DEFINE OFF;
Insert into PROJEKT_OSWIECIMSKA_SPYTKOWSKA_GLOD.UCZEN_KLASA (ID_UCZEN_KLASA,ID_UCZEN,ID_KLASA) values ('1','1','1');
Insert into PROJEKT_OSWIECIMSKA_SPYTKOWSKA_GLOD.UCZEN_KLASA (ID_UCZEN_KLASA,ID_UCZEN,ID_KLASA) values ('2','2','1');
Insert into PROJEKT_OSWIECIMSKA_SPYTKOWSKA_GLOD.UCZEN_KLASA (ID_UCZEN_KLASA,ID_UCZEN,ID_KLASA) values ('3','3','1');
Insert into PROJEKT_OSWIECIMSKA_SPYTKOWSKA_GLOD.UCZEN_KLASA (ID_UCZEN_KLASA,ID_UCZEN,ID_KLASA) values ('4','4','1');
Insert into PROJEKT_OSWIECIMSKA_SPYTKOWSKA_GLOD.UCZEN_KLASA (ID_UCZEN_KLASA,ID_UCZEN,ID_KLASA) values ('5','5','1');
Insert into PROJEKT_OSWIECIMSKA_SPYTKOWSKA_GLOD.UCZEN_KLASA (ID_UCZEN_KLASA,ID_UCZEN,ID_KLASA) values ('6','6','2');
Insert into PROJEKT_OSWIECIMSKA_SPYTKOWSKA_GLOD.UCZEN_KLASA (ID_UCZEN_KLASA,ID_UCZEN,ID_KLASA) values ('7','7','2');
Insert into PROJEKT_OSWIECIMSKA_SPYTKOWSKA_GLOD.UCZEN_KLASA (ID_UCZEN_KLASA,ID_UCZEN,ID_KLASA) values ('8','8','2');
Insert into PROJEKT_OSWIECIMSKA_SPYTKOWSKA_GLOD.UCZEN_KLASA (ID_UCZEN_KLASA,ID_UCZEN,ID_KLASA) values ('9','9','2');
Insert into PROJEKT_OSWIECIMSKA_SPYTKOWSKA_GLOD.UCZEN_KLASA (ID_UCZEN_KLASA,ID_UCZEN,ID_KLASA) values ('10','10','2');
Insert into PROJEKT_OSWIECIMSKA_SPYTKOWSKA_GLOD.UCZEN_KLASA (ID_UCZEN_KLASA,ID_UCZEN,ID_KLASA) values ('11','11','3');
Insert into PROJEKT_OSWIECIMSKA_SPYTKOWSKA_GLOD.UCZEN_KLASA (ID_UCZEN_KLASA,ID_UCZEN,ID_KLASA) values ('12','12','3');
Insert into PROJEKT_OSWIECIMSKA_SPYTKOWSKA_GLOD.UCZEN_KLASA (ID_UCZEN_KLASA,ID_UCZEN,ID_KLASA) values ('13','13','3');
Insert into PROJEKT_OSWIECIMSKA_SPYTKOWSKA_GLOD.UCZEN_KLASA (ID_UCZEN_KLASA,ID_UCZEN,ID_KLASA) values ('14','14','3');
Insert into PROJEKT_OSWIECIMSKA_SPYTKOWSKA_GLOD.UCZEN_KLASA (ID_UCZEN_KLASA,ID_UCZEN,ID_KLASA) values ('15','15','3');
Insert into PROJEKT_OSWIECIMSKA_SPYTKOWSKA_GLOD.UCZEN_KLASA (ID_UCZEN_KLASA,ID_UCZEN,ID_KLASA) values ('16','16','7');
Insert into PROJEKT_OSWIECIMSKA_SPYTKOWSKA_GLOD.UCZEN_KLASA (ID_UCZEN_KLASA,ID_UCZEN,ID_KLASA) values ('17','17','7');
Insert into PROJEKT_OSWIECIMSKA_SPYTKOWSKA_GLOD.UCZEN_KLASA (ID_UCZEN_KLASA,ID_UCZEN,ID_KLASA) values ('18','18','7');
Insert into PROJEKT_OSWIECIMSKA_SPYTKOWSKA_GLOD.UCZEN_KLASA (ID_UCZEN_KLASA,ID_UCZEN,ID_KLASA) values ('19','19','7');
Insert into PROJEKT_OSWIECIMSKA_SPYTKOWSKA_GLOD.UCZEN_KLASA (ID_UCZEN_KLASA,ID_UCZEN,ID_KLASA) values ('20','20','7');
Insert into PROJEKT_OSWIECIMSKA_SPYTKOWSKA_GLOD.UCZEN_KLASA (ID_UCZEN_KLASA,ID_UCZEN,ID_KLASA) values ('21','21','8');
Insert into PROJEKT_OSWIECIMSKA_SPYTKOWSKA_GLOD.UCZEN_KLASA (ID_UCZEN_KLASA,ID_UCZEN,ID_KLASA) values ('22','22','8');
Insert into PROJEKT_OSWIECIMSKA_SPYTKOWSKA_GLOD.UCZEN_KLASA (ID_UCZEN_KLASA,ID_UCZEN,ID_KLASA) values ('23','23','8');
Insert into PROJEKT_OSWIECIMSKA_SPYTKOWSKA_GLOD.UCZEN_KLASA (ID_UCZEN_KLASA,ID_UCZEN,ID_KLASA) values ('24','24','8');
Insert into PROJEKT_OSWIECIMSKA_SPYTKOWSKA_GLOD.UCZEN_KLASA (ID_UCZEN_KLASA,ID_UCZEN,ID_KLASA) values ('25','25','8');
Insert into PROJEKT_OSWIECIMSKA_SPYTKOWSKA_GLOD.UCZEN_KLASA (ID_UCZEN_KLASA,ID_UCZEN,ID_KLASA) values ('26','26','9');
Insert into PROJEKT_OSWIECIMSKA_SPYTKOWSKA_GLOD.UCZEN_KLASA (ID_UCZEN_KLASA,ID_UCZEN,ID_KLASA) values ('27','27','9');
Insert into PROJEKT_OSWIECIMSKA_SPYTKOWSKA_GLOD.UCZEN_KLASA (ID_UCZEN_KLASA,ID_UCZEN,ID_KLASA) values ('28','28','9');
Insert into PROJEKT_OSWIECIMSKA_SPYTKOWSKA_GLOD.UCZEN_KLASA (ID_UCZEN_KLASA,ID_UCZEN,ID_KLASA) values ('29','29','9');
Insert into PROJEKT_OSWIECIMSKA_SPYTKOWSKA_GLOD.UCZEN_KLASA (ID_UCZEN_KLASA,ID_UCZEN,ID_KLASA) values ('30','30','9');
Insert into PROJEKT_OSWIECIMSKA_SPYTKOWSKA_GLOD.UCZEN_KLASA (ID_UCZEN_KLASA,ID_UCZEN,ID_KLASA) values ('31','31','10');
Insert into PROJEKT_OSWIECIMSKA_SPYTKOWSKA_GLOD.UCZEN_KLASA (ID_UCZEN_KLASA,ID_UCZEN,ID_KLASA) values ('32','36','10');
Insert into PROJEKT_OSWIECIMSKA_SPYTKOWSKA_GLOD.UCZEN_KLASA (ID_UCZEN_KLASA,ID_UCZEN,ID_KLASA) values ('33','42','10');
Insert into PROJEKT_OSWIECIMSKA_SPYTKOWSKA_GLOD.UCZEN_KLASA (ID_UCZEN_KLASA,ID_UCZEN,ID_KLASA) values ('34','45','10');
Insert into PROJEKT_OSWIECIMSKA_SPYTKOWSKA_GLOD.UCZEN_KLASA (ID_UCZEN_KLASA,ID_UCZEN,ID_KLASA) values ('35','54','10');
Insert into PROJEKT_OSWIECIMSKA_SPYTKOWSKA_GLOD.UCZEN_KLASA (ID_UCZEN_KLASA,ID_UCZEN,ID_KLASA) values ('36','67','10');
Insert into PROJEKT_OSWIECIMSKA_SPYTKOWSKA_GLOD.UCZEN_KLASA (ID_UCZEN_KLASA,ID_UCZEN,ID_KLASA) values ('37','68','10');
Insert into PROJEKT_OSWIECIMSKA_SPYTKOWSKA_GLOD.UCZEN_KLASA (ID_UCZEN_KLASA,ID_UCZEN,ID_KLASA) values ('38','69','10');
Insert into PROJEKT_OSWIECIMSKA_SPYTKOWSKA_GLOD.UCZEN_KLASA (ID_UCZEN_KLASA,ID_UCZEN,ID_KLASA) values ('39','70','10');
Insert into PROJEKT_OSWIECIMSKA_SPYTKOWSKA_GLOD.UCZEN_KLASA (ID_UCZEN_KLASA,ID_UCZEN,ID_KLASA) values ('40','71','10');
REM INSERTING into PROJEKT_OSWIECIMSKA_SPYTKOWSKA_GLOD.UCZEN_RODZIC
SET DEFINE OFF;
Insert into PROJEKT_OSWIECIMSKA_SPYTKOWSKA_GLOD.UCZEN_RODZIC (ID_UCZEN_RODZIC,ID_UCZEN,ID_RODZIC) values ('1','1','1');
Insert into PROJEKT_OSWIECIMSKA_SPYTKOWSKA_GLOD.UCZEN_RODZIC (ID_UCZEN_RODZIC,ID_UCZEN,ID_RODZIC) values ('2','2','2');
Insert into PROJEKT_OSWIECIMSKA_SPYTKOWSKA_GLOD.UCZEN_RODZIC (ID_UCZEN_RODZIC,ID_UCZEN,ID_RODZIC) values ('3','3','3');
Insert into PROJEKT_OSWIECIMSKA_SPYTKOWSKA_GLOD.UCZEN_RODZIC (ID_UCZEN_RODZIC,ID_UCZEN,ID_RODZIC) values ('4','4','4');
Insert into PROJEKT_OSWIECIMSKA_SPYTKOWSKA_GLOD.UCZEN_RODZIC (ID_UCZEN_RODZIC,ID_UCZEN,ID_RODZIC) values ('5','5','5');
Insert into PROJEKT_OSWIECIMSKA_SPYTKOWSKA_GLOD.UCZEN_RODZIC (ID_UCZEN_RODZIC,ID_UCZEN,ID_RODZIC) values ('6','6','6');
Insert into PROJEKT_OSWIECIMSKA_SPYTKOWSKA_GLOD.UCZEN_RODZIC (ID_UCZEN_RODZIC,ID_UCZEN,ID_RODZIC) values ('7','7','7');
Insert into PROJEKT_OSWIECIMSKA_SPYTKOWSKA_GLOD.UCZEN_RODZIC (ID_UCZEN_RODZIC,ID_UCZEN,ID_RODZIC) values ('8','8','8');
Insert into PROJEKT_OSWIECIMSKA_SPYTKOWSKA_GLOD.UCZEN_RODZIC (ID_UCZEN_RODZIC,ID_UCZEN,ID_RODZIC) values ('9','9','9');
Insert into PROJEKT_OSWIECIMSKA_SPYTKOWSKA_GLOD.UCZEN_RODZIC (ID_UCZEN_RODZIC,ID_UCZEN,ID_RODZIC) values ('10','10','10');
Insert into PROJEKT_OSWIECIMSKA_SPYTKOWSKA_GLOD.UCZEN_RODZIC (ID_UCZEN_RODZIC,ID_UCZEN,ID_RODZIC) values ('11','11','11');
Insert into PROJEKT_OSWIECIMSKA_SPYTKOWSKA_GLOD.UCZEN_RODZIC (ID_UCZEN_RODZIC,ID_UCZEN,ID_RODZIC) values ('12','12','12');
Insert into PROJEKT_OSWIECIMSKA_SPYTKOWSKA_GLOD.UCZEN_RODZIC (ID_UCZEN_RODZIC,ID_UCZEN,ID_RODZIC) values ('13','13','13');
Insert into PROJEKT_OSWIECIMSKA_SPYTKOWSKA_GLOD.UCZEN_RODZIC (ID_UCZEN_RODZIC,ID_UCZEN,ID_RODZIC) values ('14','14','14');
Insert into PROJEKT_OSWIECIMSKA_SPYTKOWSKA_GLOD.UCZEN_RODZIC (ID_UCZEN_RODZIC,ID_UCZEN,ID_RODZIC) values ('15','15','15');
Insert into PROJEKT_OSWIECIMSKA_SPYTKOWSKA_GLOD.UCZEN_RODZIC (ID_UCZEN_RODZIC,ID_UCZEN,ID_RODZIC) values ('16','16','16');
Insert into PROJEKT_OSWIECIMSKA_SPYTKOWSKA_GLOD.UCZEN_RODZIC (ID_UCZEN_RODZIC,ID_UCZEN,ID_RODZIC) values ('17','17','17');
Insert into PROJEKT_OSWIECIMSKA_SPYTKOWSKA_GLOD.UCZEN_RODZIC (ID_UCZEN_RODZIC,ID_UCZEN,ID_RODZIC) values ('18','18','18');
Insert into PROJEKT_OSWIECIMSKA_SPYTKOWSKA_GLOD.UCZEN_RODZIC (ID_UCZEN_RODZIC,ID_UCZEN,ID_RODZIC) values ('19','19','19');
Insert into PROJEKT_OSWIECIMSKA_SPYTKOWSKA_GLOD.UCZEN_RODZIC (ID_UCZEN_RODZIC,ID_UCZEN,ID_RODZIC) values ('20','20','20');
Insert into PROJEKT_OSWIECIMSKA_SPYTKOWSKA_GLOD.UCZEN_RODZIC (ID_UCZEN_RODZIC,ID_UCZEN,ID_RODZIC) values ('21','21','21');
Insert into PROJEKT_OSWIECIMSKA_SPYTKOWSKA_GLOD.UCZEN_RODZIC (ID_UCZEN_RODZIC,ID_UCZEN,ID_RODZIC) values ('22','22','22');
Insert into PROJEKT_OSWIECIMSKA_SPYTKOWSKA_GLOD.UCZEN_RODZIC (ID_UCZEN_RODZIC,ID_UCZEN,ID_RODZIC) values ('23','23','23');
Insert into PROJEKT_OSWIECIMSKA_SPYTKOWSKA_GLOD.UCZEN_RODZIC (ID_UCZEN_RODZIC,ID_UCZEN,ID_RODZIC) values ('24','24','24');
Insert into PROJEKT_OSWIECIMSKA_SPYTKOWSKA_GLOD.UCZEN_RODZIC (ID_UCZEN_RODZIC,ID_UCZEN,ID_RODZIC) values ('25','25','25');
Insert into PROJEKT_OSWIECIMSKA_SPYTKOWSKA_GLOD.UCZEN_RODZIC (ID_UCZEN_RODZIC,ID_UCZEN,ID_RODZIC) values ('26','26','26');
Insert into PROJEKT_OSWIECIMSKA_SPYTKOWSKA_GLOD.UCZEN_RODZIC (ID_UCZEN_RODZIC,ID_UCZEN,ID_RODZIC) values ('27','27','27');
Insert into PROJEKT_OSWIECIMSKA_SPYTKOWSKA_GLOD.UCZEN_RODZIC (ID_UCZEN_RODZIC,ID_UCZEN,ID_RODZIC) values ('28','28','28');
Insert into PROJEKT_OSWIECIMSKA_SPYTKOWSKA_GLOD.UCZEN_RODZIC (ID_UCZEN_RODZIC,ID_UCZEN,ID_RODZIC) values ('29','29','29');
Insert into PROJEKT_OSWIECIMSKA_SPYTKOWSKA_GLOD.UCZEN_RODZIC (ID_UCZEN_RODZIC,ID_UCZEN,ID_RODZIC) values ('30','30','30');
Insert into PROJEKT_OSWIECIMSKA_SPYTKOWSKA_GLOD.UCZEN_RODZIC (ID_UCZEN_RODZIC,ID_UCZEN,ID_RODZIC) values ('31','31','32');
Insert into PROJEKT_OSWIECIMSKA_SPYTKOWSKA_GLOD.UCZEN_RODZIC (ID_UCZEN_RODZIC,ID_UCZEN,ID_RODZIC) values ('32','31','33');
Insert into PROJEKT_OSWIECIMSKA_SPYTKOWSKA_GLOD.UCZEN_RODZIC (ID_UCZEN_RODZIC,ID_UCZEN,ID_RODZIC) values ('33','32','34');
Insert into PROJEKT_OSWIECIMSKA_SPYTKOWSKA_GLOD.UCZEN_RODZIC (ID_UCZEN_RODZIC,ID_UCZEN,ID_RODZIC) values ('34','33','34');
Insert into PROJEKT_OSWIECIMSKA_SPYTKOWSKA_GLOD.UCZEN_RODZIC (ID_UCZEN_RODZIC,ID_UCZEN,ID_RODZIC) values ('35','34','35');
Insert into PROJEKT_OSWIECIMSKA_SPYTKOWSKA_GLOD.UCZEN_RODZIC (ID_UCZEN_RODZIC,ID_UCZEN,ID_RODZIC) values ('36','34','36');
Insert into PROJEKT_OSWIECIMSKA_SPYTKOWSKA_GLOD.UCZEN_RODZIC (ID_UCZEN_RODZIC,ID_UCZEN,ID_RODZIC) values ('37','35','37');
Insert into PROJEKT_OSWIECIMSKA_SPYTKOWSKA_GLOD.UCZEN_RODZIC (ID_UCZEN_RODZIC,ID_UCZEN,ID_RODZIC) values ('38','36','38');
Insert into PROJEKT_OSWIECIMSKA_SPYTKOWSKA_GLOD.UCZEN_RODZIC (ID_UCZEN_RODZIC,ID_UCZEN,ID_RODZIC) values ('39','36','39');
Insert into PROJEKT_OSWIECIMSKA_SPYTKOWSKA_GLOD.UCZEN_RODZIC (ID_UCZEN_RODZIC,ID_UCZEN,ID_RODZIC) values ('40','37','38');
Insert into PROJEKT_OSWIECIMSKA_SPYTKOWSKA_GLOD.UCZEN_RODZIC (ID_UCZEN_RODZIC,ID_UCZEN,ID_RODZIC) values ('41','38','40');
Insert into PROJEKT_OSWIECIMSKA_SPYTKOWSKA_GLOD.UCZEN_RODZIC (ID_UCZEN_RODZIC,ID_UCZEN,ID_RODZIC) values ('42','39','41');
Insert into PROJEKT_OSWIECIMSKA_SPYTKOWSKA_GLOD.UCZEN_RODZIC (ID_UCZEN_RODZIC,ID_UCZEN,ID_RODZIC) values ('43','63','41');
Insert into PROJEKT_OSWIECIMSKA_SPYTKOWSKA_GLOD.UCZEN_RODZIC (ID_UCZEN_RODZIC,ID_UCZEN,ID_RODZIC) values ('44','40','42');
Insert into PROJEKT_OSWIECIMSKA_SPYTKOWSKA_GLOD.UCZEN_RODZIC (ID_UCZEN_RODZIC,ID_UCZEN,ID_RODZIC) values ('45','40','43');
Insert into PROJEKT_OSWIECIMSKA_SPYTKOWSKA_GLOD.UCZEN_RODZIC (ID_UCZEN_RODZIC,ID_UCZEN,ID_RODZIC) values ('46','41','44');
Insert into PROJEKT_OSWIECIMSKA_SPYTKOWSKA_GLOD.UCZEN_RODZIC (ID_UCZEN_RODZIC,ID_UCZEN,ID_RODZIC) values ('47','42','45');
Insert into PROJEKT_OSWIECIMSKA_SPYTKOWSKA_GLOD.UCZEN_RODZIC (ID_UCZEN_RODZIC,ID_UCZEN,ID_RODZIC) values ('48','42','46');
Insert into PROJEKT_OSWIECIMSKA_SPYTKOWSKA_GLOD.UCZEN_RODZIC (ID_UCZEN_RODZIC,ID_UCZEN,ID_RODZIC) values ('49','43','47');
Insert into PROJEKT_OSWIECIMSKA_SPYTKOWSKA_GLOD.UCZEN_RODZIC (ID_UCZEN_RODZIC,ID_UCZEN,ID_RODZIC) values ('50','44','48');
Insert into PROJEKT_OSWIECIMSKA_SPYTKOWSKA_GLOD.UCZEN_RODZIC (ID_UCZEN_RODZIC,ID_UCZEN,ID_RODZIC) values ('51','44','49');
Insert into PROJEKT_OSWIECIMSKA_SPYTKOWSKA_GLOD.UCZEN_RODZIC (ID_UCZEN_RODZIC,ID_UCZEN,ID_RODZIC) values ('52','45','50');
Insert into PROJEKT_OSWIECIMSKA_SPYTKOWSKA_GLOD.UCZEN_RODZIC (ID_UCZEN_RODZIC,ID_UCZEN,ID_RODZIC) values ('53','46','50');
Insert into PROJEKT_OSWIECIMSKA_SPYTKOWSKA_GLOD.UCZEN_RODZIC (ID_UCZEN_RODZIC,ID_UCZEN,ID_RODZIC) values ('54','47','51');
Insert into PROJEKT_OSWIECIMSKA_SPYTKOWSKA_GLOD.UCZEN_RODZIC (ID_UCZEN_RODZIC,ID_UCZEN,ID_RODZIC) values ('55','48','52');
Insert into PROJEKT_OSWIECIMSKA_SPYTKOWSKA_GLOD.UCZEN_RODZIC (ID_UCZEN_RODZIC,ID_UCZEN,ID_RODZIC) values ('56','49','53');
Insert into PROJEKT_OSWIECIMSKA_SPYTKOWSKA_GLOD.UCZEN_RODZIC (ID_UCZEN_RODZIC,ID_UCZEN,ID_RODZIC) values ('57','50','54');
Insert into PROJEKT_OSWIECIMSKA_SPYTKOWSKA_GLOD.UCZEN_RODZIC (ID_UCZEN_RODZIC,ID_UCZEN,ID_RODZIC) values ('58','51','55');
Insert into PROJEKT_OSWIECIMSKA_SPYTKOWSKA_GLOD.UCZEN_RODZIC (ID_UCZEN_RODZIC,ID_UCZEN,ID_RODZIC) values ('59','52','56');
Insert into PROJEKT_OSWIECIMSKA_SPYTKOWSKA_GLOD.UCZEN_RODZIC (ID_UCZEN_RODZIC,ID_UCZEN,ID_RODZIC) values ('60','53','57');
Insert into PROJEKT_OSWIECIMSKA_SPYTKOWSKA_GLOD.UCZEN_RODZIC (ID_UCZEN_RODZIC,ID_UCZEN,ID_RODZIC) values ('61','54','58');
Insert into PROJEKT_OSWIECIMSKA_SPYTKOWSKA_GLOD.UCZEN_RODZIC (ID_UCZEN_RODZIC,ID_UCZEN,ID_RODZIC) values ('62','55','59');
Insert into PROJEKT_OSWIECIMSKA_SPYTKOWSKA_GLOD.UCZEN_RODZIC (ID_UCZEN_RODZIC,ID_UCZEN,ID_RODZIC) values ('63','56','60');
Insert into PROJEKT_OSWIECIMSKA_SPYTKOWSKA_GLOD.UCZEN_RODZIC (ID_UCZEN_RODZIC,ID_UCZEN,ID_RODZIC) values ('64','57','60');
Insert into PROJEKT_OSWIECIMSKA_SPYTKOWSKA_GLOD.UCZEN_RODZIC (ID_UCZEN_RODZIC,ID_UCZEN,ID_RODZIC) values ('65','58','62');
Insert into PROJEKT_OSWIECIMSKA_SPYTKOWSKA_GLOD.UCZEN_RODZIC (ID_UCZEN_RODZIC,ID_UCZEN,ID_RODZIC) values ('66','59','62');
Insert into PROJEKT_OSWIECIMSKA_SPYTKOWSKA_GLOD.UCZEN_RODZIC (ID_UCZEN_RODZIC,ID_UCZEN,ID_RODZIC) values ('67','60','63');
Insert into PROJEKT_OSWIECIMSKA_SPYTKOWSKA_GLOD.UCZEN_RODZIC (ID_UCZEN_RODZIC,ID_UCZEN,ID_RODZIC) values ('68','61','63');
Insert into PROJEKT_OSWIECIMSKA_SPYTKOWSKA_GLOD.UCZEN_RODZIC (ID_UCZEN_RODZIC,ID_UCZEN,ID_RODZIC) values ('69','62','64');
Insert into PROJEKT_OSWIECIMSKA_SPYTKOWSKA_GLOD.UCZEN_RODZIC (ID_UCZEN_RODZIC,ID_UCZEN,ID_RODZIC) values ('70','63','41');
Insert into PROJEKT_OSWIECIMSKA_SPYTKOWSKA_GLOD.UCZEN_RODZIC (ID_UCZEN_RODZIC,ID_UCZEN,ID_RODZIC) values ('71','64','64');
Insert into PROJEKT_OSWIECIMSKA_SPYTKOWSKA_GLOD.UCZEN_RODZIC (ID_UCZEN_RODZIC,ID_UCZEN,ID_RODZIC) values ('72','65','64');
Insert into PROJEKT_OSWIECIMSKA_SPYTKOWSKA_GLOD.UCZEN_RODZIC (ID_UCZEN_RODZIC,ID_UCZEN,ID_RODZIC) values ('73','66','40');
Insert into PROJEKT_OSWIECIMSKA_SPYTKOWSKA_GLOD.UCZEN_RODZIC (ID_UCZEN_RODZIC,ID_UCZEN,ID_RODZIC) values ('74','67','65');
Insert into PROJEKT_OSWIECIMSKA_SPYTKOWSKA_GLOD.UCZEN_RODZIC (ID_UCZEN_RODZIC,ID_UCZEN,ID_RODZIC) values ('75','68','66');
Insert into PROJEKT_OSWIECIMSKA_SPYTKOWSKA_GLOD.UCZEN_RODZIC (ID_UCZEN_RODZIC,ID_UCZEN,ID_RODZIC) values ('76','69','67');
Insert into PROJEKT_OSWIECIMSKA_SPYTKOWSKA_GLOD.UCZEN_RODZIC (ID_UCZEN_RODZIC,ID_UCZEN,ID_RODZIC) values ('77','70','68');
Insert into PROJEKT_OSWIECIMSKA_SPYTKOWSKA_GLOD.UCZEN_RODZIC (ID_UCZEN_RODZIC,ID_UCZEN,ID_RODZIC) values ('78','71','69');
Insert into PROJEKT_OSWIECIMSKA_SPYTKOWSKA_GLOD.UCZEN_RODZIC (ID_UCZEN_RODZIC,ID_UCZEN,ID_RODZIC) values ('79','72','70');
REM INSERTING into PROJEKT_OSWIECIMSKA_SPYTKOWSKA_GLOD.UCZNIOWIE
SET DEFINE OFF;
Insert into PROJEKT_OSWIECIMSKA_SPYTKOWSKA_GLOD.UCZNIOWIE (ID_UCZEN,IMIE_UCZEN,NAZWISKO_UCZEN,PESEL_UCZEN,LOGIN_UCZEN,HASLO_UCZEN,DATA_URODZENIA_UCZEN,ID_ADRES) values ('1','Marcin','Kowalski','12345678901','mkowalski','haslo201',to_date('00/01/01','RR/MM/DD'),'1');
Insert into PROJEKT_OSWIECIMSKA_SPYTKOWSKA_GLOD.UCZNIOWIE (ID_UCZEN,IMIE_UCZEN,NAZWISKO_UCZEN,PESEL_UCZEN,LOGIN_UCZEN,HASLO_UCZEN,DATA_URODZENIA_UCZEN,ID_ADRES) values ('2','Karolina','Nowak','23456789012','knowak','haslo202',to_date('00/02/15','RR/MM/DD'),'2');
Insert into PROJEKT_OSWIECIMSKA_SPYTKOWSKA_GLOD.UCZNIOWIE (ID_UCZEN,IMIE_UCZEN,NAZWISKO_UCZEN,PESEL_UCZEN,LOGIN_UCZEN,HASLO_UCZEN,DATA_URODZENIA_UCZEN,ID_ADRES) values ('3','Ludwik','Wiœniewski','34567890123','lwisniewski','haslo203',to_date('00/03/30','RR/MM/DD'),'3');
Insert into PROJEKT_OSWIECIMSKA_SPYTKOWSKA_GLOD.UCZNIOWIE (ID_UCZEN,IMIE_UCZEN,NAZWISKO_UCZEN,PESEL_UCZEN,LOGIN_UCZEN,HASLO_UCZEN,DATA_URODZENIA_UCZEN,ID_ADRES) values ('4','Julia','Kowalska','45678901234','jkowalska','haslo204',to_date('00/05/20','RR/MM/DD'),'4');
Insert into PROJEKT_OSWIECIMSKA_SPYTKOWSKA_GLOD.UCZNIOWIE (ID_UCZEN,IMIE_UCZEN,NAZWISKO_UCZEN,PESEL_UCZEN,LOGIN_UCZEN,HASLO_UCZEN,DATA_URODZENIA_UCZEN,ID_ADRES) values ('5','Kacper','Malinowski','56789012345','kmalinowski','haslo205',to_date('00/06/10','RR/MM/DD'),'5');
Insert into PROJEKT_OSWIECIMSKA_SPYTKOWSKA_GLOD.UCZNIOWIE (ID_UCZEN,IMIE_UCZEN,NAZWISKO_UCZEN,PESEL_UCZEN,LOGIN_UCZEN,HASLO_UCZEN,DATA_URODZENIA_UCZEN,ID_ADRES) values ('6','Dominika','Adamczyk','67890123456','dadamczyk','haslo206',to_date('01/07/25','RR/MM/DD'),'6');
Insert into PROJEKT_OSWIECIMSKA_SPYTKOWSKA_GLOD.UCZNIOWIE (ID_UCZEN,IMIE_UCZEN,NAZWISKO_UCZEN,PESEL_UCZEN,LOGIN_UCZEN,HASLO_UCZEN,DATA_URODZENIA_UCZEN,ID_ADRES) values ('7','Mateusz','Wojciechowski','78901234567','mwojciechowski','haslo207',to_date('01/08/15','RR/MM/DD'),'7');
Insert into PROJEKT_OSWIECIMSKA_SPYTKOWSKA_GLOD.UCZNIOWIE (ID_UCZEN,IMIE_UCZEN,NAZWISKO_UCZEN,PESEL_UCZEN,LOGIN_UCZEN,HASLO_UCZEN,DATA_URODZENIA_UCZEN,ID_ADRES) values ('8','Kinga','Koz³owska','89012345678','kkozlowska','haslo208',to_date('01/09/05','RR/MM/DD'),'8');
Insert into PROJEKT_OSWIECIMSKA_SPYTKOWSKA_GLOD.UCZNIOWIE (ID_UCZEN,IMIE_UCZEN,NAZWISKO_UCZEN,PESEL_UCZEN,LOGIN_UCZEN,HASLO_UCZEN,DATA_URODZENIA_UCZEN,ID_ADRES) values ('9','Kamil','Jankowski','90123456789','kjankowski','haslo209',to_date('01/10/01','RR/MM/DD'),'9');
Insert into PROJEKT_OSWIECIMSKA_SPYTKOWSKA_GLOD.UCZNIOWIE (ID_UCZEN,IMIE_UCZEN,NAZWISKO_UCZEN,PESEL_UCZEN,LOGIN_UCZEN,HASLO_UCZEN,DATA_URODZENIA_UCZEN,ID_ADRES) values ('10','Dominik','Wróbel','01234567890','dwrobel','haslo210',to_date('01/11/11','RR/MM/DD'),'10');
Insert into PROJEKT_OSWIECIMSKA_SPYTKOWSKA_GLOD.UCZNIOWIE (ID_UCZEN,IMIE_UCZEN,NAZWISKO_UCZEN,PESEL_UCZEN,LOGIN_UCZEN,HASLO_UCZEN,DATA_URODZENIA_UCZEN,ID_ADRES) values ('11','Klaudia','Kracik','09267354289','kkracik','haslo211',to_date('02/09/05','RR/MM/DD'),'11');
Insert into PROJEKT_OSWIECIMSKA_SPYTKOWSKA_GLOD.UCZNIOWIE (ID_UCZEN,IMIE_UCZEN,NAZWISKO_UCZEN,PESEL_UCZEN,LOGIN_UCZEN,HASLO_UCZEN,DATA_URODZENIA_UCZEN,ID_ADRES) values ('12','Karol','Wójcik','09109289012','kwojcik','haslo212',to_date('02/10/12','RR/MM/DD'),'12');
Insert into PROJEKT_OSWIECIMSKA_SPYTKOWSKA_GLOD.UCZNIOWIE (ID_UCZEN,IMIE_UCZEN,NAZWISKO_UCZEN,PESEL_UCZEN,LOGIN_UCZEN,HASLO_UCZEN,DATA_URODZENIA_UCZEN,ID_ADRES) values ('13','Marek','Skoczyk','09087687643','mskoczyk','haslo213',to_date('02/12/11','RR/MM/DD'),'13');
Insert into PROJEKT_OSWIECIMSKA_SPYTKOWSKA_GLOD.UCZNIOWIE (ID_UCZEN,IMIE_UCZEN,NAZWISKO_UCZEN,PESEL_UCZEN,LOGIN_UCZEN,HASLO_UCZEN,DATA_URODZENIA_UCZEN,ID_ADRES) values ('14','Kacper','Dziedzic','10293756291','kdziedzic','haslo214',to_date('02/12/01','RR/MM/DD'),'14');
Insert into PROJEKT_OSWIECIMSKA_SPYTKOWSKA_GLOD.UCZNIOWIE (ID_UCZEN,IMIE_UCZEN,NAZWISKO_UCZEN,PESEL_UCZEN,LOGIN_UCZEN,HASLO_UCZEN,DATA_URODZENIA_UCZEN,ID_ADRES) values ('15','Monika','Dudek','01020398767','mdudek','haslo215',to_date('02/11/12','RR/MM/DD'),'15');
Insert into PROJEKT_OSWIECIMSKA_SPYTKOWSKA_GLOD.UCZNIOWIE (ID_UCZEN,IMIE_UCZEN,NAZWISKO_UCZEN,PESEL_UCZEN,LOGIN_UCZEN,HASLO_UCZEN,DATA_URODZENIA_UCZEN,ID_ADRES) values ('16','Magdalena','Nowakowski','76898752431','mnowakowski','haslo216',to_date('03/10/08','RR/MM/DD'),'16');
Insert into PROJEKT_OSWIECIMSKA_SPYTKOWSKA_GLOD.UCZNIOWIE (ID_UCZEN,IMIE_UCZEN,NAZWISKO_UCZEN,PESEL_UCZEN,LOGIN_UCZEN,HASLO_UCZEN,DATA_URODZENIA_UCZEN,ID_ADRES) values ('17','Darek','Krasnal','12854319876','dkrasnal','haslo217',to_date('03/09/02','RR/MM/DD'),'17');
Insert into PROJEKT_OSWIECIMSKA_SPYTKOWSKA_GLOD.UCZNIOWIE (ID_UCZEN,IMIE_UCZEN,NAZWISKO_UCZEN,PESEL_UCZEN,LOGIN_UCZEN,HASLO_UCZEN,DATA_URODZENIA_UCZEN,ID_ADRES) values ('18','Mateusz','Tomala','19825376549','mtomala','haslo218',to_date('03/08/05','RR/MM/DD'),'18');
Insert into PROJEKT_OSWIECIMSKA_SPYTKOWSKA_GLOD.UCZNIOWIE (ID_UCZEN,IMIE_UCZEN,NAZWISKO_UCZEN,PESEL_UCZEN,LOGIN_UCZEN,HASLO_UCZEN,DATA_URODZENIA_UCZEN,ID_ADRES) values ('19','Jan','Rafacz','19222543871','jrafacz','haslo219',to_date('03/07/23','RR/MM/DD'),'19');
Insert into PROJEKT_OSWIECIMSKA_SPYTKOWSKA_GLOD.UCZNIOWIE (ID_UCZEN,IMIE_UCZEN,NAZWISKO_UCZEN,PESEL_UCZEN,LOGIN_UCZEN,HASLO_UCZEN,DATA_URODZENIA_UCZEN,ID_ADRES) values ('20','Sylwia','Pawlak','19228569822','mzpawlak','haslo220',to_date('03/06/06','RR/MM/DD'),'20');
Insert into PROJEKT_OSWIECIMSKA_SPYTKOWSKA_GLOD.UCZNIOWIE (ID_UCZEN,IMIE_UCZEN,NAZWISKO_UCZEN,PESEL_UCZEN,LOGIN_UCZEN,HASLO_UCZEN,DATA_URODZENIA_UCZEN,ID_ADRES) values ('21','Agnieszka','Mazur','98765432198','amazur','haslo221',to_date('04/10/01','RR/MM/DD'),'21');
Insert into PROJEKT_OSWIECIMSKA_SPYTKOWSKA_GLOD.UCZNIOWIE (ID_UCZEN,IMIE_UCZEN,NAZWISKO_UCZEN,PESEL_UCZEN,LOGIN_UCZEN,HASLO_UCZEN,DATA_URODZENIA_UCZEN,ID_ADRES) values ('22','Katarzyna','Laska','29181726389','klaska','haslo222',to_date('04/10/22','RR/MM/DD'),'22');
Insert into PROJEKT_OSWIECIMSKA_SPYTKOWSKA_GLOD.UCZNIOWIE (ID_UCZEN,IMIE_UCZEN,NAZWISKO_UCZEN,PESEL_UCZEN,LOGIN_UCZEN,HASLO_UCZEN,DATA_URODZENIA_UCZEN,ID_ADRES) values ('23','Jakub','Danek','11122333444','jdanek','haslo223',to_date('04/01/01','RR/MM/DD'),'23');
Insert into PROJEKT_OSWIECIMSKA_SPYTKOWSKA_GLOD.UCZNIOWIE (ID_UCZEN,IMIE_UCZEN,NAZWISKO_UCZEN,PESEL_UCZEN,LOGIN_UCZEN,HASLO_UCZEN,DATA_URODZENIA_UCZEN,ID_ADRES) values ('24','Julia','Kott','12233344455','jkott','haslo224',to_date('04/02/15','RR/MM/DD'),'24');
Insert into PROJEKT_OSWIECIMSKA_SPYTKOWSKA_GLOD.UCZNIOWIE (ID_UCZEN,IMIE_UCZEN,NAZWISKO_UCZEN,PESEL_UCZEN,LOGIN_UCZEN,HASLO_UCZEN,DATA_URODZENIA_UCZEN,ID_ADRES) values ('25','Mateusz','Kurczak','13334445556','mkurczak','haslo225',to_date('04/03/30','RR/MM/DD'),'25');
Insert into PROJEKT_OSWIECIMSKA_SPYTKOWSKA_GLOD.UCZNIOWIE (ID_UCZEN,IMIE_UCZEN,NAZWISKO_UCZEN,PESEL_UCZEN,LOGIN_UCZEN,HASLO_UCZEN,DATA_URODZENIA_UCZEN,ID_ADRES) values ('26','Kamil','Gacek','14444555667','kgacek','haslo226',to_date('05/05/20','RR/MM/DD'),'26');
Insert into PROJEKT_OSWIECIMSKA_SPYTKOWSKA_GLOD.UCZNIOWIE (ID_UCZEN,IMIE_UCZEN,NAZWISKO_UCZEN,PESEL_UCZEN,LOGIN_UCZEN,HASLO_UCZEN,DATA_URODZENIA_UCZEN,ID_ADRES) values ('27','Miko³aj','Nowak','98765432101','mnowak','haslo227',to_date('05/01/01','RR/MM/DD'),'27');
Insert into PROJEKT_OSWIECIMSKA_SPYTKOWSKA_GLOD.UCZNIOWIE (ID_UCZEN,IMIE_UCZEN,NAZWISKO_UCZEN,PESEL_UCZEN,LOGIN_UCZEN,HASLO_UCZEN,DATA_URODZENIA_UCZEN,ID_ADRES) values ('28','Magdalena','Wiœniewska','87654321023','mwisniewska','haslo228',to_date('05/02/15','RR/MM/DD'),'28');
Insert into PROJEKT_OSWIECIMSKA_SPYTKOWSKA_GLOD.UCZNIOWIE (ID_UCZEN,IMIE_UCZEN,NAZWISKO_UCZEN,PESEL_UCZEN,LOGIN_UCZEN,HASLO_UCZEN,DATA_URODZENIA_UCZEN,ID_ADRES) values ('29','Krzysztof','Garbiarz','76543210345','kgarbiarz','haslo229',to_date('05/03/30','RR/MM/DD'),'29');
Insert into PROJEKT_OSWIECIMSKA_SPYTKOWSKA_GLOD.UCZNIOWIE (ID_UCZEN,IMIE_UCZEN,NAZWISKO_UCZEN,PESEL_UCZEN,LOGIN_UCZEN,HASLO_UCZEN,DATA_URODZENIA_UCZEN,ID_ADRES) values ('30','Agnieszka','Malinowska','65432104567','amalinowska','haslo2230',to_date('05/05/20','RR/MM/DD'),'30');
Insert into PROJEKT_OSWIECIMSKA_SPYTKOWSKA_GLOD.UCZNIOWIE (ID_UCZEN,IMIE_UCZEN,NAZWISKO_UCZEN,PESEL_UCZEN,LOGIN_UCZEN,HASLO_UCZEN,DATA_URODZENIA_UCZEN,ID_ADRES) values ('31','Igor','Paw³owski','10233125508','mpawlowski','haslo218',to_date('10/03/31','RR/MM/DD'),'31');
Insert into PROJEKT_OSWIECIMSKA_SPYTKOWSKA_GLOD.UCZNIOWIE (ID_UCZEN,IMIE_UCZEN,NAZWISKO_UCZEN,PESEL_UCZEN,LOGIN_UCZEN,HASLO_UCZEN,DATA_URODZENIA_UCZEN,ID_ADRES) values ('32','Jaros³aw','Kowalik','12291634743','jkowalik','haslo219',to_date('12/09/16','RR/MM/DD'),'32');
Insert into PROJEKT_OSWIECIMSKA_SPYTKOWSKA_GLOD.UCZNIOWIE (ID_UCZEN,IMIE_UCZEN,NAZWISKO_UCZEN,PESEL_UCZEN,LOGIN_UCZEN,HASLO_UCZEN,DATA_URODZENIA_UCZEN,ID_ADRES) values ('33','Waleria','Kowalik','07240336388','wkowalik','haslo220',to_date('07/04/03','RR/MM/DD'),'32');
Insert into PROJEKT_OSWIECIMSKA_SPYTKOWSKA_GLOD.UCZNIOWIE (ID_UCZEN,IMIE_UCZEN,NAZWISKO_UCZEN,PESEL_UCZEN,LOGIN_UCZEN,HASLO_UCZEN,DATA_URODZENIA_UCZEN,ID_ADRES) values ('34','Regina','Kozio³','15301923196','rkoziol','haslo221',to_date('15/10/19','RR/MM/DD'),'33');
Insert into PROJEKT_OSWIECIMSKA_SPYTKOWSKA_GLOD.UCZNIOWIE (ID_UCZEN,IMIE_UCZEN,NAZWISKO_UCZEN,PESEL_UCZEN,LOGIN_UCZEN,HASLO_UCZEN,DATA_URODZENIA_UCZEN,ID_ADRES) values ('35','Katarzyna','Baran','11300929027','kbaran','haslo222',to_date('11/10/09','RR/MM/DD'),'34');
Insert into PROJEKT_OSWIECIMSKA_SPYTKOWSKA_GLOD.UCZNIOWIE (ID_UCZEN,IMIE_UCZEN,NAZWISKO_UCZEN,PESEL_UCZEN,LOGIN_UCZEN,HASLO_UCZEN,DATA_URODZENIA_UCZEN,ID_ADRES) values ('36','Jakub','Wojciechowski','10272458544','jwojciechowski','haslo223',to_date('10/07/24','RR/MM/DD'),'35');
Insert into PROJEKT_OSWIECIMSKA_SPYTKOWSKA_GLOD.UCZNIOWIE (ID_UCZEN,IMIE_UCZEN,NAZWISKO_UCZEN,PESEL_UCZEN,LOGIN_UCZEN,HASLO_UCZEN,DATA_URODZENIA_UCZEN,ID_ADRES) values ('37','Albina','Wojciechowska','08290686218','awojciechowska','haslo224',to_date('08/09/06','RR/MM/DD'),'35');
Insert into PROJEKT_OSWIECIMSKA_SPYTKOWSKA_GLOD.UCZNIOWIE (ID_UCZEN,IMIE_UCZEN,NAZWISKO_UCZEN,PESEL_UCZEN,LOGIN_UCZEN,HASLO_UCZEN,DATA_URODZENIA_UCZEN,ID_ADRES) values ('38','Mateusz','Baranowski','08281089255','mbaranowski','haslo225',to_date('08/08/10','RR/MM/DD'),'36');
Insert into PROJEKT_OSWIECIMSKA_SPYTKOWSKA_GLOD.UCZNIOWIE (ID_UCZEN,IMIE_UCZEN,NAZWISKO_UCZEN,PESEL_UCZEN,LOGIN_UCZEN,HASLO_UCZEN,DATA_URODZENIA_UCZEN,ID_ADRES) values ('39','Kamil','Lewandowski','14262103779','klewandowski','haslo226',to_date('14/06/21','RR/MM/DD'),'37');
Insert into PROJEKT_OSWIECIMSKA_SPYTKOWSKA_GLOD.UCZNIOWIE (ID_UCZEN,IMIE_UCZEN,NAZWISKO_UCZEN,PESEL_UCZEN,LOGIN_UCZEN,HASLO_UCZEN,DATA_URODZENIA_UCZEN,ID_ADRES) values ('40','Miko³aj','Kowal','18291282252','mkowal','haslo227',to_date('18/09/12','RR/MM/DD'),'38');
Insert into PROJEKT_OSWIECIMSKA_SPYTKOWSKA_GLOD.UCZNIOWIE (ID_UCZEN,IMIE_UCZEN,NAZWISKO_UCZEN,PESEL_UCZEN,LOGIN_UCZEN,HASLO_UCZEN,DATA_URODZENIA_UCZEN,ID_ADRES) values ('41','Marianna','Kurek','16212302337','mkurek','haslo228',to_date('16/01/23','RR/MM/DD'),'39');
Insert into PROJEKT_OSWIECIMSKA_SPYTKOWSKA_GLOD.UCZNIOWIE (ID_UCZEN,IMIE_UCZEN,NAZWISKO_UCZEN,PESEL_UCZEN,LOGIN_UCZEN,HASLO_UCZEN,DATA_URODZENIA_UCZEN,ID_ADRES) values ('42','Krzysztof','Lipiñski','10240989876','klipinski','haslo229',to_date('10/04/09','RR/MM/DD'),'40');
Insert into PROJEKT_OSWIECIMSKA_SPYTKOWSKA_GLOD.UCZNIOWIE (ID_UCZEN,IMIE_UCZEN,NAZWISKO_UCZEN,PESEL_UCZEN,LOGIN_UCZEN,HASLO_UCZEN,DATA_URODZENIA_UCZEN,ID_ADRES) values ('43','Agnieszka','Borkowski','12221138301','aborkowski','haslo2230',to_date('12/02/11','RR/MM/DD'),'41');
Insert into PROJEKT_OSWIECIMSKA_SPYTKOWSKA_GLOD.UCZNIOWIE (ID_UCZEN,IMIE_UCZEN,NAZWISKO_UCZEN,PESEL_UCZEN,LOGIN_UCZEN,HASLO_UCZEN,DATA_URODZENIA_UCZEN,ID_ADRES) values ('44','Mateusz','Majewski','09212995324','mmajewski','haslo218',to_date('09/01/29','RR/MM/DD'),'42');
Insert into PROJEKT_OSWIECIMSKA_SPYTKOWSKA_GLOD.UCZNIOWIE (ID_UCZEN,IMIE_UCZEN,NAZWISKO_UCZEN,PESEL_UCZEN,LOGIN_UCZEN,HASLO_UCZEN,DATA_URODZENIA_UCZEN,ID_ADRES) values ('45','Jan','Kowalczyk','10243085401','jkowalczyk','haslo219',to_date('10/04/30','RR/MM/DD'),'43');
Insert into PROJEKT_OSWIECIMSKA_SPYTKOWSKA_GLOD.UCZNIOWIE (ID_UCZEN,IMIE_UCZEN,NAZWISKO_UCZEN,PESEL_UCZEN,LOGIN_UCZEN,HASLO_UCZEN,DATA_URODZENIA_UCZEN,ID_ADRES) values ('46','Sylwia','Kowalczyk','14211606766','skowalczyk','haslo220',to_date('14/01/16','RR/MM/DD'),'43');
Insert into PROJEKT_OSWIECIMSKA_SPYTKOWSKA_GLOD.UCZNIOWIE (ID_UCZEN,IMIE_UCZEN,NAZWISKO_UCZEN,PESEL_UCZEN,LOGIN_UCZEN,HASLO_UCZEN,DATA_URODZENIA_UCZEN,ID_ADRES) values ('47','Weronika','Kasprzak','12262722659','wkasprzak','haslo221',to_date('12/06/27','RR/MM/DD'),'44');
Insert into PROJEKT_OSWIECIMSKA_SPYTKOWSKA_GLOD.UCZNIOWIE (ID_UCZEN,IMIE_UCZEN,NAZWISKO_UCZEN,PESEL_UCZEN,LOGIN_UCZEN,HASLO_UCZEN,DATA_URODZENIA_UCZEN,ID_ADRES) values ('48','Diana','Kruk','16321409107','dkruk','haslo222',to_date('16/12/14','RR/MM/DD'),'45');
Insert into PROJEKT_OSWIECIMSKA_SPYTKOWSKA_GLOD.UCZNIOWIE (ID_UCZEN,IMIE_UCZEN,NAZWISKO_UCZEN,PESEL_UCZEN,LOGIN_UCZEN,HASLO_UCZEN,DATA_URODZENIA_UCZEN,ID_ADRES) values ('49','Jakub','W³odarczyk','09310613483','jwlodarczyk','haslo223',to_date('09/11/06','RR/MM/DD'),'46');
Insert into PROJEKT_OSWIECIMSKA_SPYTKOWSKA_GLOD.UCZNIOWIE (ID_UCZEN,IMIE_UCZEN,NAZWISKO_UCZEN,PESEL_UCZEN,LOGIN_UCZEN,HASLO_UCZEN,DATA_URODZENIA_UCZEN,ID_ADRES) values ('50','Julia','Œliwiñska','15231831169','jsliwinska','haslo224',to_date('15/03/18','RR/MM/DD'),'47');
Insert into PROJEKT_OSWIECIMSKA_SPYTKOWSKA_GLOD.UCZNIOWIE (ID_UCZEN,IMIE_UCZEN,NAZWISKO_UCZEN,PESEL_UCZEN,LOGIN_UCZEN,HASLO_UCZEN,DATA_URODZENIA_UCZEN,ID_ADRES) values ('51','Mateusz','Michalski','07320914772','michalski','haslo225',to_date('07/12/09','RR/MM/DD'),'48');
Insert into PROJEKT_OSWIECIMSKA_SPYTKOWSKA_GLOD.UCZNIOWIE (ID_UCZEN,IMIE_UCZEN,NAZWISKO_UCZEN,PESEL_UCZEN,LOGIN_UCZEN,HASLO_UCZEN,DATA_URODZENIA_UCZEN,ID_ADRES) values ('52','Kamil','Janik','08252274851','kjanik','haslo226',to_date('08/05/22','RR/MM/DD'),'49');
Insert into PROJEKT_OSWIECIMSKA_SPYTKOWSKA_GLOD.UCZNIOWIE (ID_UCZEN,IMIE_UCZEN,NAZWISKO_UCZEN,PESEL_UCZEN,LOGIN_UCZEN,HASLO_UCZEN,DATA_URODZENIA_UCZEN,ID_ADRES) values ('53','Miko³aj','Bednarczyk','17290210109','mbednarczyk','haslo227',to_date('17/09/02','RR/MM/DD'),'50');
Insert into PROJEKT_OSWIECIMSKA_SPYTKOWSKA_GLOD.UCZNIOWIE (ID_UCZEN,IMIE_UCZEN,NAZWISKO_UCZEN,PESEL_UCZEN,LOGIN_UCZEN,HASLO_UCZEN,DATA_URODZENIA_UCZEN,ID_ADRES) values ('54','Magdalena','D¹browska','10250356651','mdabrowska','haslo228',to_date('10/05/03','RR/MM/DD'),'51');
Insert into PROJEKT_OSWIECIMSKA_SPYTKOWSKA_GLOD.UCZNIOWIE (ID_UCZEN,IMIE_UCZEN,NAZWISKO_UCZEN,PESEL_UCZEN,LOGIN_UCZEN,HASLO_UCZEN,DATA_URODZENIA_UCZEN,ID_ADRES) values ('55','Krzysztof','Witkowski','12280648610','kwitkowski','haslo229',to_date('12/08/06','RR/MM/DD'),'52');
Insert into PROJEKT_OSWIECIMSKA_SPYTKOWSKA_GLOD.UCZNIOWIE (ID_UCZEN,IMIE_UCZEN,NAZWISKO_UCZEN,PESEL_UCZEN,LOGIN_UCZEN,HASLO_UCZEN,DATA_URODZENIA_UCZEN,ID_ADRES) values ('56','Agnieszka','B¹k','18210276850','abak','haslo2230',to_date('18/01/02','RR/MM/DD'),'53');
Insert into PROJEKT_OSWIECIMSKA_SPYTKOWSKA_GLOD.UCZNIOWIE (ID_UCZEN,IMIE_UCZEN,NAZWISKO_UCZEN,PESEL_UCZEN,LOGIN_UCZEN,HASLO_UCZEN,DATA_URODZENIA_UCZEN,ID_ADRES) values ('57','Mateusz','B¹k','05221233343','mbak','haslo225',to_date('05/02/12','RR/MM/DD'),'53');
Insert into PROJEKT_OSWIECIMSKA_SPYTKOWSKA_GLOD.UCZNIOWIE (ID_UCZEN,IMIE_UCZEN,NAZWISKO_UCZEN,PESEL_UCZEN,LOGIN_UCZEN,HASLO_UCZEN,DATA_URODZENIA_UCZEN,ID_ADRES) values ('58','Dominik','Sowa','15242276430','dsowa','haslo228',to_date('15/04/22','RR/MM/DD'),'55');
Insert into PROJEKT_OSWIECIMSKA_SPYTKOWSKA_GLOD.UCZNIOWIE (ID_UCZEN,IMIE_UCZEN,NAZWISKO_UCZEN,PESEL_UCZEN,LOGIN_UCZEN,HASLO_UCZEN,DATA_URODZENIA_UCZEN,ID_ADRES) values ('59','Magdalena','Sowa','11310198046','msowa','haslo228',to_date('11/11/01','RR/MM/DD'),'55');
Insert into PROJEKT_OSWIECIMSKA_SPYTKOWSKA_GLOD.UCZNIOWIE (ID_UCZEN,IMIE_UCZEN,NAZWISKO_UCZEN,PESEL_UCZEN,LOGIN_UCZEN,HASLO_UCZEN,DATA_URODZENIA_UCZEN,ID_ADRES) values ('60','Ró¿a','Pi¹tek','08291028929','rpiatek','haslo229',to_date('08/09/10','RR/MM/DD'),'56');
Insert into PROJEKT_OSWIECIMSKA_SPYTKOWSKA_GLOD.UCZNIOWIE (ID_UCZEN,IMIE_UCZEN,NAZWISKO_UCZEN,PESEL_UCZEN,LOGIN_UCZEN,HASLO_UCZEN,DATA_URODZENIA_UCZEN,ID_ADRES) values ('61','Krzysztof','Pi¹tek','07290146368','kpiatek','haslo229',to_date('07/09/01','RR/MM/DD'),'56');
Insert into PROJEKT_OSWIECIMSKA_SPYTKOWSKA_GLOD.UCZNIOWIE (ID_UCZEN,IMIE_UCZEN,NAZWISKO_UCZEN,PESEL_UCZEN,LOGIN_UCZEN,HASLO_UCZEN,DATA_URODZENIA_UCZEN,ID_ADRES) values ('62','Adrian','Œliwiñski','05230114626','asliwinski','haslo2230',to_date('05/03/01','RR/MM/DD'),'59');
Insert into PROJEKT_OSWIECIMSKA_SPYTKOWSKA_GLOD.UCZNIOWIE (ID_UCZEN,IMIE_UCZEN,NAZWISKO_UCZEN,PESEL_UCZEN,LOGIN_UCZEN,HASLO_UCZEN,DATA_URODZENIA_UCZEN,ID_ADRES) values ('63','Florian','Lewandowski','04322899610','kpiatek','haslo229',to_date('04/12/28','RR/MM/DD'),'58');
Insert into PROJEKT_OSWIECIMSKA_SPYTKOWSKA_GLOD.UCZNIOWIE (ID_UCZEN,IMIE_UCZEN,NAZWISKO_UCZEN,PESEL_UCZEN,LOGIN_UCZEN,HASLO_UCZEN,DATA_URODZENIA_UCZEN,ID_ADRES) values ('64','Patrycja','Œliwiñska','01280336588','psliwinska','haslo2230',to_date('01/08/03','RR/MM/DD'),'60');
Insert into PROJEKT_OSWIECIMSKA_SPYTKOWSKA_GLOD.UCZNIOWIE (ID_UCZEN,IMIE_UCZEN,NAZWISKO_UCZEN,PESEL_UCZEN,LOGIN_UCZEN,HASLO_UCZEN,DATA_URODZENIA_UCZEN,ID_ADRES) values ('65','Ewa','Œliwiñska','03320429173','esliwinska','haslo2230',to_date('03/12/04','RR/MM/DD'),'60');
Insert into PROJEKT_OSWIECIMSKA_SPYTKOWSKA_GLOD.UCZNIOWIE (ID_UCZEN,IMIE_UCZEN,NAZWISKO_UCZEN,PESEL_UCZEN,LOGIN_UCZEN,HASLO_UCZEN,DATA_URODZENIA_UCZEN,ID_ADRES) values ('66','Natalia','Baranowska','02241636987','nbaranowska','haslo2230',to_date('02/04/16','RR/MM/DD'),'57');
Insert into PROJEKT_OSWIECIMSKA_SPYTKOWSKA_GLOD.UCZNIOWIE (ID_UCZEN,IMIE_UCZEN,NAZWISKO_UCZEN,PESEL_UCZEN,LOGIN_UCZEN,HASLO_UCZEN,DATA_URODZENIA_UCZEN,ID_ADRES) values ('67','Adrian','Fr¹czczak','10250632691','afracz12','hhhaslo3128128',to_date('10/06/12','RR/MM/DD'),'64');
Insert into PROJEKT_OSWIECIMSKA_SPYTKOWSKA_GLOD.UCZNIOWIE (ID_UCZEN,IMIE_UCZEN,NAZWISKO_UCZEN,PESEL_UCZEN,LOGIN_UCZEN,HASLO_UCZEN,DATA_URODZENIA_UCZEN,ID_ADRES) values ('68','Tomasz','Nowak','10251039746','tnowakkk','hhhaslo3128128',to_date('10/10/25','RR/MM/DD'),'60');
Insert into PROJEKT_OSWIECIMSKA_SPYTKOWSKA_GLOD.UCZNIOWIE (ID_UCZEN,IMIE_UCZEN,NAZWISKO_UCZEN,PESEL_UCZEN,LOGIN_UCZEN,HASLO_UCZEN,DATA_URODZENIA_UCZEN,ID_ADRES) values ('69','Antonina','Trzmiel','10250622743','AnTrzmiel','has239',to_date('10/06/30','RR/MM/DD'),'63');
Insert into PROJEKT_OSWIECIMSKA_SPYTKOWSKA_GLOD.UCZNIOWIE (ID_UCZEN,IMIE_UCZEN,NAZWISKO_UCZEN,PESEL_UCZEN,LOGIN_UCZEN,HASLO_UCZEN,DATA_URODZENIA_UCZEN,ID_ADRES) values ('70','Zbigniew','¯aba','10250398781','zaba23','haslohaslo23',to_date('10/03/02','RR/MM/DD'),'61');
Insert into PROJEKT_OSWIECIMSKA_SPYTKOWSKA_GLOD.UCZNIOWIE (ID_UCZEN,IMIE_UCZEN,NAZWISKO_UCZEN,PESEL_UCZEN,LOGIN_UCZEN,HASLO_UCZEN,DATA_URODZENIA_UCZEN,ID_ADRES) values ('71','Damian','Drzewicki','10250941292','damiandrzewicki2010','haslo31290812390',to_date('10/09/17','RR/MM/DD'),'62');
Insert into PROJEKT_OSWIECIMSKA_SPYTKOWSKA_GLOD.UCZNIOWIE (ID_UCZEN,IMIE_UCZEN,NAZWISKO_UCZEN,PESEL_UCZEN,LOGIN_UCZEN,HASLO_UCZEN,DATA_URODZENIA_UCZEN,ID_ADRES) values ('72','Barbara','Kowalewska','12250298721','basiakowalewska','haslo123382',to_date('12/02/13','RR/MM/DD'),'65');
REM INSERTING into PROJEKT_OSWIECIMSKA_SPYTKOWSKA_GLOD.ZACHOWANIE
SET DEFINE OFF;
Insert into PROJEKT_OSWIECIMSKA_SPYTKOWSKA_GLOD.ZACHOWANIE (ID_ZACHOWANIE,ID_TYP_ZACHOWANIE,TRESC_WPISU,ID_UCZEN_KLASA,ID_NAUCZYCIEL) values ('1','1','Uczeñ rozmawia na lekcji','1','3');
Insert into PROJEKT_OSWIECIMSKA_SPYTKOWSKA_GLOD.ZACHOWANIE (ID_ZACHOWANIE,ID_TYP_ZACHOWANIE,TRESC_WPISU,ID_UCZEN_KLASA,ID_NAUCZYCIEL) values ('2','2','Wziêcie udzia³u w akcji charytatywnej','3','5');
Insert into PROJEKT_OSWIECIMSKA_SPYTKOWSKA_GLOD.ZACHOWANIE (ID_ZACHOWANIE,ID_TYP_ZACHOWANIE,TRESC_WPISU,ID_UCZEN_KLASA,ID_NAUCZYCIEL) values ('3','3','Uczeñ zniszczy³ sprzêt szkolny','6','1');
Insert into PROJEKT_OSWIECIMSKA_SPYTKOWSKA_GLOD.ZACHOWANIE (ID_ZACHOWANIE,ID_TYP_ZACHOWANIE,TRESC_WPISU,ID_UCZEN_KLASA,ID_NAUCZYCIEL) values ('4','1','Uczeñ rozmawia na lekcji','2','2');
Insert into PROJEKT_OSWIECIMSKA_SPYTKOWSKA_GLOD.ZACHOWANIE (ID_ZACHOWANIE,ID_TYP_ZACHOWANIE,TRESC_WPISU,ID_UCZEN_KLASA,ID_NAUCZYCIEL) values ('5','2','Uczeñ przygotowa³ gazetkê','15','2');
Insert into PROJEKT_OSWIECIMSKA_SPYTKOWSKA_GLOD.ZACHOWANIE (ID_ZACHOWANIE,ID_TYP_ZACHOWANIE,TRESC_WPISU,ID_UCZEN_KLASA,ID_NAUCZYCIEL) values ('6','2','Uczeñ uciek³ z lekcji','22','3');
Insert into PROJEKT_OSWIECIMSKA_SPYTKOWSKA_GLOD.ZACHOWANIE (ID_ZACHOWANIE,ID_TYP_ZACHOWANIE,TRESC_WPISU,ID_UCZEN_KLASA,ID_NAUCZYCIEL) values ('7','2','Uczeñ przygotowa³ gazetkê','12','4');
Insert into PROJEKT_OSWIECIMSKA_SPYTKOWSKA_GLOD.ZACHOWANIE (ID_ZACHOWANIE,ID_TYP_ZACHOWANIE,TRESC_WPISU,ID_UCZEN_KLASA,ID_NAUCZYCIEL) values ('8','1','Uczeñ rozmawia na lekcji','33','8');
Insert into PROJEKT_OSWIECIMSKA_SPYTKOWSKA_GLOD.ZACHOWANIE (ID_ZACHOWANIE,ID_TYP_ZACHOWANIE,TRESC_WPISU,ID_UCZEN_KLASA,ID_NAUCZYCIEL) values ('9','2','Uczeñ przyniós³ zu¿yte baterie','38','6');
Insert into PROJEKT_OSWIECIMSKA_SPYTKOWSKA_GLOD.ZACHOWANIE (ID_ZACHOWANIE,ID_TYP_ZACHOWANIE,TRESC_WPISU,ID_UCZEN_KLASA,ID_NAUCZYCIEL) values ('10','2','Uczeñ przygotowa³ gazetkê','17','10');
Insert into PROJEKT_OSWIECIMSKA_SPYTKOWSKA_GLOD.ZACHOWANIE (ID_ZACHOWANIE,ID_TYP_ZACHOWANIE,TRESC_WPISU,ID_UCZEN_KLASA,ID_NAUCZYCIEL) values ('11','2','Uczeñ wzi¹³ czynny udzia³ w apelu szkolnym','40','12');
Insert into PROJEKT_OSWIECIMSKA_SPYTKOWSKA_GLOD.ZACHOWANIE (ID_ZACHOWANIE,ID_TYP_ZACHOWANIE,TRESC_WPISU,ID_UCZEN_KLASA,ID_NAUCZYCIEL) values ('12','1','Uczeñ gra na telefonie w czasie lekcji','22','5');
Insert into PROJEKT_OSWIECIMSKA_SPYTKOWSKA_GLOD.ZACHOWANIE (ID_ZACHOWANIE,ID_TYP_ZACHOWANIE,TRESC_WPISU,ID_UCZEN_KLASA,ID_NAUCZYCIEL) values ('13','3','Uczeñ pobi³ siê z koleg¹','21','16');
Insert into PROJEKT_OSWIECIMSKA_SPYTKOWSKA_GLOD.ZACHOWANIE (ID_ZACHOWANIE,ID_TYP_ZACHOWANIE,TRESC_WPISU,ID_UCZEN_KLASA,ID_NAUCZYCIEL) values ('14','1','Uczeñ rozmawia na lekcji','13','13');
Insert into PROJEKT_OSWIECIMSKA_SPYTKOWSKA_GLOD.ZACHOWANIE (ID_ZACHOWANIE,ID_TYP_ZACHOWANIE,TRESC_WPISU,ID_UCZEN_KLASA,ID_NAUCZYCIEL) values ('15','2','Uczeñ przyniós³ zu¿yte baterie','38','4');
Insert into PROJEKT_OSWIECIMSKA_SPYTKOWSKA_GLOD.ZACHOWANIE (ID_ZACHOWANIE,ID_TYP_ZACHOWANIE,TRESC_WPISU,ID_UCZEN_KLASA,ID_NAUCZYCIEL) values ('16','1','Uczeñ gra na telefonie w czasie lekcji','6','4');
Insert into PROJEKT_OSWIECIMSKA_SPYTKOWSKA_GLOD.ZACHOWANIE (ID_ZACHOWANIE,ID_TYP_ZACHOWANIE,TRESC_WPISU,ID_UCZEN_KLASA,ID_NAUCZYCIEL) values ('17','1','Uczeñ rozmawia na lekcji','9','2');
Insert into PROJEKT_OSWIECIMSKA_SPYTKOWSKA_GLOD.ZACHOWANIE (ID_ZACHOWANIE,ID_TYP_ZACHOWANIE,TRESC_WPISU,ID_UCZEN_KLASA,ID_NAUCZYCIEL) values ('18','2','Uczeñ pomóg³ w sprz¹taniu sali','14','1');
Insert into PROJEKT_OSWIECIMSKA_SPYTKOWSKA_GLOD.ZACHOWANIE (ID_ZACHOWANIE,ID_TYP_ZACHOWANIE,TRESC_WPISU,ID_UCZEN_KLASA,ID_NAUCZYCIEL) values ('19','2','Uczeñ przygotowa³ gazetkê','18','13');
Insert into PROJEKT_OSWIECIMSKA_SPYTKOWSKA_GLOD.ZACHOWANIE (ID_ZACHOWANIE,ID_TYP_ZACHOWANIE,TRESC_WPISU,ID_UCZEN_KLASA,ID_NAUCZYCIEL) values ('20','1','Uczeñ rozmawia na lekcji','10','11');
REM INSERTING into PROJEKT_OSWIECIMSKA_SPYTKOWSKA_GLOD.FUNKCJE_UCZNIOW
SET DEFINE OFF;
Insert into PROJEKT_OSWIECIMSKA_SPYTKOWSKA_GLOD.FUNKCJE_UCZNIOW (IMIE_UCZEN,NAZWISKO_UCZEN,NAZWA_FUNKCJA) values ('Marcin','Kowalski','Redaktor szkolnego czasopisma');
Insert into PROJEKT_OSWIECIMSKA_SPYTKOWSKA_GLOD.FUNKCJE_UCZNIOW (IMIE_UCZEN,NAZWISKO_UCZEN,NAZWA_FUNKCJA) values ('Karolina','Nowak','Cz³onek kó³ka tanecznego');
Insert into PROJEKT_OSWIECIMSKA_SPYTKOWSKA_GLOD.FUNKCJE_UCZNIOW (IMIE_UCZEN,NAZWISKO_UCZEN,NAZWA_FUNKCJA) values ('Karolina','Nowak','Cz³onek kó³ka jêzykowego');
Insert into PROJEKT_OSWIECIMSKA_SPYTKOWSKA_GLOD.FUNKCJE_UCZNIOW (IMIE_UCZEN,NAZWISKO_UCZEN,NAZWA_FUNKCJA) values ('Karolina','Nowak','Redaktor szkolnej strony internetowej');
Insert into PROJEKT_OSWIECIMSKA_SPYTKOWSKA_GLOD.FUNKCJE_UCZNIOW (IMIE_UCZEN,NAZWISKO_UCZEN,NAZWA_FUNKCJA) values ('Ludwik','Wiœniewski','Przewodnicz¹cy komitetu szkolnego');
Insert into PROJEKT_OSWIECIMSKA_SPYTKOWSKA_GLOD.FUNKCJE_UCZNIOW (IMIE_UCZEN,NAZWISKO_UCZEN,NAZWA_FUNKCJA) values ('Ludwik','Wiœniewski','Cz³onek kó³ka teatralnego');
Insert into PROJEKT_OSWIECIMSKA_SPYTKOWSKA_GLOD.FUNKCJE_UCZNIOW (IMIE_UCZEN,NAZWISKO_UCZEN,NAZWA_FUNKCJA) values ('Julia','Kowalska','Zastêca przewodnicz¹cego komitetu szkolnego');
Insert into PROJEKT_OSWIECIMSKA_SPYTKOWSKA_GLOD.FUNKCJE_UCZNIOW (IMIE_UCZEN,NAZWISKO_UCZEN,NAZWA_FUNKCJA) values ('Julia','Kowalska','Cz³onek klubu sportowego');
Insert into PROJEKT_OSWIECIMSKA_SPYTKOWSKA_GLOD.FUNKCJE_UCZNIOW (IMIE_UCZEN,NAZWISKO_UCZEN,NAZWA_FUNKCJA) values ('Kacper','Malinowski','Skarbnik szkolny');
Insert into PROJEKT_OSWIECIMSKA_SPYTKOWSKA_GLOD.FUNKCJE_UCZNIOW (IMIE_UCZEN,NAZWISKO_UCZEN,NAZWA_FUNKCJA) values ('Kacper','Malinowski','Cz³onek kó³ka muzycznego');
Insert into PROJEKT_OSWIECIMSKA_SPYTKOWSKA_GLOD.FUNKCJE_UCZNIOW (IMIE_UCZEN,NAZWISKO_UCZEN,NAZWA_FUNKCJA) values ('Dominika','Adamczyk','Cz³onek komitetu szkolnego');
Insert into PROJEKT_OSWIECIMSKA_SPYTKOWSKA_GLOD.FUNKCJE_UCZNIOW (IMIE_UCZEN,NAZWISKO_UCZEN,NAZWA_FUNKCJA) values ('Mateusz','Wojciechowski','Cz³onek komitetu szkolnego');
Insert into PROJEKT_OSWIECIMSKA_SPYTKOWSKA_GLOD.FUNKCJE_UCZNIOW (IMIE_UCZEN,NAZWISKO_UCZEN,NAZWA_FUNKCJA) values ('Kinga','Koz³owska','Cz³onek komitetu szkolnego');
Insert into PROJEKT_OSWIECIMSKA_SPYTKOWSKA_GLOD.FUNKCJE_UCZNIOW (IMIE_UCZEN,NAZWISKO_UCZEN,NAZWA_FUNKCJA) values ('Klaudia','Kracik','Przewodnicz¹cy komitetu klasowego');
Insert into PROJEKT_OSWIECIMSKA_SPYTKOWSKA_GLOD.FUNKCJE_UCZNIOW (IMIE_UCZEN,NAZWISKO_UCZEN,NAZWA_FUNKCJA) values ('Karol','Wójcik','Zastêpca przewodnicz¹cego komitetu klasowego');
Insert into PROJEKT_OSWIECIMSKA_SPYTKOWSKA_GLOD.FUNKCJE_UCZNIOW (IMIE_UCZEN,NAZWISKO_UCZEN,NAZWA_FUNKCJA) values ('Marek','Skoczyk','Skarbnik klasowy');
Insert into PROJEKT_OSWIECIMSKA_SPYTKOWSKA_GLOD.FUNKCJE_UCZNIOW (IMIE_UCZEN,NAZWISKO_UCZEN,NAZWA_FUNKCJA) values ('Kacper','Dziedzic','Cz³onek komitetu klasowego');
Insert into PROJEKT_OSWIECIMSKA_SPYTKOWSKA_GLOD.FUNKCJE_UCZNIOW (IMIE_UCZEN,NAZWISKO_UCZEN,NAZWA_FUNKCJA) values ('Monika','Dudek','Cz³onek komitetu klasowego');
Insert into PROJEKT_OSWIECIMSKA_SPYTKOWSKA_GLOD.FUNKCJE_UCZNIOW (IMIE_UCZEN,NAZWISKO_UCZEN,NAZWA_FUNKCJA) values ('Magdalena','Nowakowski','Przewodnicz¹cy kó³ka muzycznego');
Insert into PROJEKT_OSWIECIMSKA_SPYTKOWSKA_GLOD.FUNKCJE_UCZNIOW (IMIE_UCZEN,NAZWISKO_UCZEN,NAZWA_FUNKCJA) values ('Darek','Krasnal','Cz³onek kó³ka muzycznego');
Insert into PROJEKT_OSWIECIMSKA_SPYTKOWSKA_GLOD.FUNKCJE_UCZNIOW (IMIE_UCZEN,NAZWISKO_UCZEN,NAZWA_FUNKCJA) values ('Mateusz','Tomala','Cz³onek kó³ka muzycznego');
Insert into PROJEKT_OSWIECIMSKA_SPYTKOWSKA_GLOD.FUNKCJE_UCZNIOW (IMIE_UCZEN,NAZWISKO_UCZEN,NAZWA_FUNKCJA) values ('Jan','Rafacz','Przewodnicz¹cy kó³ka teatralnego');
Insert into PROJEKT_OSWIECIMSKA_SPYTKOWSKA_GLOD.FUNKCJE_UCZNIOW (IMIE_UCZEN,NAZWISKO_UCZEN,NAZWA_FUNKCJA) values ('Sylwia','Pawlak','Cz³onek kó³ka teatralnego');
Insert into PROJEKT_OSWIECIMSKA_SPYTKOWSKA_GLOD.FUNKCJE_UCZNIOW (IMIE_UCZEN,NAZWISKO_UCZEN,NAZWA_FUNKCJA) values ('Agnieszka','Mazur','Cz³onek kó³ka teatralnego');
Insert into PROJEKT_OSWIECIMSKA_SPYTKOWSKA_GLOD.FUNKCJE_UCZNIOW (IMIE_UCZEN,NAZWISKO_UCZEN,NAZWA_FUNKCJA) values ('Katarzyna','Laska','Przewodnicz¹cy kó³ka tanecznego');
Insert into PROJEKT_OSWIECIMSKA_SPYTKOWSKA_GLOD.FUNKCJE_UCZNIOW (IMIE_UCZEN,NAZWISKO_UCZEN,NAZWA_FUNKCJA) values ('Jakub','Danek','Cz³onek kó³ka tanecznego');
Insert into PROJEKT_OSWIECIMSKA_SPYTKOWSKA_GLOD.FUNKCJE_UCZNIOW (IMIE_UCZEN,NAZWISKO_UCZEN,NAZWA_FUNKCJA) values ('Julia','Kott','Cz³onek kó³ka tanecznego');
Insert into PROJEKT_OSWIECIMSKA_SPYTKOWSKA_GLOD.FUNKCJE_UCZNIOW (IMIE_UCZEN,NAZWISKO_UCZEN,NAZWA_FUNKCJA) values ('Mateusz','Kurczak','Przewodnicz¹cy klubu sportowego');
Insert into PROJEKT_OSWIECIMSKA_SPYTKOWSKA_GLOD.FUNKCJE_UCZNIOW (IMIE_UCZEN,NAZWISKO_UCZEN,NAZWA_FUNKCJA) values ('Kamil','Gacek','Cz³onek klubu sportowego');
Insert into PROJEKT_OSWIECIMSKA_SPYTKOWSKA_GLOD.FUNKCJE_UCZNIOW (IMIE_UCZEN,NAZWISKO_UCZEN,NAZWA_FUNKCJA) values ('Miko³aj','Nowak','Cz³onek klubu sportowego');
Insert into PROJEKT_OSWIECIMSKA_SPYTKOWSKA_GLOD.FUNKCJE_UCZNIOW (IMIE_UCZEN,NAZWISKO_UCZEN,NAZWA_FUNKCJA) values ('Magdalena','Wiœniewska','Cz³onek klubu sportowego');
Insert into PROJEKT_OSWIECIMSKA_SPYTKOWSKA_GLOD.FUNKCJE_UCZNIOW (IMIE_UCZEN,NAZWISKO_UCZEN,NAZWA_FUNKCJA) values ('Krzysztof','Garbiarz','Przewodnicz¹cy kó³ka jêzykowego');
Insert into PROJEKT_OSWIECIMSKA_SPYTKOWSKA_GLOD.FUNKCJE_UCZNIOW (IMIE_UCZEN,NAZWISKO_UCZEN,NAZWA_FUNKCJA) values ('Agnieszka','Malinowska','Cz³onek kó³ka jêzykowego');
Insert into PROJEKT_OSWIECIMSKA_SPYTKOWSKA_GLOD.FUNKCJE_UCZNIOW (IMIE_UCZEN,NAZWISKO_UCZEN,NAZWA_FUNKCJA) values ('Igor','Paw³owski','Cz³onek kó³ka jêzykowego');
Insert into PROJEKT_OSWIECIMSKA_SPYTKOWSKA_GLOD.FUNKCJE_UCZNIOW (IMIE_UCZEN,NAZWISKO_UCZEN,NAZWA_FUNKCJA) values ('Jaros³aw','Kowalik','Cz³onek kó³ka jêzykowego');
Insert into PROJEKT_OSWIECIMSKA_SPYTKOWSKA_GLOD.FUNKCJE_UCZNIOW (IMIE_UCZEN,NAZWISKO_UCZEN,NAZWA_FUNKCJA) values ('Waleria','Kowalik','Cz³onek kó³ka muzycznego');
Insert into PROJEKT_OSWIECIMSKA_SPYTKOWSKA_GLOD.FUNKCJE_UCZNIOW (IMIE_UCZEN,NAZWISKO_UCZEN,NAZWA_FUNKCJA) values ('Regina','Kozio³','Cz³onek kó³ka muzycznego');
REM INSERTING into PROJEKT_OSWIECIMSKA_SPYTKOWSKA_GLOD.KOMITET_SZKOLNY
SET DEFINE OFF;
Insert into PROJEKT_OSWIECIMSKA_SPYTKOWSKA_GLOD.KOMITET_SZKOLNY (IMIE_UCZEN,NAZWISKO_UCZEN,NAZWA_FUNKCJA) values ('Dominika','Adamczyk','Cz³onek komitetu szkolnego');
Insert into PROJEKT_OSWIECIMSKA_SPYTKOWSKA_GLOD.KOMITET_SZKOLNY (IMIE_UCZEN,NAZWISKO_UCZEN,NAZWA_FUNKCJA) values ('Mateusz','Wojciechowski','Cz³onek komitetu szkolnego');
Insert into PROJEKT_OSWIECIMSKA_SPYTKOWSKA_GLOD.KOMITET_SZKOLNY (IMIE_UCZEN,NAZWISKO_UCZEN,NAZWA_FUNKCJA) values ('Kinga','Koz³owska','Cz³onek komitetu szkolnego');
REM INSERTING into PROJEKT_OSWIECIMSKA_SPYTKOWSKA_GLOD.LISTAUCZNIOW
SET DEFINE OFF;
Insert into PROJEKT_OSWIECIMSKA_SPYTKOWSKA_GLOD.LISTAUCZNIOW (ID_UCZEN,IMIE_UCZEN,NAZWISKO_UCZEN,PESEL_UCZEN,LOGIN_UCZEN,HASLO_UCZEN,DATA_URODZENIA_UCZEN,ID_ADRES) values ('1','Marcin','Kowalski','12345678901','mkowalski','haslo201',to_date('00/01/01','RR/MM/DD'),'1');
Insert into PROJEKT_OSWIECIMSKA_SPYTKOWSKA_GLOD.LISTAUCZNIOW (ID_UCZEN,IMIE_UCZEN,NAZWISKO_UCZEN,PESEL_UCZEN,LOGIN_UCZEN,HASLO_UCZEN,DATA_URODZENIA_UCZEN,ID_ADRES) values ('2','Karolina','Nowak','23456789012','knowak','haslo202',to_date('00/02/15','RR/MM/DD'),'2');
Insert into PROJEKT_OSWIECIMSKA_SPYTKOWSKA_GLOD.LISTAUCZNIOW (ID_UCZEN,IMIE_UCZEN,NAZWISKO_UCZEN,PESEL_UCZEN,LOGIN_UCZEN,HASLO_UCZEN,DATA_URODZENIA_UCZEN,ID_ADRES) values ('3','Ludwik','Wiœniewski','34567890123','lwisniewski','haslo203',to_date('00/03/30','RR/MM/DD'),'3');
Insert into PROJEKT_OSWIECIMSKA_SPYTKOWSKA_GLOD.LISTAUCZNIOW (ID_UCZEN,IMIE_UCZEN,NAZWISKO_UCZEN,PESEL_UCZEN,LOGIN_UCZEN,HASLO_UCZEN,DATA_URODZENIA_UCZEN,ID_ADRES) values ('4','Julia','Kowalska','45678901234','jkowalska','haslo204',to_date('00/05/20','RR/MM/DD'),'4');
Insert into PROJEKT_OSWIECIMSKA_SPYTKOWSKA_GLOD.LISTAUCZNIOW (ID_UCZEN,IMIE_UCZEN,NAZWISKO_UCZEN,PESEL_UCZEN,LOGIN_UCZEN,HASLO_UCZEN,DATA_URODZENIA_UCZEN,ID_ADRES) values ('5','Kacper','Malinowski','56789012345','kmalinowski','haslo205',to_date('00/06/10','RR/MM/DD'),'5');
Insert into PROJEKT_OSWIECIMSKA_SPYTKOWSKA_GLOD.LISTAUCZNIOW (ID_UCZEN,IMIE_UCZEN,NAZWISKO_UCZEN,PESEL_UCZEN,LOGIN_UCZEN,HASLO_UCZEN,DATA_URODZENIA_UCZEN,ID_ADRES) values ('6','Dominika','Adamczyk','67890123456','dadamczyk','haslo206',to_date('01/07/25','RR/MM/DD'),'6');
Insert into PROJEKT_OSWIECIMSKA_SPYTKOWSKA_GLOD.LISTAUCZNIOW (ID_UCZEN,IMIE_UCZEN,NAZWISKO_UCZEN,PESEL_UCZEN,LOGIN_UCZEN,HASLO_UCZEN,DATA_URODZENIA_UCZEN,ID_ADRES) values ('7','Mateusz','Wojciechowski','78901234567','mwojciechowski','haslo207',to_date('01/08/15','RR/MM/DD'),'7');
Insert into PROJEKT_OSWIECIMSKA_SPYTKOWSKA_GLOD.LISTAUCZNIOW (ID_UCZEN,IMIE_UCZEN,NAZWISKO_UCZEN,PESEL_UCZEN,LOGIN_UCZEN,HASLO_UCZEN,DATA_URODZENIA_UCZEN,ID_ADRES) values ('8','Kinga','Koz³owska','89012345678','kkozlowska','haslo208',to_date('01/09/05','RR/MM/DD'),'8');
Insert into PROJEKT_OSWIECIMSKA_SPYTKOWSKA_GLOD.LISTAUCZNIOW (ID_UCZEN,IMIE_UCZEN,NAZWISKO_UCZEN,PESEL_UCZEN,LOGIN_UCZEN,HASLO_UCZEN,DATA_URODZENIA_UCZEN,ID_ADRES) values ('9','Kamil','Jankowski','90123456789','kjankowski','haslo209',to_date('01/10/01','RR/MM/DD'),'9');
Insert into PROJEKT_OSWIECIMSKA_SPYTKOWSKA_GLOD.LISTAUCZNIOW (ID_UCZEN,IMIE_UCZEN,NAZWISKO_UCZEN,PESEL_UCZEN,LOGIN_UCZEN,HASLO_UCZEN,DATA_URODZENIA_UCZEN,ID_ADRES) values ('10','Dominik','Wróbel','01234567890','dwrobel','haslo210',to_date('01/11/11','RR/MM/DD'),'10');
Insert into PROJEKT_OSWIECIMSKA_SPYTKOWSKA_GLOD.LISTAUCZNIOW (ID_UCZEN,IMIE_UCZEN,NAZWISKO_UCZEN,PESEL_UCZEN,LOGIN_UCZEN,HASLO_UCZEN,DATA_URODZENIA_UCZEN,ID_ADRES) values ('11','Klaudia','Kracik','09267354289','kkracik','haslo211',to_date('02/09/05','RR/MM/DD'),'11');
Insert into PROJEKT_OSWIECIMSKA_SPYTKOWSKA_GLOD.LISTAUCZNIOW (ID_UCZEN,IMIE_UCZEN,NAZWISKO_UCZEN,PESEL_UCZEN,LOGIN_UCZEN,HASLO_UCZEN,DATA_URODZENIA_UCZEN,ID_ADRES) values ('12','Karol','Wójcik','09109289012','kwojcik','haslo212',to_date('02/10/12','RR/MM/DD'),'12');
Insert into PROJEKT_OSWIECIMSKA_SPYTKOWSKA_GLOD.LISTAUCZNIOW (ID_UCZEN,IMIE_UCZEN,NAZWISKO_UCZEN,PESEL_UCZEN,LOGIN_UCZEN,HASLO_UCZEN,DATA_URODZENIA_UCZEN,ID_ADRES) values ('13','Marek','Skoczyk','09087687643','mskoczyk','haslo213',to_date('02/12/11','RR/MM/DD'),'13');
Insert into PROJEKT_OSWIECIMSKA_SPYTKOWSKA_GLOD.LISTAUCZNIOW (ID_UCZEN,IMIE_UCZEN,NAZWISKO_UCZEN,PESEL_UCZEN,LOGIN_UCZEN,HASLO_UCZEN,DATA_URODZENIA_UCZEN,ID_ADRES) values ('14','Kacper','Dziedzic','10293756291','kdziedzic','haslo214',to_date('02/12/01','RR/MM/DD'),'14');
Insert into PROJEKT_OSWIECIMSKA_SPYTKOWSKA_GLOD.LISTAUCZNIOW (ID_UCZEN,IMIE_UCZEN,NAZWISKO_UCZEN,PESEL_UCZEN,LOGIN_UCZEN,HASLO_UCZEN,DATA_URODZENIA_UCZEN,ID_ADRES) values ('15','Monika','Dudek','01020398767','mdudek','haslo215',to_date('02/11/12','RR/MM/DD'),'15');
Insert into PROJEKT_OSWIECIMSKA_SPYTKOWSKA_GLOD.LISTAUCZNIOW (ID_UCZEN,IMIE_UCZEN,NAZWISKO_UCZEN,PESEL_UCZEN,LOGIN_UCZEN,HASLO_UCZEN,DATA_URODZENIA_UCZEN,ID_ADRES) values ('16','Magdalena','Nowakowski','76898752431','mnowakowski','haslo216',to_date('03/10/08','RR/MM/DD'),'16');
Insert into PROJEKT_OSWIECIMSKA_SPYTKOWSKA_GLOD.LISTAUCZNIOW (ID_UCZEN,IMIE_UCZEN,NAZWISKO_UCZEN,PESEL_UCZEN,LOGIN_UCZEN,HASLO_UCZEN,DATA_URODZENIA_UCZEN,ID_ADRES) values ('17','Darek','Krasnal','12854319876','dkrasnal','haslo217',to_date('03/09/02','RR/MM/DD'),'17');
Insert into PROJEKT_OSWIECIMSKA_SPYTKOWSKA_GLOD.LISTAUCZNIOW (ID_UCZEN,IMIE_UCZEN,NAZWISKO_UCZEN,PESEL_UCZEN,LOGIN_UCZEN,HASLO_UCZEN,DATA_URODZENIA_UCZEN,ID_ADRES) values ('18','Mateusz','Tomala','19825376549','mtomala','haslo218',to_date('03/08/05','RR/MM/DD'),'18');
Insert into PROJEKT_OSWIECIMSKA_SPYTKOWSKA_GLOD.LISTAUCZNIOW (ID_UCZEN,IMIE_UCZEN,NAZWISKO_UCZEN,PESEL_UCZEN,LOGIN_UCZEN,HASLO_UCZEN,DATA_URODZENIA_UCZEN,ID_ADRES) values ('19','Jan','Rafacz','19222543871','jrafacz','haslo219',to_date('03/07/23','RR/MM/DD'),'19');
Insert into PROJEKT_OSWIECIMSKA_SPYTKOWSKA_GLOD.LISTAUCZNIOW (ID_UCZEN,IMIE_UCZEN,NAZWISKO_UCZEN,PESEL_UCZEN,LOGIN_UCZEN,HASLO_UCZEN,DATA_URODZENIA_UCZEN,ID_ADRES) values ('20','Sylwia','Pawlak','19228569822','mzpawlak','haslo220',to_date('03/06/06','RR/MM/DD'),'20');
Insert into PROJEKT_OSWIECIMSKA_SPYTKOWSKA_GLOD.LISTAUCZNIOW (ID_UCZEN,IMIE_UCZEN,NAZWISKO_UCZEN,PESEL_UCZEN,LOGIN_UCZEN,HASLO_UCZEN,DATA_URODZENIA_UCZEN,ID_ADRES) values ('21','Agnieszka','Mazur','98765432198','amazur','haslo221',to_date('04/10/01','RR/MM/DD'),'21');
Insert into PROJEKT_OSWIECIMSKA_SPYTKOWSKA_GLOD.LISTAUCZNIOW (ID_UCZEN,IMIE_UCZEN,NAZWISKO_UCZEN,PESEL_UCZEN,LOGIN_UCZEN,HASLO_UCZEN,DATA_URODZENIA_UCZEN,ID_ADRES) values ('22','Katarzyna','Laska','29181726389','klaska','haslo222',to_date('04/10/22','RR/MM/DD'),'22');
Insert into PROJEKT_OSWIECIMSKA_SPYTKOWSKA_GLOD.LISTAUCZNIOW (ID_UCZEN,IMIE_UCZEN,NAZWISKO_UCZEN,PESEL_UCZEN,LOGIN_UCZEN,HASLO_UCZEN,DATA_URODZENIA_UCZEN,ID_ADRES) values ('23','Jakub','Danek','11122333444','jdanek','haslo223',to_date('04/01/01','RR/MM/DD'),'23');
Insert into PROJEKT_OSWIECIMSKA_SPYTKOWSKA_GLOD.LISTAUCZNIOW (ID_UCZEN,IMIE_UCZEN,NAZWISKO_UCZEN,PESEL_UCZEN,LOGIN_UCZEN,HASLO_UCZEN,DATA_URODZENIA_UCZEN,ID_ADRES) values ('24','Julia','Kott','12233344455','jkott','haslo224',to_date('04/02/15','RR/MM/DD'),'24');
Insert into PROJEKT_OSWIECIMSKA_SPYTKOWSKA_GLOD.LISTAUCZNIOW (ID_UCZEN,IMIE_UCZEN,NAZWISKO_UCZEN,PESEL_UCZEN,LOGIN_UCZEN,HASLO_UCZEN,DATA_URODZENIA_UCZEN,ID_ADRES) values ('25','Mateusz','Kurczak','13334445556','mkurczak','haslo225',to_date('04/03/30','RR/MM/DD'),'25');
Insert into PROJEKT_OSWIECIMSKA_SPYTKOWSKA_GLOD.LISTAUCZNIOW (ID_UCZEN,IMIE_UCZEN,NAZWISKO_UCZEN,PESEL_UCZEN,LOGIN_UCZEN,HASLO_UCZEN,DATA_URODZENIA_UCZEN,ID_ADRES) values ('26','Kamil','Gacek','14444555667','kgacek','haslo226',to_date('05/05/20','RR/MM/DD'),'26');
Insert into PROJEKT_OSWIECIMSKA_SPYTKOWSKA_GLOD.LISTAUCZNIOW (ID_UCZEN,IMIE_UCZEN,NAZWISKO_UCZEN,PESEL_UCZEN,LOGIN_UCZEN,HASLO_UCZEN,DATA_URODZENIA_UCZEN,ID_ADRES) values ('27','Miko³aj','Nowak','98765432101','mnowak','haslo227',to_date('05/01/01','RR/MM/DD'),'27');
Insert into PROJEKT_OSWIECIMSKA_SPYTKOWSKA_GLOD.LISTAUCZNIOW (ID_UCZEN,IMIE_UCZEN,NAZWISKO_UCZEN,PESEL_UCZEN,LOGIN_UCZEN,HASLO_UCZEN,DATA_URODZENIA_UCZEN,ID_ADRES) values ('28','Magdalena','Wiœniewska','87654321023','mwisniewska','haslo228',to_date('05/02/15','RR/MM/DD'),'28');
Insert into PROJEKT_OSWIECIMSKA_SPYTKOWSKA_GLOD.LISTAUCZNIOW (ID_UCZEN,IMIE_UCZEN,NAZWISKO_UCZEN,PESEL_UCZEN,LOGIN_UCZEN,HASLO_UCZEN,DATA_URODZENIA_UCZEN,ID_ADRES) values ('29','Krzysztof','Garbiarz','76543210345','kgarbiarz','haslo229',to_date('05/03/30','RR/MM/DD'),'29');
Insert into PROJEKT_OSWIECIMSKA_SPYTKOWSKA_GLOD.LISTAUCZNIOW (ID_UCZEN,IMIE_UCZEN,NAZWISKO_UCZEN,PESEL_UCZEN,LOGIN_UCZEN,HASLO_UCZEN,DATA_URODZENIA_UCZEN,ID_ADRES) values ('30','Agnieszka','Malinowska','65432104567','amalinowska','haslo2230',to_date('05/05/20','RR/MM/DD'),'30');
Insert into PROJEKT_OSWIECIMSKA_SPYTKOWSKA_GLOD.LISTAUCZNIOW (ID_UCZEN,IMIE_UCZEN,NAZWISKO_UCZEN,PESEL_UCZEN,LOGIN_UCZEN,HASLO_UCZEN,DATA_URODZENIA_UCZEN,ID_ADRES) values ('31','Igor','Paw³owski','10233125508','mpawlowski','haslo218',to_date('10/03/31','RR/MM/DD'),'31');
Insert into PROJEKT_OSWIECIMSKA_SPYTKOWSKA_GLOD.LISTAUCZNIOW (ID_UCZEN,IMIE_UCZEN,NAZWISKO_UCZEN,PESEL_UCZEN,LOGIN_UCZEN,HASLO_UCZEN,DATA_URODZENIA_UCZEN,ID_ADRES) values ('32','Jaros³aw','Kowalik','12291634743','jkowalik','haslo219',to_date('12/09/16','RR/MM/DD'),'32');
Insert into PROJEKT_OSWIECIMSKA_SPYTKOWSKA_GLOD.LISTAUCZNIOW (ID_UCZEN,IMIE_UCZEN,NAZWISKO_UCZEN,PESEL_UCZEN,LOGIN_UCZEN,HASLO_UCZEN,DATA_URODZENIA_UCZEN,ID_ADRES) values ('33','Waleria','Kowalik','07240336388','wkowalik','haslo220',to_date('07/04/03','RR/MM/DD'),'32');
Insert into PROJEKT_OSWIECIMSKA_SPYTKOWSKA_GLOD.LISTAUCZNIOW (ID_UCZEN,IMIE_UCZEN,NAZWISKO_UCZEN,PESEL_UCZEN,LOGIN_UCZEN,HASLO_UCZEN,DATA_URODZENIA_UCZEN,ID_ADRES) values ('34','Regina','Kozio³','15301923196','rkoziol','haslo221',to_date('15/10/19','RR/MM/DD'),'33');
Insert into PROJEKT_OSWIECIMSKA_SPYTKOWSKA_GLOD.LISTAUCZNIOW (ID_UCZEN,IMIE_UCZEN,NAZWISKO_UCZEN,PESEL_UCZEN,LOGIN_UCZEN,HASLO_UCZEN,DATA_URODZENIA_UCZEN,ID_ADRES) values ('35','Katarzyna','Baran','11300929027','kbaran','haslo222',to_date('11/10/09','RR/MM/DD'),'34');
Insert into PROJEKT_OSWIECIMSKA_SPYTKOWSKA_GLOD.LISTAUCZNIOW (ID_UCZEN,IMIE_UCZEN,NAZWISKO_UCZEN,PESEL_UCZEN,LOGIN_UCZEN,HASLO_UCZEN,DATA_URODZENIA_UCZEN,ID_ADRES) values ('36','Jakub','Wojciechowski','10272458544','jwojciechowski','haslo223',to_date('10/07/24','RR/MM/DD'),'35');
Insert into PROJEKT_OSWIECIMSKA_SPYTKOWSKA_GLOD.LISTAUCZNIOW (ID_UCZEN,IMIE_UCZEN,NAZWISKO_UCZEN,PESEL_UCZEN,LOGIN_UCZEN,HASLO_UCZEN,DATA_URODZENIA_UCZEN,ID_ADRES) values ('37','Albina','Wojciechowska','08290686218','awojciechowska','haslo224',to_date('08/09/06','RR/MM/DD'),'35');
Insert into PROJEKT_OSWIECIMSKA_SPYTKOWSKA_GLOD.LISTAUCZNIOW (ID_UCZEN,IMIE_UCZEN,NAZWISKO_UCZEN,PESEL_UCZEN,LOGIN_UCZEN,HASLO_UCZEN,DATA_URODZENIA_UCZEN,ID_ADRES) values ('38','Mateusz','Baranowski','08281089255','mbaranowski','haslo225',to_date('08/08/10','RR/MM/DD'),'36');
Insert into PROJEKT_OSWIECIMSKA_SPYTKOWSKA_GLOD.LISTAUCZNIOW (ID_UCZEN,IMIE_UCZEN,NAZWISKO_UCZEN,PESEL_UCZEN,LOGIN_UCZEN,HASLO_UCZEN,DATA_URODZENIA_UCZEN,ID_ADRES) values ('39','Kamil','Lewandowski','14262103779','klewandowski','haslo226',to_date('14/06/21','RR/MM/DD'),'37');
Insert into PROJEKT_OSWIECIMSKA_SPYTKOWSKA_GLOD.LISTAUCZNIOW (ID_UCZEN,IMIE_UCZEN,NAZWISKO_UCZEN,PESEL_UCZEN,LOGIN_UCZEN,HASLO_UCZEN,DATA_URODZENIA_UCZEN,ID_ADRES) values ('40','Miko³aj','Kowal','18291282252','mkowal','haslo227',to_date('18/09/12','RR/MM/DD'),'38');
Insert into PROJEKT_OSWIECIMSKA_SPYTKOWSKA_GLOD.LISTAUCZNIOW (ID_UCZEN,IMIE_UCZEN,NAZWISKO_UCZEN,PESEL_UCZEN,LOGIN_UCZEN,HASLO_UCZEN,DATA_URODZENIA_UCZEN,ID_ADRES) values ('41','Marianna','Kurek','16212302337','mkurek','haslo228',to_date('16/01/23','RR/MM/DD'),'39');
Insert into PROJEKT_OSWIECIMSKA_SPYTKOWSKA_GLOD.LISTAUCZNIOW (ID_UCZEN,IMIE_UCZEN,NAZWISKO_UCZEN,PESEL_UCZEN,LOGIN_UCZEN,HASLO_UCZEN,DATA_URODZENIA_UCZEN,ID_ADRES) values ('42','Krzysztof','Lipiñski','10240989876','klipinski','haslo229',to_date('10/04/09','RR/MM/DD'),'40');
Insert into PROJEKT_OSWIECIMSKA_SPYTKOWSKA_GLOD.LISTAUCZNIOW (ID_UCZEN,IMIE_UCZEN,NAZWISKO_UCZEN,PESEL_UCZEN,LOGIN_UCZEN,HASLO_UCZEN,DATA_URODZENIA_UCZEN,ID_ADRES) values ('43','Agnieszka','Borkowski','12221138301','aborkowski','haslo2230',to_date('12/02/11','RR/MM/DD'),'41');
Insert into PROJEKT_OSWIECIMSKA_SPYTKOWSKA_GLOD.LISTAUCZNIOW (ID_UCZEN,IMIE_UCZEN,NAZWISKO_UCZEN,PESEL_UCZEN,LOGIN_UCZEN,HASLO_UCZEN,DATA_URODZENIA_UCZEN,ID_ADRES) values ('44','Mateusz','Majewski','09212995324','mmajewski','haslo218',to_date('09/01/29','RR/MM/DD'),'42');
Insert into PROJEKT_OSWIECIMSKA_SPYTKOWSKA_GLOD.LISTAUCZNIOW (ID_UCZEN,IMIE_UCZEN,NAZWISKO_UCZEN,PESEL_UCZEN,LOGIN_UCZEN,HASLO_UCZEN,DATA_URODZENIA_UCZEN,ID_ADRES) values ('45','Jan','Kowalczyk','10243085401','jkowalczyk','haslo219',to_date('10/04/30','RR/MM/DD'),'43');
Insert into PROJEKT_OSWIECIMSKA_SPYTKOWSKA_GLOD.LISTAUCZNIOW (ID_UCZEN,IMIE_UCZEN,NAZWISKO_UCZEN,PESEL_UCZEN,LOGIN_UCZEN,HASLO_UCZEN,DATA_URODZENIA_UCZEN,ID_ADRES) values ('46','Sylwia','Kowalczyk','14211606766','skowalczyk','haslo220',to_date('14/01/16','RR/MM/DD'),'43');
Insert into PROJEKT_OSWIECIMSKA_SPYTKOWSKA_GLOD.LISTAUCZNIOW (ID_UCZEN,IMIE_UCZEN,NAZWISKO_UCZEN,PESEL_UCZEN,LOGIN_UCZEN,HASLO_UCZEN,DATA_URODZENIA_UCZEN,ID_ADRES) values ('47','Weronika','Kasprzak','12262722659','wkasprzak','haslo221',to_date('12/06/27','RR/MM/DD'),'44');
Insert into PROJEKT_OSWIECIMSKA_SPYTKOWSKA_GLOD.LISTAUCZNIOW (ID_UCZEN,IMIE_UCZEN,NAZWISKO_UCZEN,PESEL_UCZEN,LOGIN_UCZEN,HASLO_UCZEN,DATA_URODZENIA_UCZEN,ID_ADRES) values ('48','Diana','Kruk','16321409107','dkruk','haslo222',to_date('16/12/14','RR/MM/DD'),'45');
Insert into PROJEKT_OSWIECIMSKA_SPYTKOWSKA_GLOD.LISTAUCZNIOW (ID_UCZEN,IMIE_UCZEN,NAZWISKO_UCZEN,PESEL_UCZEN,LOGIN_UCZEN,HASLO_UCZEN,DATA_URODZENIA_UCZEN,ID_ADRES) values ('49','Jakub','W³odarczyk','09310613483','jwlodarczyk','haslo223',to_date('09/11/06','RR/MM/DD'),'46');
Insert into PROJEKT_OSWIECIMSKA_SPYTKOWSKA_GLOD.LISTAUCZNIOW (ID_UCZEN,IMIE_UCZEN,NAZWISKO_UCZEN,PESEL_UCZEN,LOGIN_UCZEN,HASLO_UCZEN,DATA_URODZENIA_UCZEN,ID_ADRES) values ('50','Julia','Œliwiñska','15231831169','jsliwinska','haslo224',to_date('15/03/18','RR/MM/DD'),'47');
Insert into PROJEKT_OSWIECIMSKA_SPYTKOWSKA_GLOD.LISTAUCZNIOW (ID_UCZEN,IMIE_UCZEN,NAZWISKO_UCZEN,PESEL_UCZEN,LOGIN_UCZEN,HASLO_UCZEN,DATA_URODZENIA_UCZEN,ID_ADRES) values ('51','Mateusz','Michalski','07320914772','michalski','haslo225',to_date('07/12/09','RR/MM/DD'),'48');
Insert into PROJEKT_OSWIECIMSKA_SPYTKOWSKA_GLOD.LISTAUCZNIOW (ID_UCZEN,IMIE_UCZEN,NAZWISKO_UCZEN,PESEL_UCZEN,LOGIN_UCZEN,HASLO_UCZEN,DATA_URODZENIA_UCZEN,ID_ADRES) values ('52','Kamil','Janik','08252274851','kjanik','haslo226',to_date('08/05/22','RR/MM/DD'),'49');
Insert into PROJEKT_OSWIECIMSKA_SPYTKOWSKA_GLOD.LISTAUCZNIOW (ID_UCZEN,IMIE_UCZEN,NAZWISKO_UCZEN,PESEL_UCZEN,LOGIN_UCZEN,HASLO_UCZEN,DATA_URODZENIA_UCZEN,ID_ADRES) values ('53','Miko³aj','Bednarczyk','17290210109','mbednarczyk','haslo227',to_date('17/09/02','RR/MM/DD'),'50');
Insert into PROJEKT_OSWIECIMSKA_SPYTKOWSKA_GLOD.LISTAUCZNIOW (ID_UCZEN,IMIE_UCZEN,NAZWISKO_UCZEN,PESEL_UCZEN,LOGIN_UCZEN,HASLO_UCZEN,DATA_URODZENIA_UCZEN,ID_ADRES) values ('54','Magdalena','D¹browska','10250356651','mdabrowska','haslo228',to_date('10/05/03','RR/MM/DD'),'51');
Insert into PROJEKT_OSWIECIMSKA_SPYTKOWSKA_GLOD.LISTAUCZNIOW (ID_UCZEN,IMIE_UCZEN,NAZWISKO_UCZEN,PESEL_UCZEN,LOGIN_UCZEN,HASLO_UCZEN,DATA_URODZENIA_UCZEN,ID_ADRES) values ('55','Krzysztof','Witkowski','12280648610','kwitkowski','haslo229',to_date('12/08/06','RR/MM/DD'),'52');
Insert into PROJEKT_OSWIECIMSKA_SPYTKOWSKA_GLOD.LISTAUCZNIOW (ID_UCZEN,IMIE_UCZEN,NAZWISKO_UCZEN,PESEL_UCZEN,LOGIN_UCZEN,HASLO_UCZEN,DATA_URODZENIA_UCZEN,ID_ADRES) values ('56','Agnieszka','B¹k','18210276850','abak','haslo2230',to_date('18/01/02','RR/MM/DD'),'53');
Insert into PROJEKT_OSWIECIMSKA_SPYTKOWSKA_GLOD.LISTAUCZNIOW (ID_UCZEN,IMIE_UCZEN,NAZWISKO_UCZEN,PESEL_UCZEN,LOGIN_UCZEN,HASLO_UCZEN,DATA_URODZENIA_UCZEN,ID_ADRES) values ('57','Mateusz','B¹k','05221233343','mbak','haslo225',to_date('05/02/12','RR/MM/DD'),'53');
Insert into PROJEKT_OSWIECIMSKA_SPYTKOWSKA_GLOD.LISTAUCZNIOW (ID_UCZEN,IMIE_UCZEN,NAZWISKO_UCZEN,PESEL_UCZEN,LOGIN_UCZEN,HASLO_UCZEN,DATA_URODZENIA_UCZEN,ID_ADRES) values ('58','Dominik','Sowa','15242276430','dsowa','haslo228',to_date('15/04/22','RR/MM/DD'),'55');
Insert into PROJEKT_OSWIECIMSKA_SPYTKOWSKA_GLOD.LISTAUCZNIOW (ID_UCZEN,IMIE_UCZEN,NAZWISKO_UCZEN,PESEL_UCZEN,LOGIN_UCZEN,HASLO_UCZEN,DATA_URODZENIA_UCZEN,ID_ADRES) values ('59','Magdalena','Sowa','11310198046','msowa','haslo228',to_date('11/11/01','RR/MM/DD'),'55');
Insert into PROJEKT_OSWIECIMSKA_SPYTKOWSKA_GLOD.LISTAUCZNIOW (ID_UCZEN,IMIE_UCZEN,NAZWISKO_UCZEN,PESEL_UCZEN,LOGIN_UCZEN,HASLO_UCZEN,DATA_URODZENIA_UCZEN,ID_ADRES) values ('60','Ró¿a','Pi¹tek','08291028929','rpiatek','haslo229',to_date('08/09/10','RR/MM/DD'),'56');
Insert into PROJEKT_OSWIECIMSKA_SPYTKOWSKA_GLOD.LISTAUCZNIOW (ID_UCZEN,IMIE_UCZEN,NAZWISKO_UCZEN,PESEL_UCZEN,LOGIN_UCZEN,HASLO_UCZEN,DATA_URODZENIA_UCZEN,ID_ADRES) values ('61','Krzysztof','Pi¹tek','07290146368','kpiatek','haslo229',to_date('07/09/01','RR/MM/DD'),'56');
Insert into PROJEKT_OSWIECIMSKA_SPYTKOWSKA_GLOD.LISTAUCZNIOW (ID_UCZEN,IMIE_UCZEN,NAZWISKO_UCZEN,PESEL_UCZEN,LOGIN_UCZEN,HASLO_UCZEN,DATA_URODZENIA_UCZEN,ID_ADRES) values ('62','Adrian','Œliwiñski','05230114626','asliwinski','haslo2230',to_date('05/03/01','RR/MM/DD'),'59');
Insert into PROJEKT_OSWIECIMSKA_SPYTKOWSKA_GLOD.LISTAUCZNIOW (ID_UCZEN,IMIE_UCZEN,NAZWISKO_UCZEN,PESEL_UCZEN,LOGIN_UCZEN,HASLO_UCZEN,DATA_URODZENIA_UCZEN,ID_ADRES) values ('63','Florian','Lewandowski','04322899610','kpiatek','haslo229',to_date('04/12/28','RR/MM/DD'),'58');
Insert into PROJEKT_OSWIECIMSKA_SPYTKOWSKA_GLOD.LISTAUCZNIOW (ID_UCZEN,IMIE_UCZEN,NAZWISKO_UCZEN,PESEL_UCZEN,LOGIN_UCZEN,HASLO_UCZEN,DATA_URODZENIA_UCZEN,ID_ADRES) values ('64','Patrycja','Œliwiñska','01280336588','psliwinska','haslo2230',to_date('01/08/03','RR/MM/DD'),'60');
Insert into PROJEKT_OSWIECIMSKA_SPYTKOWSKA_GLOD.LISTAUCZNIOW (ID_UCZEN,IMIE_UCZEN,NAZWISKO_UCZEN,PESEL_UCZEN,LOGIN_UCZEN,HASLO_UCZEN,DATA_URODZENIA_UCZEN,ID_ADRES) values ('65','Ewa','Œliwiñska','03320429173','esliwinska','haslo2230',to_date('03/12/04','RR/MM/DD'),'60');
Insert into PROJEKT_OSWIECIMSKA_SPYTKOWSKA_GLOD.LISTAUCZNIOW (ID_UCZEN,IMIE_UCZEN,NAZWISKO_UCZEN,PESEL_UCZEN,LOGIN_UCZEN,HASLO_UCZEN,DATA_URODZENIA_UCZEN,ID_ADRES) values ('66','Natalia','Baranowska','02241636987','nbaranowska','haslo2230',to_date('02/04/16','RR/MM/DD'),'57');
Insert into PROJEKT_OSWIECIMSKA_SPYTKOWSKA_GLOD.LISTAUCZNIOW (ID_UCZEN,IMIE_UCZEN,NAZWISKO_UCZEN,PESEL_UCZEN,LOGIN_UCZEN,HASLO_UCZEN,DATA_URODZENIA_UCZEN,ID_ADRES) values ('67','Adrian','Fr¹czczak','10250632691','afracz12','hhhaslo3128128',to_date('10/06/12','RR/MM/DD'),'64');
Insert into PROJEKT_OSWIECIMSKA_SPYTKOWSKA_GLOD.LISTAUCZNIOW (ID_UCZEN,IMIE_UCZEN,NAZWISKO_UCZEN,PESEL_UCZEN,LOGIN_UCZEN,HASLO_UCZEN,DATA_URODZENIA_UCZEN,ID_ADRES) values ('68','Tomasz','Nowak','10251039746','tnowakkk','hhhaslo3128128',to_date('10/10/25','RR/MM/DD'),'60');
Insert into PROJEKT_OSWIECIMSKA_SPYTKOWSKA_GLOD.LISTAUCZNIOW (ID_UCZEN,IMIE_UCZEN,NAZWISKO_UCZEN,PESEL_UCZEN,LOGIN_UCZEN,HASLO_UCZEN,DATA_URODZENIA_UCZEN,ID_ADRES) values ('69','Antonina','Trzmiel','10250622743','AnTrzmiel','has239',to_date('10/06/30','RR/MM/DD'),'63');
Insert into PROJEKT_OSWIECIMSKA_SPYTKOWSKA_GLOD.LISTAUCZNIOW (ID_UCZEN,IMIE_UCZEN,NAZWISKO_UCZEN,PESEL_UCZEN,LOGIN_UCZEN,HASLO_UCZEN,DATA_URODZENIA_UCZEN,ID_ADRES) values ('70','Zbigniew','¯aba','10250398781','zaba23','haslohaslo23',to_date('10/03/02','RR/MM/DD'),'61');
Insert into PROJEKT_OSWIECIMSKA_SPYTKOWSKA_GLOD.LISTAUCZNIOW (ID_UCZEN,IMIE_UCZEN,NAZWISKO_UCZEN,PESEL_UCZEN,LOGIN_UCZEN,HASLO_UCZEN,DATA_URODZENIA_UCZEN,ID_ADRES) values ('71','Damian','Drzewicki','10250941292','damiandrzewicki2010','haslo31290812390',to_date('10/09/17','RR/MM/DD'),'62');
Insert into PROJEKT_OSWIECIMSKA_SPYTKOWSKA_GLOD.LISTAUCZNIOW (ID_UCZEN,IMIE_UCZEN,NAZWISKO_UCZEN,PESEL_UCZEN,LOGIN_UCZEN,HASLO_UCZEN,DATA_URODZENIA_UCZEN,ID_ADRES) values ('72','Barbara','Kowalewska','12250298721','basiakowalewska','haslo123382',to_date('12/02/13','RR/MM/DD'),'65');
REM INSERTING into PROJEKT_OSWIECIMSKA_SPYTKOWSKA_GLOD.NUMERY_RODZICOW_OD_CYFRY_10
SET DEFINE OFF;
Insert into PROJEKT_OSWIECIMSKA_SPYTKOWSKA_GLOD.NUMERY_RODZICOW_OD_CYFRY_10 (IMIE_RODZIC,NAZWISKO_RODZIC,NR_TEL_RODZIC) values ('Magdalena','Wójcik','102938475');
Insert into PROJEKT_OSWIECIMSKA_SPYTKOWSKA_GLOD.NUMERY_RODZICOW_OD_CYFRY_10 (IMIE_RODZIC,NAZWISKO_RODZIC,NR_TEL_RODZIC) values ('Eliza','Skoczyk','109826793');
Insert into PROJEKT_OSWIECIMSKA_SPYTKOWSKA_GLOD.NUMERY_RODZICOW_OD_CYFRY_10 (IMIE_RODZIC,NAZWISKO_RODZIC,NR_TEL_RODZIC) values ('Wiktoria','Pawlak','109878990');
Insert into PROJEKT_OSWIECIMSKA_SPYTKOWSKA_GLOD.NUMERY_RODZICOW_OD_CYFRY_10 (IMIE_RODZIC,NAZWISKO_RODZIC,NR_TEL_RODZIC) values ('Stefan','Mazur','102981765');
Insert into PROJEKT_OSWIECIMSKA_SPYTKOWSKA_GLOD.NUMERY_RODZICOW_OD_CYFRY_10 (IMIE_RODZIC,NAZWISKO_RODZIC,NR_TEL_RODZIC) values ('£ukasz','Dziedzic','109629406');
REM INSERTING into PROJEKT_OSWIECIMSKA_SPYTKOWSKA_GLOD.RODZIC_I_DZIECI
SET DEFINE OFF;
Insert into PROJEKT_OSWIECIMSKA_SPYTKOWSKA_GLOD.RODZIC_I_DZIECI (IMIE_RODZIC,NAZWISKO_RODZIC,IMIE_UCZEN,NAZWISKO_UCZEN,PESEL_UCZEN) values ('Ewa','Adamczyk','Dominika','Adamczyk','67890123456');
Insert into PROJEKT_OSWIECIMSKA_SPYTKOWSKA_GLOD.RODZIC_I_DZIECI (IMIE_RODZIC,NAZWISKO_RODZIC,IMIE_UCZEN,NAZWISKO_UCZEN,PESEL_UCZEN) values ('Antonina','Baran','Katarzyna','Baran','11300929027');
Insert into PROJEKT_OSWIECIMSKA_SPYTKOWSKA_GLOD.RODZIC_I_DZIECI (IMIE_RODZIC,NAZWISKO_RODZIC,IMIE_UCZEN,NAZWISKO_UCZEN,PESEL_UCZEN) values ('Kaja','Baranowska','Mateusz','Baranowski','08281089255');
Insert into PROJEKT_OSWIECIMSKA_SPYTKOWSKA_GLOD.RODZIC_I_DZIECI (IMIE_RODZIC,NAZWISKO_RODZIC,IMIE_UCZEN,NAZWISKO_UCZEN,PESEL_UCZEN) values ('Kaja','Baranowska','Natalia','Baranowska','02241636987');
Insert into PROJEKT_OSWIECIMSKA_SPYTKOWSKA_GLOD.RODZIC_I_DZIECI (IMIE_RODZIC,NAZWISKO_RODZIC,IMIE_UCZEN,NAZWISKO_UCZEN,PESEL_UCZEN) values ('¯aneta','B¹k','Mateusz','B¹k','05221233343');
Insert into PROJEKT_OSWIECIMSKA_SPYTKOWSKA_GLOD.RODZIC_I_DZIECI (IMIE_RODZIC,NAZWISKO_RODZIC,IMIE_UCZEN,NAZWISKO_UCZEN,PESEL_UCZEN) values ('¯aneta','B¹k','Agnieszka','B¹k','18210276850');
Insert into PROJEKT_OSWIECIMSKA_SPYTKOWSKA_GLOD.RODZIC_I_DZIECI (IMIE_RODZIC,NAZWISKO_RODZIC,IMIE_UCZEN,NAZWISKO_UCZEN,PESEL_UCZEN) values ('Helmut','Bednarczyk','Miko³aj','Bednarczyk','17290210109');
Insert into PROJEKT_OSWIECIMSKA_SPYTKOWSKA_GLOD.RODZIC_I_DZIECI (IMIE_RODZIC,NAZWISKO_RODZIC,IMIE_UCZEN,NAZWISKO_UCZEN,PESEL_UCZEN) values ('Przemys³aw','Borkowski','Agnieszka','Borkowski','12221138301');
Insert into PROJEKT_OSWIECIMSKA_SPYTKOWSKA_GLOD.RODZIC_I_DZIECI (IMIE_RODZIC,NAZWISKO_RODZIC,IMIE_UCZEN,NAZWISKO_UCZEN,PESEL_UCZEN) values ('Agata','Danek','Jakub','Danek','11122333444');
Insert into PROJEKT_OSWIECIMSKA_SPYTKOWSKA_GLOD.RODZIC_I_DZIECI (IMIE_RODZIC,NAZWISKO_RODZIC,IMIE_UCZEN,NAZWISKO_UCZEN,PESEL_UCZEN) values ('Kazimiera','D¹browska','Magdalena','D¹browska','10250356651');
Insert into PROJEKT_OSWIECIMSKA_SPYTKOWSKA_GLOD.RODZIC_I_DZIECI (IMIE_RODZIC,NAZWISKO_RODZIC,IMIE_UCZEN,NAZWISKO_UCZEN,PESEL_UCZEN) values ('Monika','Drzewicka','Damian','Drzewicki','10250941292');
Insert into PROJEKT_OSWIECIMSKA_SPYTKOWSKA_GLOD.RODZIC_I_DZIECI (IMIE_RODZIC,NAZWISKO_RODZIC,IMIE_UCZEN,NAZWISKO_UCZEN,PESEL_UCZEN) values ('Ewa','Dudek','Monika','Dudek','01020398767');
Insert into PROJEKT_OSWIECIMSKA_SPYTKOWSKA_GLOD.RODZIC_I_DZIECI (IMIE_RODZIC,NAZWISKO_RODZIC,IMIE_UCZEN,NAZWISKO_UCZEN,PESEL_UCZEN) values ('£ukasz','Dziedzic','Kacper','Dziedzic','10293756291');
Insert into PROJEKT_OSWIECIMSKA_SPYTKOWSKA_GLOD.RODZIC_I_DZIECI (IMIE_RODZIC,NAZWISKO_RODZIC,IMIE_UCZEN,NAZWISKO_UCZEN,PESEL_UCZEN) values ('Roman','Fr¹czczak','Adrian','Fr¹czczak','10250632691');
Insert into PROJEKT_OSWIECIMSKA_SPYTKOWSKA_GLOD.RODZIC_I_DZIECI (IMIE_RODZIC,NAZWISKO_RODZIC,IMIE_UCZEN,NAZWISKO_UCZEN,PESEL_UCZEN) values ('Jacek','Gacek','Kamil','Gacek','14444555667');
Insert into PROJEKT_OSWIECIMSKA_SPYTKOWSKA_GLOD.RODZIC_I_DZIECI (IMIE_RODZIC,NAZWISKO_RODZIC,IMIE_UCZEN,NAZWISKO_UCZEN,PESEL_UCZEN) values ('Joanna','Garbiarz','Krzysztof','Garbiarz','76543210345');
Insert into PROJEKT_OSWIECIMSKA_SPYTKOWSKA_GLOD.RODZIC_I_DZIECI (IMIE_RODZIC,NAZWISKO_RODZIC,IMIE_UCZEN,NAZWISKO_UCZEN,PESEL_UCZEN) values ('Juliusz','Janik','Kamil','Janik','08252274851');
Insert into PROJEKT_OSWIECIMSKA_SPYTKOWSKA_GLOD.RODZIC_I_DZIECI (IMIE_RODZIC,NAZWISKO_RODZIC,IMIE_UCZEN,NAZWISKO_UCZEN,PESEL_UCZEN) values ('Mariusz','Jankowski','Kamil','Jankowski','90123456789');
Insert into PROJEKT_OSWIECIMSKA_SPYTKOWSKA_GLOD.RODZIC_I_DZIECI (IMIE_RODZIC,NAZWISKO_RODZIC,IMIE_UCZEN,NAZWISKO_UCZEN,PESEL_UCZEN) values ('Józefa','Kasprzak','Weronika','Kasprzak','12262722659');
Insert into PROJEKT_OSWIECIMSKA_SPYTKOWSKA_GLOD.RODZIC_I_DZIECI (IMIE_RODZIC,NAZWISKO_RODZIC,IMIE_UCZEN,NAZWISKO_UCZEN,PESEL_UCZEN) values ('Igor','Kott','Julia','Kott','12233344455');
Insert into PROJEKT_OSWIECIMSKA_SPYTKOWSKA_GLOD.RODZIC_I_DZIECI (IMIE_RODZIC,NAZWISKO_RODZIC,IMIE_UCZEN,NAZWISKO_UCZEN,PESEL_UCZEN) values ('Benedykt','Kowal','Miko³aj','Kowal','18291282252');
Insert into PROJEKT_OSWIECIMSKA_SPYTKOWSKA_GLOD.RODZIC_I_DZIECI (IMIE_RODZIC,NAZWISKO_RODZIC,IMIE_UCZEN,NAZWISKO_UCZEN,PESEL_UCZEN) values ('Sandra','Kowal','Miko³aj','Kowal','18291282252');
Insert into PROJEKT_OSWIECIMSKA_SPYTKOWSKA_GLOD.RODZIC_I_DZIECI (IMIE_RODZIC,NAZWISKO_RODZIC,IMIE_UCZEN,NAZWISKO_UCZEN,PESEL_UCZEN) values ('Hanna','Kowalczyk','Jan','Kowalczyk','10243085401');
Insert into PROJEKT_OSWIECIMSKA_SPYTKOWSKA_GLOD.RODZIC_I_DZIECI (IMIE_RODZIC,NAZWISKO_RODZIC,IMIE_UCZEN,NAZWISKO_UCZEN,PESEL_UCZEN) values ('Hanna','Kowalczyk','Sylwia','Kowalczyk','14211606766');
Insert into PROJEKT_OSWIECIMSKA_SPYTKOWSKA_GLOD.RODZIC_I_DZIECI (IMIE_RODZIC,NAZWISKO_RODZIC,IMIE_UCZEN,NAZWISKO_UCZEN,PESEL_UCZEN) values ('Adam','Kowalewski','Barbara','Kowalewska','12250298721');
Insert into PROJEKT_OSWIECIMSKA_SPYTKOWSKA_GLOD.RODZIC_I_DZIECI (IMIE_RODZIC,NAZWISKO_RODZIC,IMIE_UCZEN,NAZWISKO_UCZEN,PESEL_UCZEN) values ('Edmund','Kowalik','Jaros³aw','Kowalik','12291634743');
Insert into PROJEKT_OSWIECIMSKA_SPYTKOWSKA_GLOD.RODZIC_I_DZIECI (IMIE_RODZIC,NAZWISKO_RODZIC,IMIE_UCZEN,NAZWISKO_UCZEN,PESEL_UCZEN) values ('Edmund','Kowalik','Waleria','Kowalik','07240336388');
Insert into PROJEKT_OSWIECIMSKA_SPYTKOWSKA_GLOD.RODZIC_I_DZIECI (IMIE_RODZIC,NAZWISKO_RODZIC,IMIE_UCZEN,NAZWISKO_UCZEN,PESEL_UCZEN) values ('Katarzyna','Kowalska','Julia','Kowalska','45678901234');
Insert into PROJEKT_OSWIECIMSKA_SPYTKOWSKA_GLOD.RODZIC_I_DZIECI (IMIE_RODZIC,NAZWISKO_RODZIC,IMIE_UCZEN,NAZWISKO_UCZEN,PESEL_UCZEN) values ('Jan','Kowalski','Marcin','Kowalski','12345678901');
Insert into PROJEKT_OSWIECIMSKA_SPYTKOWSKA_GLOD.RODZIC_I_DZIECI (IMIE_RODZIC,NAZWISKO_RODZIC,IMIE_UCZEN,NAZWISKO_UCZEN,PESEL_UCZEN) values ('Boles³awa','Kozio³','Regina','Kozio³','15301923196');
Insert into PROJEKT_OSWIECIMSKA_SPYTKOWSKA_GLOD.RODZIC_I_DZIECI (IMIE_RODZIC,NAZWISKO_RODZIC,IMIE_UCZEN,NAZWISKO_UCZEN,PESEL_UCZEN) values ('Jakub','Kozio³','Regina','Kozio³','15301923196');
Insert into PROJEKT_OSWIECIMSKA_SPYTKOWSKA_GLOD.RODZIC_I_DZIECI (IMIE_RODZIC,NAZWISKO_RODZIC,IMIE_UCZEN,NAZWISKO_UCZEN,PESEL_UCZEN) values ('Barbara','Koz³owska','Kinga','Koz³owska','89012345678');
Insert into PROJEKT_OSWIECIMSKA_SPYTKOWSKA_GLOD.RODZIC_I_DZIECI (IMIE_RODZIC,NAZWISKO_RODZIC,IMIE_UCZEN,NAZWISKO_UCZEN,PESEL_UCZEN) values ('Andrzej','Kracik','Klaudia','Kracik','09267354289');
Insert into PROJEKT_OSWIECIMSKA_SPYTKOWSKA_GLOD.RODZIC_I_DZIECI (IMIE_RODZIC,NAZWISKO_RODZIC,IMIE_UCZEN,NAZWISKO_UCZEN,PESEL_UCZEN) values ('Micha³','Krasnal','Darek','Krasnal','12854319876');
Insert into PROJEKT_OSWIECIMSKA_SPYTKOWSKA_GLOD.RODZIC_I_DZIECI (IMIE_RODZIC,NAZWISKO_RODZIC,IMIE_UCZEN,NAZWISKO_UCZEN,PESEL_UCZEN) values ('Marta','Kruk','Diana','Kruk','16321409107');
Insert into PROJEKT_OSWIECIMSKA_SPYTKOWSKA_GLOD.RODZIC_I_DZIECI (IMIE_RODZIC,NAZWISKO_RODZIC,IMIE_UCZEN,NAZWISKO_UCZEN,PESEL_UCZEN) values ('Krzysztof','Kurczak','Mateusz','Kurczak','13334445556');
Insert into PROJEKT_OSWIECIMSKA_SPYTKOWSKA_GLOD.RODZIC_I_DZIECI (IMIE_RODZIC,NAZWISKO_RODZIC,IMIE_UCZEN,NAZWISKO_UCZEN,PESEL_UCZEN) values ('Klaudia','Kurek','Marianna','Kurek','16212302337');
Insert into PROJEKT_OSWIECIMSKA_SPYTKOWSKA_GLOD.RODZIC_I_DZIECI (IMIE_RODZIC,NAZWISKO_RODZIC,IMIE_UCZEN,NAZWISKO_UCZEN,PESEL_UCZEN) values ('Antoni','Laska','Katarzyna','Laska','29181726389');
Insert into PROJEKT_OSWIECIMSKA_SPYTKOWSKA_GLOD.RODZIC_I_DZIECI (IMIE_RODZIC,NAZWISKO_RODZIC,IMIE_UCZEN,NAZWISKO_UCZEN,PESEL_UCZEN) values ('Olaf','Lewandowski','Florian','Lewandowski','04322899610');
Insert into PROJEKT_OSWIECIMSKA_SPYTKOWSKA_GLOD.RODZIC_I_DZIECI (IMIE_RODZIC,NAZWISKO_RODZIC,IMIE_UCZEN,NAZWISKO_UCZEN,PESEL_UCZEN) values ('Olaf','Lewandowski','Kamil','Lewandowski','14262103779');
Insert into PROJEKT_OSWIECIMSKA_SPYTKOWSKA_GLOD.RODZIC_I_DZIECI (IMIE_RODZIC,NAZWISKO_RODZIC,IMIE_UCZEN,NAZWISKO_UCZEN,PESEL_UCZEN) values ('Olaf','Lewandowski','Florian','Lewandowski','04322899610');
Insert into PROJEKT_OSWIECIMSKA_SPYTKOWSKA_GLOD.RODZIC_I_DZIECI (IMIE_RODZIC,NAZWISKO_RODZIC,IMIE_UCZEN,NAZWISKO_UCZEN,PESEL_UCZEN) values ('Halina','Lipiñska','Krzysztof','Lipiñski','10240989876');
Insert into PROJEKT_OSWIECIMSKA_SPYTKOWSKA_GLOD.RODZIC_I_DZIECI (IMIE_RODZIC,NAZWISKO_RODZIC,IMIE_UCZEN,NAZWISKO_UCZEN,PESEL_UCZEN) values ('Leszek','Lipiñski','Krzysztof','Lipiñski','10240989876');
Insert into PROJEKT_OSWIECIMSKA_SPYTKOWSKA_GLOD.RODZIC_I_DZIECI (IMIE_RODZIC,NAZWISKO_RODZIC,IMIE_UCZEN,NAZWISKO_UCZEN,PESEL_UCZEN) values ('Lilianna','Majewska','Mateusz','Majewski','09212995324');
Insert into PROJEKT_OSWIECIMSKA_SPYTKOWSKA_GLOD.RODZIC_I_DZIECI (IMIE_RODZIC,NAZWISKO_RODZIC,IMIE_UCZEN,NAZWISKO_UCZEN,PESEL_UCZEN) values ('Edward','Majewski','Mateusz','Majewski','09212995324');
Insert into PROJEKT_OSWIECIMSKA_SPYTKOWSKA_GLOD.RODZIC_I_DZIECI (IMIE_RODZIC,NAZWISKO_RODZIC,IMIE_UCZEN,NAZWISKO_UCZEN,PESEL_UCZEN) values ('Jolanta','Malinowska','Agnieszka','Malinowska','65432104567');
Insert into PROJEKT_OSWIECIMSKA_SPYTKOWSKA_GLOD.RODZIC_I_DZIECI (IMIE_RODZIC,NAZWISKO_RODZIC,IMIE_UCZEN,NAZWISKO_UCZEN,PESEL_UCZEN) values ('Adam','Malinowski','Kacper','Malinowski','56789012345');
Insert into PROJEKT_OSWIECIMSKA_SPYTKOWSKA_GLOD.RODZIC_I_DZIECI (IMIE_RODZIC,NAZWISKO_RODZIC,IMIE_UCZEN,NAZWISKO_UCZEN,PESEL_UCZEN) values ('Stefan','Mazur','Agnieszka','Mazur','98765432198');
Insert into PROJEKT_OSWIECIMSKA_SPYTKOWSKA_GLOD.RODZIC_I_DZIECI (IMIE_RODZIC,NAZWISKO_RODZIC,IMIE_UCZEN,NAZWISKO_UCZEN,PESEL_UCZEN) values ('Zdzis³awa','Michalska','Mateusz','Michalski','07320914772');
Insert into PROJEKT_OSWIECIMSKA_SPYTKOWSKA_GLOD.RODZIC_I_DZIECI (IMIE_RODZIC,NAZWISKO_RODZIC,IMIE_UCZEN,NAZWISKO_UCZEN,PESEL_UCZEN) values ('Janina','Nowak','Miko³aj','Nowak','98765432101');
Insert into PROJEKT_OSWIECIMSKA_SPYTKOWSKA_GLOD.RODZIC_I_DZIECI (IMIE_RODZIC,NAZWISKO_RODZIC,IMIE_UCZEN,NAZWISKO_UCZEN,PESEL_UCZEN) values ('Anna','Nowak','Karolina','Nowak','23456789012');
Insert into PROJEKT_OSWIECIMSKA_SPYTKOWSKA_GLOD.RODZIC_I_DZIECI (IMIE_RODZIC,NAZWISKO_RODZIC,IMIE_UCZEN,NAZWISKO_UCZEN,PESEL_UCZEN) values ('Anna','Nowak','Tomasz','Nowak','10251039746');
Insert into PROJEKT_OSWIECIMSKA_SPYTKOWSKA_GLOD.RODZIC_I_DZIECI (IMIE_RODZIC,NAZWISKO_RODZIC,IMIE_UCZEN,NAZWISKO_UCZEN,PESEL_UCZEN) values ('Adam','Nowakowski','Magdalena','Nowakowski','76898752431');
Insert into PROJEKT_OSWIECIMSKA_SPYTKOWSKA_GLOD.RODZIC_I_DZIECI (IMIE_RODZIC,NAZWISKO_RODZIC,IMIE_UCZEN,NAZWISKO_UCZEN,PESEL_UCZEN) values ('Wiktoria','Pawlak','Sylwia','Pawlak','19228569822');
Insert into PROJEKT_OSWIECIMSKA_SPYTKOWSKA_GLOD.RODZIC_I_DZIECI (IMIE_RODZIC,NAZWISKO_RODZIC,IMIE_UCZEN,NAZWISKO_UCZEN,PESEL_UCZEN) values ('Janina','Paw³owska','Igor','Paw³owski','10233125508');
Insert into PROJEKT_OSWIECIMSKA_SPYTKOWSKA_GLOD.RODZIC_I_DZIECI (IMIE_RODZIC,NAZWISKO_RODZIC,IMIE_UCZEN,NAZWISKO_UCZEN,PESEL_UCZEN) values ('Ernest','Paw³owski','Igor','Paw³owski','10233125508');
Insert into PROJEKT_OSWIECIMSKA_SPYTKOWSKA_GLOD.RODZIC_I_DZIECI (IMIE_RODZIC,NAZWISKO_RODZIC,IMIE_UCZEN,NAZWISKO_UCZEN,PESEL_UCZEN) values ('Konrad','Pi¹tek','Ró¿a','Pi¹tek','08291028929');
Insert into PROJEKT_OSWIECIMSKA_SPYTKOWSKA_GLOD.RODZIC_I_DZIECI (IMIE_RODZIC,NAZWISKO_RODZIC,IMIE_UCZEN,NAZWISKO_UCZEN,PESEL_UCZEN) values ('Konrad','Pi¹tek','Krzysztof','Pi¹tek','07290146368');
Insert into PROJEKT_OSWIECIMSKA_SPYTKOWSKA_GLOD.RODZIC_I_DZIECI (IMIE_RODZIC,NAZWISKO_RODZIC,IMIE_UCZEN,NAZWISKO_UCZEN,PESEL_UCZEN) values ('Piotr','Rafacz','Jan','Rafacz','19222543871');
Insert into PROJEKT_OSWIECIMSKA_SPYTKOWSKA_GLOD.RODZIC_I_DZIECI (IMIE_RODZIC,NAZWISKO_RODZIC,IMIE_UCZEN,NAZWISKO_UCZEN,PESEL_UCZEN) values ('Eliza','Skoczyk','Marek','Skoczyk','09087687643');
Insert into PROJEKT_OSWIECIMSKA_SPYTKOWSKA_GLOD.RODZIC_I_DZIECI (IMIE_RODZIC,NAZWISKO_RODZIC,IMIE_UCZEN,NAZWISKO_UCZEN,PESEL_UCZEN) values ('Pelagia','Sowa','Dominik','Sowa','15242276430');
Insert into PROJEKT_OSWIECIMSKA_SPYTKOWSKA_GLOD.RODZIC_I_DZIECI (IMIE_RODZIC,NAZWISKO_RODZIC,IMIE_UCZEN,NAZWISKO_UCZEN,PESEL_UCZEN) values ('Pelagia','Sowa','Magdalena','Sowa','11310198046');
Insert into PROJEKT_OSWIECIMSKA_SPYTKOWSKA_GLOD.RODZIC_I_DZIECI (IMIE_RODZIC,NAZWISKO_RODZIC,IMIE_UCZEN,NAZWISKO_UCZEN,PESEL_UCZEN) values ('Leokadia','Œliwiñska','Ewa','Œliwiñska','03320429173');
Insert into PROJEKT_OSWIECIMSKA_SPYTKOWSKA_GLOD.RODZIC_I_DZIECI (IMIE_RODZIC,NAZWISKO_RODZIC,IMIE_UCZEN,NAZWISKO_UCZEN,PESEL_UCZEN) values ('Leokadia','Œliwiñska','Patrycja','Œliwiñska','01280336588');
Insert into PROJEKT_OSWIECIMSKA_SPYTKOWSKA_GLOD.RODZIC_I_DZIECI (IMIE_RODZIC,NAZWISKO_RODZIC,IMIE_UCZEN,NAZWISKO_UCZEN,PESEL_UCZEN) values ('Leokadia','Œliwiñska','Adrian','Œliwiñski','05230114626');
Insert into PROJEKT_OSWIECIMSKA_SPYTKOWSKA_GLOD.RODZIC_I_DZIECI (IMIE_RODZIC,NAZWISKO_RODZIC,IMIE_UCZEN,NAZWISKO_UCZEN,PESEL_UCZEN) values ('Bogus³aw','Œliwiñski','Julia','Œliwiñska','15231831169');
Insert into PROJEKT_OSWIECIMSKA_SPYTKOWSKA_GLOD.RODZIC_I_DZIECI (IMIE_RODZIC,NAZWISKO_RODZIC,IMIE_UCZEN,NAZWISKO_UCZEN,PESEL_UCZEN) values ('Zbigniew','Tomala','Mateusz','Tomala','19825376549');
Insert into PROJEKT_OSWIECIMSKA_SPYTKOWSKA_GLOD.RODZIC_I_DZIECI (IMIE_RODZIC,NAZWISKO_RODZIC,IMIE_UCZEN,NAZWISKO_UCZEN,PESEL_UCZEN) values ('Cezary','Trzmiel','Antonina','Trzmiel','10250622743');
Insert into PROJEKT_OSWIECIMSKA_SPYTKOWSKA_GLOD.RODZIC_I_DZIECI (IMIE_RODZIC,NAZWISKO_RODZIC,IMIE_UCZEN,NAZWISKO_UCZEN,PESEL_UCZEN) values ('Mateusz','Wiœniewski','Magdalena','Wiœniewska','87654321023');
Insert into PROJEKT_OSWIECIMSKA_SPYTKOWSKA_GLOD.RODZIC_I_DZIECI (IMIE_RODZIC,NAZWISKO_RODZIC,IMIE_UCZEN,NAZWISKO_UCZEN,PESEL_UCZEN) values ('Piotr','Wiœniewski','Ludwik','Wiœniewski','34567890123');
Insert into PROJEKT_OSWIECIMSKA_SPYTKOWSKA_GLOD.RODZIC_I_DZIECI (IMIE_RODZIC,NAZWISKO_RODZIC,IMIE_UCZEN,NAZWISKO_UCZEN,PESEL_UCZEN) values ('Grzegorz','Witkowski','Krzysztof','Witkowski','12280648610');
Insert into PROJEKT_OSWIECIMSKA_SPYTKOWSKA_GLOD.RODZIC_I_DZIECI (IMIE_RODZIC,NAZWISKO_RODZIC,IMIE_UCZEN,NAZWISKO_UCZEN,PESEL_UCZEN) values ('Julia','W³odarczyk','Jakub','W³odarczyk','09310613483');
Insert into PROJEKT_OSWIECIMSKA_SPYTKOWSKA_GLOD.RODZIC_I_DZIECI (IMIE_RODZIC,NAZWISKO_RODZIC,IMIE_UCZEN,NAZWISKO_UCZEN,PESEL_UCZEN) values ('Natalia','Wojciechowska','Jakub','Wojciechowski','10272458544');
Insert into PROJEKT_OSWIECIMSKA_SPYTKOWSKA_GLOD.RODZIC_I_DZIECI (IMIE_RODZIC,NAZWISKO_RODZIC,IMIE_UCZEN,NAZWISKO_UCZEN,PESEL_UCZEN) values ('Mateusz','Wojciechowski','Albina','Wojciechowska','08290686218');
Insert into PROJEKT_OSWIECIMSKA_SPYTKOWSKA_GLOD.RODZIC_I_DZIECI (IMIE_RODZIC,NAZWISKO_RODZIC,IMIE_UCZEN,NAZWISKO_UCZEN,PESEL_UCZEN) values ('Mateusz','Wojciechowski','Jakub','Wojciechowski','10272458544');
Insert into PROJEKT_OSWIECIMSKA_SPYTKOWSKA_GLOD.RODZIC_I_DZIECI (IMIE_RODZIC,NAZWISKO_RODZIC,IMIE_UCZEN,NAZWISKO_UCZEN,PESEL_UCZEN) values ('Tomasz','Wojciechowski','Mateusz','Wojciechowski','78901234567');
Insert into PROJEKT_OSWIECIMSKA_SPYTKOWSKA_GLOD.RODZIC_I_DZIECI (IMIE_RODZIC,NAZWISKO_RODZIC,IMIE_UCZEN,NAZWISKO_UCZEN,PESEL_UCZEN) values ('Magdalena','Wójcik','Karol','Wójcik','09109289012');
Insert into PROJEKT_OSWIECIMSKA_SPYTKOWSKA_GLOD.RODZIC_I_DZIECI (IMIE_RODZIC,NAZWISKO_RODZIC,IMIE_UCZEN,NAZWISKO_UCZEN,PESEL_UCZEN) values ('Marta','Wróbel','Dominik','Wróbel','01234567890');
Insert into PROJEKT_OSWIECIMSKA_SPYTKOWSKA_GLOD.RODZIC_I_DZIECI (IMIE_RODZIC,NAZWISKO_RODZIC,IMIE_UCZEN,NAZWISKO_UCZEN,PESEL_UCZEN) values ('Franciszek','¯aba','Zbigniew','¯aba','10250398781');
REM INSERTING into PROJEKT_OSWIECIMSKA_SPYTKOWSKA_GLOD.SORTOWANIE_PO_SREDNIEJ
SET DEFINE OFF;
Insert into PROJEKT_OSWIECIMSKA_SPYTKOWSKA_GLOD.SORTOWANIE_PO_SREDNIEJ (IMIE_UCZEN,NAZWISKO_UCZEN,SREDNIA) values ('Darek','Krasnal','5,2');
Insert into PROJEKT_OSWIECIMSKA_SPYTKOWSKA_GLOD.SORTOWANIE_PO_SREDNIEJ (IMIE_UCZEN,NAZWISKO_UCZEN,SREDNIA) values ('Julia','Kowalska','5');
Insert into PROJEKT_OSWIECIMSKA_SPYTKOWSKA_GLOD.SORTOWANIE_PO_SREDNIEJ (IMIE_UCZEN,NAZWISKO_UCZEN,SREDNIA) values ('Monika','Dudek','4,99');
Insert into PROJEKT_OSWIECIMSKA_SPYTKOWSKA_GLOD.SORTOWANIE_PO_SREDNIEJ (IMIE_UCZEN,NAZWISKO_UCZEN,SREDNIA) values ('Magdalena','Nowakowski','4,84');
Insert into PROJEKT_OSWIECIMSKA_SPYTKOWSKA_GLOD.SORTOWANIE_PO_SREDNIEJ (IMIE_UCZEN,NAZWISKO_UCZEN,SREDNIA) values ('Ludwik','Wiœniewski','4,62');
Insert into PROJEKT_OSWIECIMSKA_SPYTKOWSKA_GLOD.SORTOWANIE_PO_SREDNIEJ (IMIE_UCZEN,NAZWISKO_UCZEN,SREDNIA) values ('Kinga','Koz³owska','4,55');
Insert into PROJEKT_OSWIECIMSKA_SPYTKOWSKA_GLOD.SORTOWANIE_PO_SREDNIEJ (IMIE_UCZEN,NAZWISKO_UCZEN,SREDNIA) values ('Mateusz','Wojciechowski','4,52');
Insert into PROJEKT_OSWIECIMSKA_SPYTKOWSKA_GLOD.SORTOWANIE_PO_SREDNIEJ (IMIE_UCZEN,NAZWISKO_UCZEN,SREDNIA) values ('Dominika','Adamczyk','4,25');
Insert into PROJEKT_OSWIECIMSKA_SPYTKOWSKA_GLOD.SORTOWANIE_PO_SREDNIEJ (IMIE_UCZEN,NAZWISKO_UCZEN,SREDNIA) values ('Marek','Skoczyk','4,12');
Insert into PROJEKT_OSWIECIMSKA_SPYTKOWSKA_GLOD.SORTOWANIE_PO_SREDNIEJ (IMIE_UCZEN,NAZWISKO_UCZEN,SREDNIA) values ('Kacper','Dziedzic','4,09');
Insert into PROJEKT_OSWIECIMSKA_SPYTKOWSKA_GLOD.SORTOWANIE_PO_SREDNIEJ (IMIE_UCZEN,NAZWISKO_UCZEN,SREDNIA) values ('Karol','Wójcik','4');
Insert into PROJEKT_OSWIECIMSKA_SPYTKOWSKA_GLOD.SORTOWANIE_PO_SREDNIEJ (IMIE_UCZEN,NAZWISKO_UCZEN,SREDNIA) values ('Dominik','Wróbel','3,99');
Insert into PROJEKT_OSWIECIMSKA_SPYTKOWSKA_GLOD.SORTOWANIE_PO_SREDNIEJ (IMIE_UCZEN,NAZWISKO_UCZEN,SREDNIA) values ('Kacper','Malinowski','3,95');
Insert into PROJEKT_OSWIECIMSKA_SPYTKOWSKA_GLOD.SORTOWANIE_PO_SREDNIEJ (IMIE_UCZEN,NAZWISKO_UCZEN,SREDNIA) values ('Kamil','Jankowski','3,95');
Insert into PROJEKT_OSWIECIMSKA_SPYTKOWSKA_GLOD.SORTOWANIE_PO_SREDNIEJ (IMIE_UCZEN,NAZWISKO_UCZEN,SREDNIA) values ('Klaudia','Kracik','3,75');
Insert into PROJEKT_OSWIECIMSKA_SPYTKOWSKA_GLOD.SORTOWANIE_PO_SREDNIEJ (IMIE_UCZEN,NAZWISKO_UCZEN,SREDNIA) values ('Marcin','Kowalski','3,72');
Insert into PROJEKT_OSWIECIMSKA_SPYTKOWSKA_GLOD.SORTOWANIE_PO_SREDNIEJ (IMIE_UCZEN,NAZWISKO_UCZEN,SREDNIA) values ('Mateusz','Tomala','3,67');
Insert into PROJEKT_OSWIECIMSKA_SPYTKOWSKA_GLOD.SORTOWANIE_PO_SREDNIEJ (IMIE_UCZEN,NAZWISKO_UCZEN,SREDNIA) values ('Karolina','Nowak','3,49');
Insert into PROJEKT_OSWIECIMSKA_SPYTKOWSKA_GLOD.SORTOWANIE_PO_SREDNIEJ (IMIE_UCZEN,NAZWISKO_UCZEN,SREDNIA) values ('Jan','Rafacz','2,77');
Insert into PROJEKT_OSWIECIMSKA_SPYTKOWSKA_GLOD.SORTOWANIE_PO_SREDNIEJ (IMIE_UCZEN,NAZWISKO_UCZEN,SREDNIA) values ('Sylwia','Pawlak','2,44');
REM INSERTING into PROJEKT_OSWIECIMSKA_SPYTKOWSKA_GLOD.UCZEN_I_RODZICE
SET DEFINE OFF;
Insert into PROJEKT_OSWIECIMSKA_SPYTKOWSKA_GLOD.UCZEN_I_RODZICE (IMIE_UCZEN,NAZWISKO_UCZEN,IMIE_RODZIC,NAZWISKO_RODZIC) values ('Dominika','Adamczyk','Ewa','Adamczyk');
Insert into PROJEKT_OSWIECIMSKA_SPYTKOWSKA_GLOD.UCZEN_I_RODZICE (IMIE_UCZEN,NAZWISKO_UCZEN,IMIE_RODZIC,NAZWISKO_RODZIC) values ('Katarzyna','Baran','Antonina','Baran');
Insert into PROJEKT_OSWIECIMSKA_SPYTKOWSKA_GLOD.UCZEN_I_RODZICE (IMIE_UCZEN,NAZWISKO_UCZEN,IMIE_RODZIC,NAZWISKO_RODZIC) values ('Natalia','Baranowska','Kaja','Baranowska');
Insert into PROJEKT_OSWIECIMSKA_SPYTKOWSKA_GLOD.UCZEN_I_RODZICE (IMIE_UCZEN,NAZWISKO_UCZEN,IMIE_RODZIC,NAZWISKO_RODZIC) values ('Mateusz','Baranowski','Kaja','Baranowska');
Insert into PROJEKT_OSWIECIMSKA_SPYTKOWSKA_GLOD.UCZEN_I_RODZICE (IMIE_UCZEN,NAZWISKO_UCZEN,IMIE_RODZIC,NAZWISKO_RODZIC) values ('Mateusz','B¹k','¯aneta','B¹k');
Insert into PROJEKT_OSWIECIMSKA_SPYTKOWSKA_GLOD.UCZEN_I_RODZICE (IMIE_UCZEN,NAZWISKO_UCZEN,IMIE_RODZIC,NAZWISKO_RODZIC) values ('Agnieszka','B¹k','¯aneta','B¹k');
Insert into PROJEKT_OSWIECIMSKA_SPYTKOWSKA_GLOD.UCZEN_I_RODZICE (IMIE_UCZEN,NAZWISKO_UCZEN,IMIE_RODZIC,NAZWISKO_RODZIC) values ('Miko³aj','Bednarczyk','Helmut','Bednarczyk');
Insert into PROJEKT_OSWIECIMSKA_SPYTKOWSKA_GLOD.UCZEN_I_RODZICE (IMIE_UCZEN,NAZWISKO_UCZEN,IMIE_RODZIC,NAZWISKO_RODZIC) values ('Agnieszka','Borkowski','Przemys³aw','Borkowski');
Insert into PROJEKT_OSWIECIMSKA_SPYTKOWSKA_GLOD.UCZEN_I_RODZICE (IMIE_UCZEN,NAZWISKO_UCZEN,IMIE_RODZIC,NAZWISKO_RODZIC) values ('Jakub','Danek','Agata','Danek');
Insert into PROJEKT_OSWIECIMSKA_SPYTKOWSKA_GLOD.UCZEN_I_RODZICE (IMIE_UCZEN,NAZWISKO_UCZEN,IMIE_RODZIC,NAZWISKO_RODZIC) values ('Magdalena','D¹browska','Kazimiera','D¹browska');
Insert into PROJEKT_OSWIECIMSKA_SPYTKOWSKA_GLOD.UCZEN_I_RODZICE (IMIE_UCZEN,NAZWISKO_UCZEN,IMIE_RODZIC,NAZWISKO_RODZIC) values ('Damian','Drzewicki','Monika','Drzewicka');
Insert into PROJEKT_OSWIECIMSKA_SPYTKOWSKA_GLOD.UCZEN_I_RODZICE (IMIE_UCZEN,NAZWISKO_UCZEN,IMIE_RODZIC,NAZWISKO_RODZIC) values ('Monika','Dudek','Ewa','Dudek');
Insert into PROJEKT_OSWIECIMSKA_SPYTKOWSKA_GLOD.UCZEN_I_RODZICE (IMIE_UCZEN,NAZWISKO_UCZEN,IMIE_RODZIC,NAZWISKO_RODZIC) values ('Kacper','Dziedzic','£ukasz','Dziedzic');
Insert into PROJEKT_OSWIECIMSKA_SPYTKOWSKA_GLOD.UCZEN_I_RODZICE (IMIE_UCZEN,NAZWISKO_UCZEN,IMIE_RODZIC,NAZWISKO_RODZIC) values ('Adrian','Fr¹czczak','Roman','Fr¹czczak');
Insert into PROJEKT_OSWIECIMSKA_SPYTKOWSKA_GLOD.UCZEN_I_RODZICE (IMIE_UCZEN,NAZWISKO_UCZEN,IMIE_RODZIC,NAZWISKO_RODZIC) values ('Kamil','Gacek','Jacek','Gacek');
Insert into PROJEKT_OSWIECIMSKA_SPYTKOWSKA_GLOD.UCZEN_I_RODZICE (IMIE_UCZEN,NAZWISKO_UCZEN,IMIE_RODZIC,NAZWISKO_RODZIC) values ('Krzysztof','Garbiarz','Joanna','Garbiarz');
Insert into PROJEKT_OSWIECIMSKA_SPYTKOWSKA_GLOD.UCZEN_I_RODZICE (IMIE_UCZEN,NAZWISKO_UCZEN,IMIE_RODZIC,NAZWISKO_RODZIC) values ('Kamil','Janik','Juliusz','Janik');
Insert into PROJEKT_OSWIECIMSKA_SPYTKOWSKA_GLOD.UCZEN_I_RODZICE (IMIE_UCZEN,NAZWISKO_UCZEN,IMIE_RODZIC,NAZWISKO_RODZIC) values ('Kamil','Jankowski','Mariusz','Jankowski');
Insert into PROJEKT_OSWIECIMSKA_SPYTKOWSKA_GLOD.UCZEN_I_RODZICE (IMIE_UCZEN,NAZWISKO_UCZEN,IMIE_RODZIC,NAZWISKO_RODZIC) values ('Weronika','Kasprzak','Józefa','Kasprzak');
Insert into PROJEKT_OSWIECIMSKA_SPYTKOWSKA_GLOD.UCZEN_I_RODZICE (IMIE_UCZEN,NAZWISKO_UCZEN,IMIE_RODZIC,NAZWISKO_RODZIC) values ('Julia','Kott','Igor','Kott');
Insert into PROJEKT_OSWIECIMSKA_SPYTKOWSKA_GLOD.UCZEN_I_RODZICE (IMIE_UCZEN,NAZWISKO_UCZEN,IMIE_RODZIC,NAZWISKO_RODZIC) values ('Miko³aj','Kowal','Benedykt','Kowal');
Insert into PROJEKT_OSWIECIMSKA_SPYTKOWSKA_GLOD.UCZEN_I_RODZICE (IMIE_UCZEN,NAZWISKO_UCZEN,IMIE_RODZIC,NAZWISKO_RODZIC) values ('Miko³aj','Kowal','Sandra','Kowal');
Insert into PROJEKT_OSWIECIMSKA_SPYTKOWSKA_GLOD.UCZEN_I_RODZICE (IMIE_UCZEN,NAZWISKO_UCZEN,IMIE_RODZIC,NAZWISKO_RODZIC) values ('Jan','Kowalczyk','Hanna','Kowalczyk');
Insert into PROJEKT_OSWIECIMSKA_SPYTKOWSKA_GLOD.UCZEN_I_RODZICE (IMIE_UCZEN,NAZWISKO_UCZEN,IMIE_RODZIC,NAZWISKO_RODZIC) values ('Sylwia','Kowalczyk','Hanna','Kowalczyk');
Insert into PROJEKT_OSWIECIMSKA_SPYTKOWSKA_GLOD.UCZEN_I_RODZICE (IMIE_UCZEN,NAZWISKO_UCZEN,IMIE_RODZIC,NAZWISKO_RODZIC) values ('Barbara','Kowalewska','Adam','Kowalewski');
Insert into PROJEKT_OSWIECIMSKA_SPYTKOWSKA_GLOD.UCZEN_I_RODZICE (IMIE_UCZEN,NAZWISKO_UCZEN,IMIE_RODZIC,NAZWISKO_RODZIC) values ('Jaros³aw','Kowalik','Edmund','Kowalik');
Insert into PROJEKT_OSWIECIMSKA_SPYTKOWSKA_GLOD.UCZEN_I_RODZICE (IMIE_UCZEN,NAZWISKO_UCZEN,IMIE_RODZIC,NAZWISKO_RODZIC) values ('Waleria','Kowalik','Edmund','Kowalik');
Insert into PROJEKT_OSWIECIMSKA_SPYTKOWSKA_GLOD.UCZEN_I_RODZICE (IMIE_UCZEN,NAZWISKO_UCZEN,IMIE_RODZIC,NAZWISKO_RODZIC) values ('Julia','Kowalska','Katarzyna','Kowalska');
Insert into PROJEKT_OSWIECIMSKA_SPYTKOWSKA_GLOD.UCZEN_I_RODZICE (IMIE_UCZEN,NAZWISKO_UCZEN,IMIE_RODZIC,NAZWISKO_RODZIC) values ('Marcin','Kowalski','Jan','Kowalski');
Insert into PROJEKT_OSWIECIMSKA_SPYTKOWSKA_GLOD.UCZEN_I_RODZICE (IMIE_UCZEN,NAZWISKO_UCZEN,IMIE_RODZIC,NAZWISKO_RODZIC) values ('Regina','Kozio³','Boles³awa','Kozio³');
Insert into PROJEKT_OSWIECIMSKA_SPYTKOWSKA_GLOD.UCZEN_I_RODZICE (IMIE_UCZEN,NAZWISKO_UCZEN,IMIE_RODZIC,NAZWISKO_RODZIC) values ('Regina','Kozio³','Jakub','Kozio³');
Insert into PROJEKT_OSWIECIMSKA_SPYTKOWSKA_GLOD.UCZEN_I_RODZICE (IMIE_UCZEN,NAZWISKO_UCZEN,IMIE_RODZIC,NAZWISKO_RODZIC) values ('Kinga','Koz³owska','Barbara','Koz³owska');
Insert into PROJEKT_OSWIECIMSKA_SPYTKOWSKA_GLOD.UCZEN_I_RODZICE (IMIE_UCZEN,NAZWISKO_UCZEN,IMIE_RODZIC,NAZWISKO_RODZIC) values ('Klaudia','Kracik','Andrzej','Kracik');
Insert into PROJEKT_OSWIECIMSKA_SPYTKOWSKA_GLOD.UCZEN_I_RODZICE (IMIE_UCZEN,NAZWISKO_UCZEN,IMIE_RODZIC,NAZWISKO_RODZIC) values ('Darek','Krasnal','Micha³','Krasnal');
Insert into PROJEKT_OSWIECIMSKA_SPYTKOWSKA_GLOD.UCZEN_I_RODZICE (IMIE_UCZEN,NAZWISKO_UCZEN,IMIE_RODZIC,NAZWISKO_RODZIC) values ('Diana','Kruk','Marta','Kruk');
Insert into PROJEKT_OSWIECIMSKA_SPYTKOWSKA_GLOD.UCZEN_I_RODZICE (IMIE_UCZEN,NAZWISKO_UCZEN,IMIE_RODZIC,NAZWISKO_RODZIC) values ('Mateusz','Kurczak','Krzysztof','Kurczak');
Insert into PROJEKT_OSWIECIMSKA_SPYTKOWSKA_GLOD.UCZEN_I_RODZICE (IMIE_UCZEN,NAZWISKO_UCZEN,IMIE_RODZIC,NAZWISKO_RODZIC) values ('Marianna','Kurek','Klaudia','Kurek');
Insert into PROJEKT_OSWIECIMSKA_SPYTKOWSKA_GLOD.UCZEN_I_RODZICE (IMIE_UCZEN,NAZWISKO_UCZEN,IMIE_RODZIC,NAZWISKO_RODZIC) values ('Katarzyna','Laska','Antoni','Laska');
Insert into PROJEKT_OSWIECIMSKA_SPYTKOWSKA_GLOD.UCZEN_I_RODZICE (IMIE_UCZEN,NAZWISKO_UCZEN,IMIE_RODZIC,NAZWISKO_RODZIC) values ('Florian','Lewandowski','Olaf','Lewandowski');
Insert into PROJEKT_OSWIECIMSKA_SPYTKOWSKA_GLOD.UCZEN_I_RODZICE (IMIE_UCZEN,NAZWISKO_UCZEN,IMIE_RODZIC,NAZWISKO_RODZIC) values ('Kamil','Lewandowski','Olaf','Lewandowski');
Insert into PROJEKT_OSWIECIMSKA_SPYTKOWSKA_GLOD.UCZEN_I_RODZICE (IMIE_UCZEN,NAZWISKO_UCZEN,IMIE_RODZIC,NAZWISKO_RODZIC) values ('Florian','Lewandowski','Olaf','Lewandowski');
Insert into PROJEKT_OSWIECIMSKA_SPYTKOWSKA_GLOD.UCZEN_I_RODZICE (IMIE_UCZEN,NAZWISKO_UCZEN,IMIE_RODZIC,NAZWISKO_RODZIC) values ('Krzysztof','Lipiñski','Leszek','Lipiñski');
Insert into PROJEKT_OSWIECIMSKA_SPYTKOWSKA_GLOD.UCZEN_I_RODZICE (IMIE_UCZEN,NAZWISKO_UCZEN,IMIE_RODZIC,NAZWISKO_RODZIC) values ('Krzysztof','Lipiñski','Halina','Lipiñska');
Insert into PROJEKT_OSWIECIMSKA_SPYTKOWSKA_GLOD.UCZEN_I_RODZICE (IMIE_UCZEN,NAZWISKO_UCZEN,IMIE_RODZIC,NAZWISKO_RODZIC) values ('Mateusz','Majewski','Edward','Majewski');
Insert into PROJEKT_OSWIECIMSKA_SPYTKOWSKA_GLOD.UCZEN_I_RODZICE (IMIE_UCZEN,NAZWISKO_UCZEN,IMIE_RODZIC,NAZWISKO_RODZIC) values ('Mateusz','Majewski','Lilianna','Majewska');
Insert into PROJEKT_OSWIECIMSKA_SPYTKOWSKA_GLOD.UCZEN_I_RODZICE (IMIE_UCZEN,NAZWISKO_UCZEN,IMIE_RODZIC,NAZWISKO_RODZIC) values ('Agnieszka','Malinowska','Jolanta','Malinowska');
Insert into PROJEKT_OSWIECIMSKA_SPYTKOWSKA_GLOD.UCZEN_I_RODZICE (IMIE_UCZEN,NAZWISKO_UCZEN,IMIE_RODZIC,NAZWISKO_RODZIC) values ('Kacper','Malinowski','Adam','Malinowski');
Insert into PROJEKT_OSWIECIMSKA_SPYTKOWSKA_GLOD.UCZEN_I_RODZICE (IMIE_UCZEN,NAZWISKO_UCZEN,IMIE_RODZIC,NAZWISKO_RODZIC) values ('Agnieszka','Mazur','Stefan','Mazur');
Insert into PROJEKT_OSWIECIMSKA_SPYTKOWSKA_GLOD.UCZEN_I_RODZICE (IMIE_UCZEN,NAZWISKO_UCZEN,IMIE_RODZIC,NAZWISKO_RODZIC) values ('Mateusz','Michalski','Zdzis³awa','Michalska');
Insert into PROJEKT_OSWIECIMSKA_SPYTKOWSKA_GLOD.UCZEN_I_RODZICE (IMIE_UCZEN,NAZWISKO_UCZEN,IMIE_RODZIC,NAZWISKO_RODZIC) values ('Karolina','Nowak','Anna','Nowak');
Insert into PROJEKT_OSWIECIMSKA_SPYTKOWSKA_GLOD.UCZEN_I_RODZICE (IMIE_UCZEN,NAZWISKO_UCZEN,IMIE_RODZIC,NAZWISKO_RODZIC) values ('Miko³aj','Nowak','Janina','Nowak');
Insert into PROJEKT_OSWIECIMSKA_SPYTKOWSKA_GLOD.UCZEN_I_RODZICE (IMIE_UCZEN,NAZWISKO_UCZEN,IMIE_RODZIC,NAZWISKO_RODZIC) values ('Tomasz','Nowak','Anna','Nowak');
Insert into PROJEKT_OSWIECIMSKA_SPYTKOWSKA_GLOD.UCZEN_I_RODZICE (IMIE_UCZEN,NAZWISKO_UCZEN,IMIE_RODZIC,NAZWISKO_RODZIC) values ('Magdalena','Nowakowski','Adam','Nowakowski');
Insert into PROJEKT_OSWIECIMSKA_SPYTKOWSKA_GLOD.UCZEN_I_RODZICE (IMIE_UCZEN,NAZWISKO_UCZEN,IMIE_RODZIC,NAZWISKO_RODZIC) values ('Sylwia','Pawlak','Wiktoria','Pawlak');
Insert into PROJEKT_OSWIECIMSKA_SPYTKOWSKA_GLOD.UCZEN_I_RODZICE (IMIE_UCZEN,NAZWISKO_UCZEN,IMIE_RODZIC,NAZWISKO_RODZIC) values ('Igor','Paw³owski','Janina','Paw³owska');
Insert into PROJEKT_OSWIECIMSKA_SPYTKOWSKA_GLOD.UCZEN_I_RODZICE (IMIE_UCZEN,NAZWISKO_UCZEN,IMIE_RODZIC,NAZWISKO_RODZIC) values ('Igor','Paw³owski','Ernest','Paw³owski');
Insert into PROJEKT_OSWIECIMSKA_SPYTKOWSKA_GLOD.UCZEN_I_RODZICE (IMIE_UCZEN,NAZWISKO_UCZEN,IMIE_RODZIC,NAZWISKO_RODZIC) values ('Ró¿a','Pi¹tek','Konrad','Pi¹tek');
Insert into PROJEKT_OSWIECIMSKA_SPYTKOWSKA_GLOD.UCZEN_I_RODZICE (IMIE_UCZEN,NAZWISKO_UCZEN,IMIE_RODZIC,NAZWISKO_RODZIC) values ('Krzysztof','Pi¹tek','Konrad','Pi¹tek');
Insert into PROJEKT_OSWIECIMSKA_SPYTKOWSKA_GLOD.UCZEN_I_RODZICE (IMIE_UCZEN,NAZWISKO_UCZEN,IMIE_RODZIC,NAZWISKO_RODZIC) values ('Jan','Rafacz','Piotr','Rafacz');
Insert into PROJEKT_OSWIECIMSKA_SPYTKOWSKA_GLOD.UCZEN_I_RODZICE (IMIE_UCZEN,NAZWISKO_UCZEN,IMIE_RODZIC,NAZWISKO_RODZIC) values ('Marek','Skoczyk','Eliza','Skoczyk');
Insert into PROJEKT_OSWIECIMSKA_SPYTKOWSKA_GLOD.UCZEN_I_RODZICE (IMIE_UCZEN,NAZWISKO_UCZEN,IMIE_RODZIC,NAZWISKO_RODZIC) values ('Dominik','Sowa','Pelagia','Sowa');
Insert into PROJEKT_OSWIECIMSKA_SPYTKOWSKA_GLOD.UCZEN_I_RODZICE (IMIE_UCZEN,NAZWISKO_UCZEN,IMIE_RODZIC,NAZWISKO_RODZIC) values ('Magdalena','Sowa','Pelagia','Sowa');
Insert into PROJEKT_OSWIECIMSKA_SPYTKOWSKA_GLOD.UCZEN_I_RODZICE (IMIE_UCZEN,NAZWISKO_UCZEN,IMIE_RODZIC,NAZWISKO_RODZIC) values ('Patrycja','Œliwiñska','Leokadia','Œliwiñska');
Insert into PROJEKT_OSWIECIMSKA_SPYTKOWSKA_GLOD.UCZEN_I_RODZICE (IMIE_UCZEN,NAZWISKO_UCZEN,IMIE_RODZIC,NAZWISKO_RODZIC) values ('Julia','Œliwiñska','Bogus³aw','Œliwiñski');
Insert into PROJEKT_OSWIECIMSKA_SPYTKOWSKA_GLOD.UCZEN_I_RODZICE (IMIE_UCZEN,NAZWISKO_UCZEN,IMIE_RODZIC,NAZWISKO_RODZIC) values ('Ewa','Œliwiñska','Leokadia','Œliwiñska');
Insert into PROJEKT_OSWIECIMSKA_SPYTKOWSKA_GLOD.UCZEN_I_RODZICE (IMIE_UCZEN,NAZWISKO_UCZEN,IMIE_RODZIC,NAZWISKO_RODZIC) values ('Adrian','Œliwiñski','Leokadia','Œliwiñska');
Insert into PROJEKT_OSWIECIMSKA_SPYTKOWSKA_GLOD.UCZEN_I_RODZICE (IMIE_UCZEN,NAZWISKO_UCZEN,IMIE_RODZIC,NAZWISKO_RODZIC) values ('Mateusz','Tomala','Zbigniew','Tomala');
Insert into PROJEKT_OSWIECIMSKA_SPYTKOWSKA_GLOD.UCZEN_I_RODZICE (IMIE_UCZEN,NAZWISKO_UCZEN,IMIE_RODZIC,NAZWISKO_RODZIC) values ('Antonina','Trzmiel','Cezary','Trzmiel');
Insert into PROJEKT_OSWIECIMSKA_SPYTKOWSKA_GLOD.UCZEN_I_RODZICE (IMIE_UCZEN,NAZWISKO_UCZEN,IMIE_RODZIC,NAZWISKO_RODZIC) values ('Magdalena','Wiœniewska','Mateusz','Wiœniewski');
Insert into PROJEKT_OSWIECIMSKA_SPYTKOWSKA_GLOD.UCZEN_I_RODZICE (IMIE_UCZEN,NAZWISKO_UCZEN,IMIE_RODZIC,NAZWISKO_RODZIC) values ('Ludwik','Wiœniewski','Piotr','Wiœniewski');
Insert into PROJEKT_OSWIECIMSKA_SPYTKOWSKA_GLOD.UCZEN_I_RODZICE (IMIE_UCZEN,NAZWISKO_UCZEN,IMIE_RODZIC,NAZWISKO_RODZIC) values ('Krzysztof','Witkowski','Grzegorz','Witkowski');
Insert into PROJEKT_OSWIECIMSKA_SPYTKOWSKA_GLOD.UCZEN_I_RODZICE (IMIE_UCZEN,NAZWISKO_UCZEN,IMIE_RODZIC,NAZWISKO_RODZIC) values ('Jakub','W³odarczyk','Julia','W³odarczyk');
Insert into PROJEKT_OSWIECIMSKA_SPYTKOWSKA_GLOD.UCZEN_I_RODZICE (IMIE_UCZEN,NAZWISKO_UCZEN,IMIE_RODZIC,NAZWISKO_RODZIC) values ('Albina','Wojciechowska','Mateusz','Wojciechowski');
Insert into PROJEKT_OSWIECIMSKA_SPYTKOWSKA_GLOD.UCZEN_I_RODZICE (IMIE_UCZEN,NAZWISKO_UCZEN,IMIE_RODZIC,NAZWISKO_RODZIC) values ('Jakub','Wojciechowski','Natalia','Wojciechowska');
Insert into PROJEKT_OSWIECIMSKA_SPYTKOWSKA_GLOD.UCZEN_I_RODZICE (IMIE_UCZEN,NAZWISKO_UCZEN,IMIE_RODZIC,NAZWISKO_RODZIC) values ('Jakub','Wojciechowski','Mateusz','Wojciechowski');
Insert into PROJEKT_OSWIECIMSKA_SPYTKOWSKA_GLOD.UCZEN_I_RODZICE (IMIE_UCZEN,NAZWISKO_UCZEN,IMIE_RODZIC,NAZWISKO_RODZIC) values ('Mateusz','Wojciechowski','Tomasz','Wojciechowski');
Insert into PROJEKT_OSWIECIMSKA_SPYTKOWSKA_GLOD.UCZEN_I_RODZICE (IMIE_UCZEN,NAZWISKO_UCZEN,IMIE_RODZIC,NAZWISKO_RODZIC) values ('Karol','Wójcik','Magdalena','Wójcik');
Insert into PROJEKT_OSWIECIMSKA_SPYTKOWSKA_GLOD.UCZEN_I_RODZICE (IMIE_UCZEN,NAZWISKO_UCZEN,IMIE_RODZIC,NAZWISKO_RODZIC) values ('Dominik','Wróbel','Marta','Wróbel');
Insert into PROJEKT_OSWIECIMSKA_SPYTKOWSKA_GLOD.UCZEN_I_RODZICE (IMIE_UCZEN,NAZWISKO_UCZEN,IMIE_RODZIC,NAZWISKO_RODZIC) values ('Zbigniew','¯aba','Franciszek','¯aba');
REM INSERTING into PROJEKT_OSWIECIMSKA_SPYTKOWSKA_GLOD.UCZNIOWIE_WYBRANY_KOD_POCZTOWY
SET DEFINE OFF;
Insert into PROJEKT_OSWIECIMSKA_SPYTKOWSKA_GLOD.UCZNIOWIE_WYBRANY_KOD_POCZTOWY (IMIE_UCZEN,NAZWISKO_UCZEN,KOD_POCZTOWY) values ('Julia','Kott','31-203');
Insert into PROJEKT_OSWIECIMSKA_SPYTKOWSKA_GLOD.UCZNIOWIE_WYBRANY_KOD_POCZTOWY (IMIE_UCZEN,NAZWISKO_UCZEN,KOD_POCZTOWY) values ('Adrian','Œliwiñski','31-203');
REM INSERTING into PROJEKT_OSWIECIMSKA_SPYTKOWSKA_GLOD.UCZNIOWIE_Z_WYBRANYCH_ULIC
SET DEFINE OFF;
Insert into PROJEKT_OSWIECIMSKA_SPYTKOWSKA_GLOD.UCZNIOWIE_Z_WYBRANYCH_ULIC (IMIE_UCZEN,NAZWISKO_UCZEN,ULICA) values ('Kamil','Jankowski','Karmelicka');
Insert into PROJEKT_OSWIECIMSKA_SPYTKOWSKA_GLOD.UCZNIOWIE_Z_WYBRANYCH_ULIC (IMIE_UCZEN,NAZWISKO_UCZEN,ULICA) values ('Kamil','Lewandowski','Karmelicka');
Insert into PROJEKT_OSWIECIMSKA_SPYTKOWSKA_GLOD.UCZNIOWIE_Z_WYBRANYCH_ULIC (IMIE_UCZEN,NAZWISKO_UCZEN,ULICA) values ('Adrian','Fr¹czczak','Pustelnika');
Insert into PROJEKT_OSWIECIMSKA_SPYTKOWSKA_GLOD.UCZNIOWIE_Z_WYBRANYCH_ULIC (IMIE_UCZEN,NAZWISKO_UCZEN,ULICA) values ('Barbara','Kowalewska','Pustelnika');
--------------------------------------------------------
--  DDL for Index PK_ID_ADRES
--------------------------------------------------------

  CREATE UNIQUE INDEX "PROJEKT_OSWIECIMSKA_SPYTKOWSKA_GLOD"."PK_ID_ADRES" ON "PROJEKT_OSWIECIMSKA_SPYTKOWSKA_GLOD"."ADRES" ("ID_ADRES") 
  PCTFREE 10 INITRANS 2 MAXTRANS 255 COMPUTE STATISTICS 
  STORAGE(INITIAL 65536 NEXT 1048576 MINEXTENTS 1 MAXEXTENTS 2147483645
  PCTINCREASE 0 FREELISTS 1 FREELIST GROUPS 1
  BUFFER_POOL DEFAULT FLASH_CACHE DEFAULT CELL_FLASH_CACHE DEFAULT)
  TABLESPACE "STUDENTS1" ;
--------------------------------------------------------
--  DDL for Index PK_ID_FUNKCJA
--------------------------------------------------------

  CREATE UNIQUE INDEX "PROJEKT_OSWIECIMSKA_SPYTKOWSKA_GLOD"."PK_ID_FUNKCJA" ON "PROJEKT_OSWIECIMSKA_SPYTKOWSKA_GLOD"."FUNKCJA" ("ID_FUNKCJA") 
  PCTFREE 10 INITRANS 2 MAXTRANS 255 COMPUTE STATISTICS 
  STORAGE(INITIAL 65536 NEXT 1048576 MINEXTENTS 1 MAXEXTENTS 2147483645
  PCTINCREASE 0 FREELISTS 1 FREELIST GROUPS 1
  BUFFER_POOL DEFAULT FLASH_CACHE DEFAULT CELL_FLASH_CACHE DEFAULT)
  TABLESPACE "STUDENTS1" ;
--------------------------------------------------------
--  DDL for Index PK_ID_GRUPA
--------------------------------------------------------

  CREATE UNIQUE INDEX "PROJEKT_OSWIECIMSKA_SPYTKOWSKA_GLOD"."PK_ID_GRUPA" ON "PROJEKT_OSWIECIMSKA_SPYTKOWSKA_GLOD"."GRUPY" ("ID_GRUPA") 
  PCTFREE 10 INITRANS 2 MAXTRANS 255 COMPUTE STATISTICS 
  STORAGE(INITIAL 65536 NEXT 1048576 MINEXTENTS 1 MAXEXTENTS 2147483645
  PCTINCREASE 0 FREELISTS 1 FREELIST GROUPS 1
  BUFFER_POOL DEFAULT FLASH_CACHE DEFAULT CELL_FLASH_CACHE DEFAULT)
  TABLESPACE "STUDENTS1" ;
--------------------------------------------------------
--  DDL for Index PK_ID_KLASA
--------------------------------------------------------

  CREATE UNIQUE INDEX "PROJEKT_OSWIECIMSKA_SPYTKOWSKA_GLOD"."PK_ID_KLASA" ON "PROJEKT_OSWIECIMSKA_SPYTKOWSKA_GLOD"."KLASY" ("ID_KLASA") 
  PCTFREE 10 INITRANS 2 MAXTRANS 255 COMPUTE STATISTICS 
  STORAGE(INITIAL 65536 NEXT 1048576 MINEXTENTS 1 MAXEXTENTS 2147483645
  PCTINCREASE 0 FREELISTS 1 FREELIST GROUPS 1
  BUFFER_POOL DEFAULT FLASH_CACHE DEFAULT CELL_FLASH_CACHE DEFAULT)
  TABLESPACE "STUDENTS1" ;
--------------------------------------------------------
--  DDL for Index PK_ID_KLASA_GRUPA_UCZEN
--------------------------------------------------------

  CREATE UNIQUE INDEX "PROJEKT_OSWIECIMSKA_SPYTKOWSKA_GLOD"."PK_ID_KLASA_GRUPA_UCZEN" ON "PROJEKT_OSWIECIMSKA_SPYTKOWSKA_GLOD"."KLASA_GRUPA_UCZEN" ("ID_KLASA_GRUPA_UCZEN") 
  PCTFREE 10 INITRANS 2 MAXTRANS 255 COMPUTE STATISTICS 
  STORAGE(INITIAL 65536 NEXT 1048576 MINEXTENTS 1 MAXEXTENTS 2147483645
  PCTINCREASE 0 FREELISTS 1 FREELIST GROUPS 1
  BUFFER_POOL DEFAULT FLASH_CACHE DEFAULT CELL_FLASH_CACHE DEFAULT)
  TABLESPACE "STUDENTS1" ;
--------------------------------------------------------
--  DDL for Index PK_ID_LEKCJA
--------------------------------------------------------

  CREATE UNIQUE INDEX "PROJEKT_OSWIECIMSKA_SPYTKOWSKA_GLOD"."PK_ID_LEKCJA" ON "PROJEKT_OSWIECIMSKA_SPYTKOWSKA_GLOD"."LEKCJE" ("ID_LEKCJA") 
  PCTFREE 10 INITRANS 2 MAXTRANS 255 COMPUTE STATISTICS 
  STORAGE(INITIAL 65536 NEXT 1048576 MINEXTENTS 1 MAXEXTENTS 2147483645
  PCTINCREASE 0 FREELISTS 1 FREELIST GROUPS 1
  BUFFER_POOL DEFAULT FLASH_CACHE DEFAULT CELL_FLASH_CACHE DEFAULT)
  TABLESPACE "STUDENTS1" ;
--------------------------------------------------------
--  DDL for Index PK_ID_NAUCZ_PRZEDM_KLASA
--------------------------------------------------------

  CREATE UNIQUE INDEX "PROJEKT_OSWIECIMSKA_SPYTKOWSKA_GLOD"."PK_ID_NAUCZ_PRZEDM_KLASA" ON "PROJEKT_OSWIECIMSKA_SPYTKOWSKA_GLOD"."NAUCZ_PRZEDM_KLASA" ("ID_NAUCZ_PRZEDM_KLASA") 
  PCTFREE 10 INITRANS 2 MAXTRANS 255 COMPUTE STATISTICS 
  STORAGE(INITIAL 65536 NEXT 1048576 MINEXTENTS 1 MAXEXTENTS 2147483645
  PCTINCREASE 0 FREELISTS 1 FREELIST GROUPS 1
  BUFFER_POOL DEFAULT FLASH_CACHE DEFAULT CELL_FLASH_CACHE DEFAULT)
  TABLESPACE "STUDENTS1" ;
--------------------------------------------------------
--  DDL for Index PK_ID_NAUCZYCIEL
--------------------------------------------------------

  CREATE UNIQUE INDEX "PROJEKT_OSWIECIMSKA_SPYTKOWSKA_GLOD"."PK_ID_NAUCZYCIEL" ON "PROJEKT_OSWIECIMSKA_SPYTKOWSKA_GLOD"."NAUCZYCIELE" ("ID_NAUCZYCIEL") 
  PCTFREE 10 INITRANS 2 MAXTRANS 255 COMPUTE STATISTICS 
  STORAGE(INITIAL 65536 NEXT 1048576 MINEXTENTS 1 MAXEXTENTS 2147483645
  PCTINCREASE 0 FREELISTS 1 FREELIST GROUPS 1
  BUFFER_POOL DEFAULT FLASH_CACHE DEFAULT CELL_FLASH_CACHE DEFAULT)
  TABLESPACE "STUDENTS1" ;
--------------------------------------------------------
--  DDL for Index PK_ID_OBECNOSC
--------------------------------------------------------

  CREATE UNIQUE INDEX "PROJEKT_OSWIECIMSKA_SPYTKOWSKA_GLOD"."PK_ID_OBECNOSC" ON "PROJEKT_OSWIECIMSKA_SPYTKOWSKA_GLOD"."OBECNOSCI" ("ID_KLASA_OBECNOSC") 
  PCTFREE 10 INITRANS 2 MAXTRANS 255 COMPUTE STATISTICS 
  STORAGE(INITIAL 65536 NEXT 1048576 MINEXTENTS 1 MAXEXTENTS 2147483645
  PCTINCREASE 0 FREELISTS 1 FREELIST GROUPS 1
  BUFFER_POOL DEFAULT FLASH_CACHE DEFAULT CELL_FLASH_CACHE DEFAULT)
  TABLESPACE "STUDENTS1" ;
--------------------------------------------------------
--  DDL for Index PK_ID_OCENA
--------------------------------------------------------

  CREATE UNIQUE INDEX "PROJEKT_OSWIECIMSKA_SPYTKOWSKA_GLOD"."PK_ID_OCENA" ON "PROJEKT_OSWIECIMSKA_SPYTKOWSKA_GLOD"."OCENY" ("ID_OCENA") 
  PCTFREE 10 INITRANS 2 MAXTRANS 255 COMPUTE STATISTICS 
  STORAGE(INITIAL 65536 NEXT 1048576 MINEXTENTS 1 MAXEXTENTS 2147483645
  PCTINCREASE 0 FREELISTS 1 FREELIST GROUPS 1
  BUFFER_POOL DEFAULT FLASH_CACHE DEFAULT CELL_FLASH_CACHE DEFAULT)
  TABLESPACE "STUDENTS1" ;
--------------------------------------------------------
--  DDL for Index PK_ID_OCENA_LOG
--------------------------------------------------------

  CREATE UNIQUE INDEX "PROJEKT_OSWIECIMSKA_SPYTKOWSKA_GLOD"."PK_ID_OCENA_LOG" ON "PROJEKT_OSWIECIMSKA_SPYTKOWSKA_GLOD"."OCENY_LOG" ("ID_OCENA") 
  PCTFREE 10 INITRANS 2 MAXTRANS 255 COMPUTE STATISTICS 
  STORAGE(INITIAL 65536 NEXT 1048576 MINEXTENTS 1 MAXEXTENTS 2147483645
  PCTINCREASE 0 FREELISTS 1 FREELIST GROUPS 1
  BUFFER_POOL DEFAULT FLASH_CACHE DEFAULT CELL_FLASH_CACHE DEFAULT)
  TABLESPACE "STUDENTS1" ;
--------------------------------------------------------
--  DDL for Index PK_ID_PRZEDMIOT
--------------------------------------------------------

  CREATE UNIQUE INDEX "PROJEKT_OSWIECIMSKA_SPYTKOWSKA_GLOD"."PK_ID_PRZEDMIOT" ON "PROJEKT_OSWIECIMSKA_SPYTKOWSKA_GLOD"."PRZEDMIOTY" ("ID_PRZEDMIOT") 
  PCTFREE 10 INITRANS 2 MAXTRANS 255 COMPUTE STATISTICS 
  STORAGE(INITIAL 65536 NEXT 1048576 MINEXTENTS 1 MAXEXTENTS 2147483645
  PCTINCREASE 0 FREELISTS 1 FREELIST GROUPS 1
  BUFFER_POOL DEFAULT FLASH_CACHE DEFAULT CELL_FLASH_CACHE DEFAULT)
  TABLESPACE "STUDENTS1" ;
--------------------------------------------------------
--  DDL for Index PK_ID_RODZAJ_OCENY
--------------------------------------------------------

  CREATE UNIQUE INDEX "PROJEKT_OSWIECIMSKA_SPYTKOWSKA_GLOD"."PK_ID_RODZAJ_OCENY" ON "PROJEKT_OSWIECIMSKA_SPYTKOWSKA_GLOD"."RODZAJ_OCENY" ("ID_RODZAJ_OCENY") 
  PCTFREE 10 INITRANS 2 MAXTRANS 255 COMPUTE STATISTICS 
  STORAGE(INITIAL 65536 NEXT 1048576 MINEXTENTS 1 MAXEXTENTS 2147483645
  PCTINCREASE 0 FREELISTS 1 FREELIST GROUPS 1
  BUFFER_POOL DEFAULT FLASH_CACHE DEFAULT CELL_FLASH_CACHE DEFAULT)
  TABLESPACE "STUDENTS1" ;
--------------------------------------------------------
--  DDL for Index PK_ID_RODZIC
--------------------------------------------------------

  CREATE UNIQUE INDEX "PROJEKT_OSWIECIMSKA_SPYTKOWSKA_GLOD"."PK_ID_RODZIC" ON "PROJEKT_OSWIECIMSKA_SPYTKOWSKA_GLOD"."RODZICE" ("ID_RODZIC") 
  PCTFREE 10 INITRANS 2 MAXTRANS 255 COMPUTE STATISTICS 
  STORAGE(INITIAL 65536 NEXT 1048576 MINEXTENTS 1 MAXEXTENTS 2147483645
  PCTINCREASE 0 FREELISTS 1 FREELIST GROUPS 1
  BUFFER_POOL DEFAULT FLASH_CACHE DEFAULT CELL_FLASH_CACHE DEFAULT)
  TABLESPACE "STUDENTS1" ;
--------------------------------------------------------
--  DDL for Index PK_ID_ROK_SZKOLNY
--------------------------------------------------------

  CREATE UNIQUE INDEX "PROJEKT_OSWIECIMSKA_SPYTKOWSKA_GLOD"."PK_ID_ROK_SZKOLNY" ON "PROJEKT_OSWIECIMSKA_SPYTKOWSKA_GLOD"."ROK_SZKOLNY" ("ID_ROK_SZKOLNY") 
  PCTFREE 10 INITRANS 2 MAXTRANS 255 COMPUTE STATISTICS 
  STORAGE(INITIAL 65536 NEXT 1048576 MINEXTENTS 1 MAXEXTENTS 2147483645
  PCTINCREASE 0 FREELISTS 1 FREELIST GROUPS 1
  BUFFER_POOL DEFAULT FLASH_CACHE DEFAULT CELL_FLASH_CACHE DEFAULT)
  TABLESPACE "STUDENTS1" ;
--------------------------------------------------------
--  DDL for Index PK_ID_SALA
--------------------------------------------------------

  CREATE UNIQUE INDEX "PROJEKT_OSWIECIMSKA_SPYTKOWSKA_GLOD"."PK_ID_SALA" ON "PROJEKT_OSWIECIMSKA_SPYTKOWSKA_GLOD"."SALE" ("ID_SALA") 
  PCTFREE 10 INITRANS 2 MAXTRANS 255 COMPUTE STATISTICS 
  STORAGE(INITIAL 65536 NEXT 1048576 MINEXTENTS 1 MAXEXTENTS 2147483645
  PCTINCREASE 0 FREELISTS 1 FREELIST GROUPS 1
  BUFFER_POOL DEFAULT FLASH_CACHE DEFAULT CELL_FLASH_CACHE DEFAULT)
  TABLESPACE "STUDENTS1" ;
--------------------------------------------------------
--  DDL for Index PK_ID_SALA_LEKCJA
--------------------------------------------------------

  CREATE UNIQUE INDEX "PROJEKT_OSWIECIMSKA_SPYTKOWSKA_GLOD"."PK_ID_SALA_LEKCJA" ON "PROJEKT_OSWIECIMSKA_SPYTKOWSKA_GLOD"."SALA_LEKCJA" ("ID_SALA_LEKCJA") 
  PCTFREE 10 INITRANS 2 MAXTRANS 255 COMPUTE STATISTICS 
  STORAGE(INITIAL 65536 NEXT 1048576 MINEXTENTS 1 MAXEXTENTS 2147483645
  PCTINCREASE 0 FREELISTS 1 FREELIST GROUPS 1
  BUFFER_POOL DEFAULT FLASH_CACHE DEFAULT CELL_FLASH_CACHE DEFAULT)
  TABLESPACE "STUDENTS1" ;
--------------------------------------------------------
--  DDL for Index PK_ID_STATUS
--------------------------------------------------------

  CREATE UNIQUE INDEX "PROJEKT_OSWIECIMSKA_SPYTKOWSKA_GLOD"."PK_ID_STATUS" ON "PROJEKT_OSWIECIMSKA_SPYTKOWSKA_GLOD"."STATUS" ("ID_STATUS") 
  PCTFREE 10 INITRANS 2 MAXTRANS 255 COMPUTE STATISTICS 
  STORAGE(INITIAL 65536 NEXT 1048576 MINEXTENTS 1 MAXEXTENTS 2147483645
  PCTINCREASE 0 FREELISTS 1 FREELIST GROUPS 1
  BUFFER_POOL DEFAULT FLASH_CACHE DEFAULT CELL_FLASH_CACHE DEFAULT)
  TABLESPACE "STUDENTS1" ;
--------------------------------------------------------
--  DDL for Index PK_ID_STATUS_UCZEN
--------------------------------------------------------

  CREATE UNIQUE INDEX "PROJEKT_OSWIECIMSKA_SPYTKOWSKA_GLOD"."PK_ID_STATUS_UCZEN" ON "PROJEKT_OSWIECIMSKA_SPYTKOWSKA_GLOD"."STATUS_UCZEN" ("ID_STATUS_UCZEN") 
  PCTFREE 10 INITRANS 2 MAXTRANS 255 COMPUTE STATISTICS 
  STORAGE(INITIAL 65536 NEXT 1048576 MINEXTENTS 1 MAXEXTENTS 2147483645
  PCTINCREASE 0 FREELISTS 1 FREELIST GROUPS 1
  BUFFER_POOL DEFAULT FLASH_CACHE DEFAULT CELL_FLASH_CACHE DEFAULT)
  TABLESPACE "STUDENTS1" ;
--------------------------------------------------------
--  DDL for Index PK_ID_SWIADECTWO
--------------------------------------------------------

  CREATE UNIQUE INDEX "PROJEKT_OSWIECIMSKA_SPYTKOWSKA_GLOD"."PK_ID_SWIADECTWO" ON "PROJEKT_OSWIECIMSKA_SPYTKOWSKA_GLOD"."SWIADECTWO" ("ID_SWIADECTWO") 
  PCTFREE 10 INITRANS 2 MAXTRANS 255 COMPUTE STATISTICS 
  STORAGE(INITIAL 65536 NEXT 1048576 MINEXTENTS 1 MAXEXTENTS 2147483645
  PCTINCREASE 0 FREELISTS 1 FREELIST GROUPS 1
  BUFFER_POOL DEFAULT FLASH_CACHE DEFAULT CELL_FLASH_CACHE DEFAULT)
  TABLESPACE "STUDENTS1" ;
--------------------------------------------------------
--  DDL for Index PK_ID_TYP_ZACHOWANIE
--------------------------------------------------------

  CREATE UNIQUE INDEX "PROJEKT_OSWIECIMSKA_SPYTKOWSKA_GLOD"."PK_ID_TYP_ZACHOWANIE" ON "PROJEKT_OSWIECIMSKA_SPYTKOWSKA_GLOD"."TYP_ZACHOWANIE" ("ID_TYP_ZACHOWANIE") 
  PCTFREE 10 INITRANS 2 MAXTRANS 255 COMPUTE STATISTICS 
  STORAGE(INITIAL 65536 NEXT 1048576 MINEXTENTS 1 MAXEXTENTS 2147483645
  PCTINCREASE 0 FREELISTS 1 FREELIST GROUPS 1
  BUFFER_POOL DEFAULT FLASH_CACHE DEFAULT CELL_FLASH_CACHE DEFAULT)
  TABLESPACE "STUDENTS1" ;
--------------------------------------------------------
--  DDL for Index PK_ID_UCZEN
--------------------------------------------------------

  CREATE UNIQUE INDEX "PROJEKT_OSWIECIMSKA_SPYTKOWSKA_GLOD"."PK_ID_UCZEN" ON "PROJEKT_OSWIECIMSKA_SPYTKOWSKA_GLOD"."UCZNIOWIE" ("ID_UCZEN") 
  PCTFREE 10 INITRANS 2 MAXTRANS 255 COMPUTE STATISTICS 
  STORAGE(INITIAL 65536 NEXT 1048576 MINEXTENTS 1 MAXEXTENTS 2147483645
  PCTINCREASE 0 FREELISTS 1 FREELIST GROUPS 1
  BUFFER_POOL DEFAULT FLASH_CACHE DEFAULT CELL_FLASH_CACHE DEFAULT)
  TABLESPACE "STUDENTS1" ;
--------------------------------------------------------
--  DDL for Index PK_ID_UCZEN_FUNKCJA
--------------------------------------------------------

  CREATE UNIQUE INDEX "PROJEKT_OSWIECIMSKA_SPYTKOWSKA_GLOD"."PK_ID_UCZEN_FUNKCJA" ON "PROJEKT_OSWIECIMSKA_SPYTKOWSKA_GLOD"."UCZEN_FUNKCJA" ("ID_UCZEN_FUNKCJA") 
  PCTFREE 10 INITRANS 2 MAXTRANS 255 COMPUTE STATISTICS 
  STORAGE(INITIAL 65536 NEXT 1048576 MINEXTENTS 1 MAXEXTENTS 2147483645
  PCTINCREASE 0 FREELISTS 1 FREELIST GROUPS 1
  BUFFER_POOL DEFAULT FLASH_CACHE DEFAULT CELL_FLASH_CACHE DEFAULT)
  TABLESPACE "STUDENTS1" ;
--------------------------------------------------------
--  DDL for Index PK_ID_UCZEN_KLASA
--------------------------------------------------------

  CREATE UNIQUE INDEX "PROJEKT_OSWIECIMSKA_SPYTKOWSKA_GLOD"."PK_ID_UCZEN_KLASA" ON "PROJEKT_OSWIECIMSKA_SPYTKOWSKA_GLOD"."UCZEN_KLASA" ("ID_UCZEN_KLASA") 
  PCTFREE 10 INITRANS 2 MAXTRANS 255 COMPUTE STATISTICS 
  STORAGE(INITIAL 65536 NEXT 1048576 MINEXTENTS 1 MAXEXTENTS 2147483645
  PCTINCREASE 0 FREELISTS 1 FREELIST GROUPS 1
  BUFFER_POOL DEFAULT FLASH_CACHE DEFAULT CELL_FLASH_CACHE DEFAULT)
  TABLESPACE "STUDENTS1" ;
--------------------------------------------------------
--  DDL for Index PK_ID_UCZEN_RODZIC
--------------------------------------------------------

  CREATE UNIQUE INDEX "PROJEKT_OSWIECIMSKA_SPYTKOWSKA_GLOD"."PK_ID_UCZEN_RODZIC" ON "PROJEKT_OSWIECIMSKA_SPYTKOWSKA_GLOD"."UCZEN_RODZIC" ("ID_UCZEN_RODZIC") 
  PCTFREE 10 INITRANS 2 MAXTRANS 255 COMPUTE STATISTICS 
  STORAGE(INITIAL 65536 NEXT 1048576 MINEXTENTS 1 MAXEXTENTS 2147483645
  PCTINCREASE 0 FREELISTS 1 FREELIST GROUPS 1
  BUFFER_POOL DEFAULT FLASH_CACHE DEFAULT CELL_FLASH_CACHE DEFAULT)
  TABLESPACE "STUDENTS1" ;
--------------------------------------------------------
--  DDL for Index PK_ID_ZACHOWANIE
--------------------------------------------------------

  CREATE UNIQUE INDEX "PROJEKT_OSWIECIMSKA_SPYTKOWSKA_GLOD"."PK_ID_ZACHOWANIE" ON "PROJEKT_OSWIECIMSKA_SPYTKOWSKA_GLOD"."ZACHOWANIE" ("ID_ZACHOWANIE") 
  PCTFREE 10 INITRANS 2 MAXTRANS 255 COMPUTE STATISTICS 
  STORAGE(INITIAL 65536 NEXT 1048576 MINEXTENTS 1 MAXEXTENTS 2147483645
  PCTINCREASE 0 FREELISTS 1 FREELIST GROUPS 1
  BUFFER_POOL DEFAULT FLASH_CACHE DEFAULT CELL_FLASH_CACHE DEFAULT)
  TABLESPACE "STUDENTS1" ;
--------------------------------------------------------
--  DDL for Index PK_ID_ADRES
--------------------------------------------------------

  CREATE UNIQUE INDEX "PROJEKT_OSWIECIMSKA_SPYTKOWSKA_GLOD"."PK_ID_ADRES" ON "PROJEKT_OSWIECIMSKA_SPYTKOWSKA_GLOD"."ADRES" ("ID_ADRES") 
  PCTFREE 10 INITRANS 2 MAXTRANS 255 COMPUTE STATISTICS 
  STORAGE(INITIAL 65536 NEXT 1048576 MINEXTENTS 1 MAXEXTENTS 2147483645
  PCTINCREASE 0 FREELISTS 1 FREELIST GROUPS 1
  BUFFER_POOL DEFAULT FLASH_CACHE DEFAULT CELL_FLASH_CACHE DEFAULT)
  TABLESPACE "STUDENTS1" ;
--------------------------------------------------------
--  DDL for Index PK_ID_FUNKCJA
--------------------------------------------------------

  CREATE UNIQUE INDEX "PROJEKT_OSWIECIMSKA_SPYTKOWSKA_GLOD"."PK_ID_FUNKCJA" ON "PROJEKT_OSWIECIMSKA_SPYTKOWSKA_GLOD"."FUNKCJA" ("ID_FUNKCJA") 
  PCTFREE 10 INITRANS 2 MAXTRANS 255 COMPUTE STATISTICS 
  STORAGE(INITIAL 65536 NEXT 1048576 MINEXTENTS 1 MAXEXTENTS 2147483645
  PCTINCREASE 0 FREELISTS 1 FREELIST GROUPS 1
  BUFFER_POOL DEFAULT FLASH_CACHE DEFAULT CELL_FLASH_CACHE DEFAULT)
  TABLESPACE "STUDENTS1" ;
--------------------------------------------------------
--  DDL for Index PK_ID_GRUPA
--------------------------------------------------------

  CREATE UNIQUE INDEX "PROJEKT_OSWIECIMSKA_SPYTKOWSKA_GLOD"."PK_ID_GRUPA" ON "PROJEKT_OSWIECIMSKA_SPYTKOWSKA_GLOD"."GRUPY" ("ID_GRUPA") 
  PCTFREE 10 INITRANS 2 MAXTRANS 255 COMPUTE STATISTICS 
  STORAGE(INITIAL 65536 NEXT 1048576 MINEXTENTS 1 MAXEXTENTS 2147483645
  PCTINCREASE 0 FREELISTS 1 FREELIST GROUPS 1
  BUFFER_POOL DEFAULT FLASH_CACHE DEFAULT CELL_FLASH_CACHE DEFAULT)
  TABLESPACE "STUDENTS1" ;
--------------------------------------------------------
--  DDL for Index PK_ID_KLASA_GRUPA_UCZEN
--------------------------------------------------------

  CREATE UNIQUE INDEX "PROJEKT_OSWIECIMSKA_SPYTKOWSKA_GLOD"."PK_ID_KLASA_GRUPA_UCZEN" ON "PROJEKT_OSWIECIMSKA_SPYTKOWSKA_GLOD"."KLASA_GRUPA_UCZEN" ("ID_KLASA_GRUPA_UCZEN") 
  PCTFREE 10 INITRANS 2 MAXTRANS 255 COMPUTE STATISTICS 
  STORAGE(INITIAL 65536 NEXT 1048576 MINEXTENTS 1 MAXEXTENTS 2147483645
  PCTINCREASE 0 FREELISTS 1 FREELIST GROUPS 1
  BUFFER_POOL DEFAULT FLASH_CACHE DEFAULT CELL_FLASH_CACHE DEFAULT)
  TABLESPACE "STUDENTS1" ;
--------------------------------------------------------
--  DDL for Index PK_ID_KLASA
--------------------------------------------------------

  CREATE UNIQUE INDEX "PROJEKT_OSWIECIMSKA_SPYTKOWSKA_GLOD"."PK_ID_KLASA" ON "PROJEKT_OSWIECIMSKA_SPYTKOWSKA_GLOD"."KLASY" ("ID_KLASA") 
  PCTFREE 10 INITRANS 2 MAXTRANS 255 COMPUTE STATISTICS 
  STORAGE(INITIAL 65536 NEXT 1048576 MINEXTENTS 1 MAXEXTENTS 2147483645
  PCTINCREASE 0 FREELISTS 1 FREELIST GROUPS 1
  BUFFER_POOL DEFAULT FLASH_CACHE DEFAULT CELL_FLASH_CACHE DEFAULT)
  TABLESPACE "STUDENTS1" ;
--------------------------------------------------------
--  DDL for Index PK_ID_LEKCJA
--------------------------------------------------------

  CREATE UNIQUE INDEX "PROJEKT_OSWIECIMSKA_SPYTKOWSKA_GLOD"."PK_ID_LEKCJA" ON "PROJEKT_OSWIECIMSKA_SPYTKOWSKA_GLOD"."LEKCJE" ("ID_LEKCJA") 
  PCTFREE 10 INITRANS 2 MAXTRANS 255 COMPUTE STATISTICS 
  STORAGE(INITIAL 65536 NEXT 1048576 MINEXTENTS 1 MAXEXTENTS 2147483645
  PCTINCREASE 0 FREELISTS 1 FREELIST GROUPS 1
  BUFFER_POOL DEFAULT FLASH_CACHE DEFAULT CELL_FLASH_CACHE DEFAULT)
  TABLESPACE "STUDENTS1" ;
--------------------------------------------------------
--  DDL for Index PK_ID_NAUCZ_PRZEDM_KLASA
--------------------------------------------------------

  CREATE UNIQUE INDEX "PROJEKT_OSWIECIMSKA_SPYTKOWSKA_GLOD"."PK_ID_NAUCZ_PRZEDM_KLASA" ON "PROJEKT_OSWIECIMSKA_SPYTKOWSKA_GLOD"."NAUCZ_PRZEDM_KLASA" ("ID_NAUCZ_PRZEDM_KLASA") 
  PCTFREE 10 INITRANS 2 MAXTRANS 255 COMPUTE STATISTICS 
  STORAGE(INITIAL 65536 NEXT 1048576 MINEXTENTS 1 MAXEXTENTS 2147483645
  PCTINCREASE 0 FREELISTS 1 FREELIST GROUPS 1
  BUFFER_POOL DEFAULT FLASH_CACHE DEFAULT CELL_FLASH_CACHE DEFAULT)
  TABLESPACE "STUDENTS1" ;
--------------------------------------------------------
--  DDL for Index PK_ID_NAUCZYCIEL
--------------------------------------------------------

  CREATE UNIQUE INDEX "PROJEKT_OSWIECIMSKA_SPYTKOWSKA_GLOD"."PK_ID_NAUCZYCIEL" ON "PROJEKT_OSWIECIMSKA_SPYTKOWSKA_GLOD"."NAUCZYCIELE" ("ID_NAUCZYCIEL") 
  PCTFREE 10 INITRANS 2 MAXTRANS 255 COMPUTE STATISTICS 
  STORAGE(INITIAL 65536 NEXT 1048576 MINEXTENTS 1 MAXEXTENTS 2147483645
  PCTINCREASE 0 FREELISTS 1 FREELIST GROUPS 1
  BUFFER_POOL DEFAULT FLASH_CACHE DEFAULT CELL_FLASH_CACHE DEFAULT)
  TABLESPACE "STUDENTS1" ;
--------------------------------------------------------
--  DDL for Index PK_ID_OBECNOSC
--------------------------------------------------------

  CREATE UNIQUE INDEX "PROJEKT_OSWIECIMSKA_SPYTKOWSKA_GLOD"."PK_ID_OBECNOSC" ON "PROJEKT_OSWIECIMSKA_SPYTKOWSKA_GLOD"."OBECNOSCI" ("ID_KLASA_OBECNOSC") 
  PCTFREE 10 INITRANS 2 MAXTRANS 255 COMPUTE STATISTICS 
  STORAGE(INITIAL 65536 NEXT 1048576 MINEXTENTS 1 MAXEXTENTS 2147483645
  PCTINCREASE 0 FREELISTS 1 FREELIST GROUPS 1
  BUFFER_POOL DEFAULT FLASH_CACHE DEFAULT CELL_FLASH_CACHE DEFAULT)
  TABLESPACE "STUDENTS1" ;
--------------------------------------------------------
--  DDL for Index PK_ID_OCENA
--------------------------------------------------------

  CREATE UNIQUE INDEX "PROJEKT_OSWIECIMSKA_SPYTKOWSKA_GLOD"."PK_ID_OCENA" ON "PROJEKT_OSWIECIMSKA_SPYTKOWSKA_GLOD"."OCENY" ("ID_OCENA") 
  PCTFREE 10 INITRANS 2 MAXTRANS 255 COMPUTE STATISTICS 
  STORAGE(INITIAL 65536 NEXT 1048576 MINEXTENTS 1 MAXEXTENTS 2147483645
  PCTINCREASE 0 FREELISTS 1 FREELIST GROUPS 1
  BUFFER_POOL DEFAULT FLASH_CACHE DEFAULT CELL_FLASH_CACHE DEFAULT)
  TABLESPACE "STUDENTS1" ;
--------------------------------------------------------
--  DDL for Index PK_ID_OCENA_LOG
--------------------------------------------------------

  CREATE UNIQUE INDEX "PROJEKT_OSWIECIMSKA_SPYTKOWSKA_GLOD"."PK_ID_OCENA_LOG" ON "PROJEKT_OSWIECIMSKA_SPYTKOWSKA_GLOD"."OCENY_LOG" ("ID_OCENA") 
  PCTFREE 10 INITRANS 2 MAXTRANS 255 COMPUTE STATISTICS 
  STORAGE(INITIAL 65536 NEXT 1048576 MINEXTENTS 1 MAXEXTENTS 2147483645
  PCTINCREASE 0 FREELISTS 1 FREELIST GROUPS 1
  BUFFER_POOL DEFAULT FLASH_CACHE DEFAULT CELL_FLASH_CACHE DEFAULT)
  TABLESPACE "STUDENTS1" ;
--------------------------------------------------------
--  DDL for Index PK_ID_PRZEDMIOT
--------------------------------------------------------

  CREATE UNIQUE INDEX "PROJEKT_OSWIECIMSKA_SPYTKOWSKA_GLOD"."PK_ID_PRZEDMIOT" ON "PROJEKT_OSWIECIMSKA_SPYTKOWSKA_GLOD"."PRZEDMIOTY" ("ID_PRZEDMIOT") 
  PCTFREE 10 INITRANS 2 MAXTRANS 255 COMPUTE STATISTICS 
  STORAGE(INITIAL 65536 NEXT 1048576 MINEXTENTS 1 MAXEXTENTS 2147483645
  PCTINCREASE 0 FREELISTS 1 FREELIST GROUPS 1
  BUFFER_POOL DEFAULT FLASH_CACHE DEFAULT CELL_FLASH_CACHE DEFAULT)
  TABLESPACE "STUDENTS1" ;
--------------------------------------------------------
--  DDL for Index PK_ID_RODZAJ_OCENY
--------------------------------------------------------

  CREATE UNIQUE INDEX "PROJEKT_OSWIECIMSKA_SPYTKOWSKA_GLOD"."PK_ID_RODZAJ_OCENY" ON "PROJEKT_OSWIECIMSKA_SPYTKOWSKA_GLOD"."RODZAJ_OCENY" ("ID_RODZAJ_OCENY") 
  PCTFREE 10 INITRANS 2 MAXTRANS 255 COMPUTE STATISTICS 
  STORAGE(INITIAL 65536 NEXT 1048576 MINEXTENTS 1 MAXEXTENTS 2147483645
  PCTINCREASE 0 FREELISTS 1 FREELIST GROUPS 1
  BUFFER_POOL DEFAULT FLASH_CACHE DEFAULT CELL_FLASH_CACHE DEFAULT)
  TABLESPACE "STUDENTS1" ;
--------------------------------------------------------
--  DDL for Index PK_ID_RODZIC
--------------------------------------------------------

  CREATE UNIQUE INDEX "PROJEKT_OSWIECIMSKA_SPYTKOWSKA_GLOD"."PK_ID_RODZIC" ON "PROJEKT_OSWIECIMSKA_SPYTKOWSKA_GLOD"."RODZICE" ("ID_RODZIC") 
  PCTFREE 10 INITRANS 2 MAXTRANS 255 COMPUTE STATISTICS 
  STORAGE(INITIAL 65536 NEXT 1048576 MINEXTENTS 1 MAXEXTENTS 2147483645
  PCTINCREASE 0 FREELISTS 1 FREELIST GROUPS 1
  BUFFER_POOL DEFAULT FLASH_CACHE DEFAULT CELL_FLASH_CACHE DEFAULT)
  TABLESPACE "STUDENTS1" ;
--------------------------------------------------------
--  DDL for Index PK_ID_ROK_SZKOLNY
--------------------------------------------------------

  CREATE UNIQUE INDEX "PROJEKT_OSWIECIMSKA_SPYTKOWSKA_GLOD"."PK_ID_ROK_SZKOLNY" ON "PROJEKT_OSWIECIMSKA_SPYTKOWSKA_GLOD"."ROK_SZKOLNY" ("ID_ROK_SZKOLNY") 
  PCTFREE 10 INITRANS 2 MAXTRANS 255 COMPUTE STATISTICS 
  STORAGE(INITIAL 65536 NEXT 1048576 MINEXTENTS 1 MAXEXTENTS 2147483645
  PCTINCREASE 0 FREELISTS 1 FREELIST GROUPS 1
  BUFFER_POOL DEFAULT FLASH_CACHE DEFAULT CELL_FLASH_CACHE DEFAULT)
  TABLESPACE "STUDENTS1" ;
--------------------------------------------------------
--  DDL for Index PK_ID_SALA_LEKCJA
--------------------------------------------------------

  CREATE UNIQUE INDEX "PROJEKT_OSWIECIMSKA_SPYTKOWSKA_GLOD"."PK_ID_SALA_LEKCJA" ON "PROJEKT_OSWIECIMSKA_SPYTKOWSKA_GLOD"."SALA_LEKCJA" ("ID_SALA_LEKCJA") 
  PCTFREE 10 INITRANS 2 MAXTRANS 255 COMPUTE STATISTICS 
  STORAGE(INITIAL 65536 NEXT 1048576 MINEXTENTS 1 MAXEXTENTS 2147483645
  PCTINCREASE 0 FREELISTS 1 FREELIST GROUPS 1
  BUFFER_POOL DEFAULT FLASH_CACHE DEFAULT CELL_FLASH_CACHE DEFAULT)
  TABLESPACE "STUDENTS1" ;
--------------------------------------------------------
--  DDL for Index PK_ID_SALA
--------------------------------------------------------

  CREATE UNIQUE INDEX "PROJEKT_OSWIECIMSKA_SPYTKOWSKA_GLOD"."PK_ID_SALA" ON "PROJEKT_OSWIECIMSKA_SPYTKOWSKA_GLOD"."SALE" ("ID_SALA") 
  PCTFREE 10 INITRANS 2 MAXTRANS 255 COMPUTE STATISTICS 
  STORAGE(INITIAL 65536 NEXT 1048576 MINEXTENTS 1 MAXEXTENTS 2147483645
  PCTINCREASE 0 FREELISTS 1 FREELIST GROUPS 1
  BUFFER_POOL DEFAULT FLASH_CACHE DEFAULT CELL_FLASH_CACHE DEFAULT)
  TABLESPACE "STUDENTS1" ;
--------------------------------------------------------
--  DDL for Index PK_ID_STATUS
--------------------------------------------------------

  CREATE UNIQUE INDEX "PROJEKT_OSWIECIMSKA_SPYTKOWSKA_GLOD"."PK_ID_STATUS" ON "PROJEKT_OSWIECIMSKA_SPYTKOWSKA_GLOD"."STATUS" ("ID_STATUS") 
  PCTFREE 10 INITRANS 2 MAXTRANS 255 COMPUTE STATISTICS 
  STORAGE(INITIAL 65536 NEXT 1048576 MINEXTENTS 1 MAXEXTENTS 2147483645
  PCTINCREASE 0 FREELISTS 1 FREELIST GROUPS 1
  BUFFER_POOL DEFAULT FLASH_CACHE DEFAULT CELL_FLASH_CACHE DEFAULT)
  TABLESPACE "STUDENTS1" ;
--------------------------------------------------------
--  DDL for Index PK_ID_STATUS_UCZEN
--------------------------------------------------------

  CREATE UNIQUE INDEX "PROJEKT_OSWIECIMSKA_SPYTKOWSKA_GLOD"."PK_ID_STATUS_UCZEN" ON "PROJEKT_OSWIECIMSKA_SPYTKOWSKA_GLOD"."STATUS_UCZEN" ("ID_STATUS_UCZEN") 
  PCTFREE 10 INITRANS 2 MAXTRANS 255 COMPUTE STATISTICS 
  STORAGE(INITIAL 65536 NEXT 1048576 MINEXTENTS 1 MAXEXTENTS 2147483645
  PCTINCREASE 0 FREELISTS 1 FREELIST GROUPS 1
  BUFFER_POOL DEFAULT FLASH_CACHE DEFAULT CELL_FLASH_CACHE DEFAULT)
  TABLESPACE "STUDENTS1" ;
--------------------------------------------------------
--  DDL for Index PK_ID_SWIADECTWO
--------------------------------------------------------

  CREATE UNIQUE INDEX "PROJEKT_OSWIECIMSKA_SPYTKOWSKA_GLOD"."PK_ID_SWIADECTWO" ON "PROJEKT_OSWIECIMSKA_SPYTKOWSKA_GLOD"."SWIADECTWO" ("ID_SWIADECTWO") 
  PCTFREE 10 INITRANS 2 MAXTRANS 255 COMPUTE STATISTICS 
  STORAGE(INITIAL 65536 NEXT 1048576 MINEXTENTS 1 MAXEXTENTS 2147483645
  PCTINCREASE 0 FREELISTS 1 FREELIST GROUPS 1
  BUFFER_POOL DEFAULT FLASH_CACHE DEFAULT CELL_FLASH_CACHE DEFAULT)
  TABLESPACE "STUDENTS1" ;
--------------------------------------------------------
--  DDL for Index PK_ID_TYP_ZACHOWANIE
--------------------------------------------------------

  CREATE UNIQUE INDEX "PROJEKT_OSWIECIMSKA_SPYTKOWSKA_GLOD"."PK_ID_TYP_ZACHOWANIE" ON "PROJEKT_OSWIECIMSKA_SPYTKOWSKA_GLOD"."TYP_ZACHOWANIE" ("ID_TYP_ZACHOWANIE") 
  PCTFREE 10 INITRANS 2 MAXTRANS 255 COMPUTE STATISTICS 
  STORAGE(INITIAL 65536 NEXT 1048576 MINEXTENTS 1 MAXEXTENTS 2147483645
  PCTINCREASE 0 FREELISTS 1 FREELIST GROUPS 1
  BUFFER_POOL DEFAULT FLASH_CACHE DEFAULT CELL_FLASH_CACHE DEFAULT)
  TABLESPACE "STUDENTS1" ;
--------------------------------------------------------
--  DDL for Index PK_ID_UCZEN_FUNKCJA
--------------------------------------------------------

  CREATE UNIQUE INDEX "PROJEKT_OSWIECIMSKA_SPYTKOWSKA_GLOD"."PK_ID_UCZEN_FUNKCJA" ON "PROJEKT_OSWIECIMSKA_SPYTKOWSKA_GLOD"."UCZEN_FUNKCJA" ("ID_UCZEN_FUNKCJA") 
  PCTFREE 10 INITRANS 2 MAXTRANS 255 COMPUTE STATISTICS 
  STORAGE(INITIAL 65536 NEXT 1048576 MINEXTENTS 1 MAXEXTENTS 2147483645
  PCTINCREASE 0 FREELISTS 1 FREELIST GROUPS 1
  BUFFER_POOL DEFAULT FLASH_CACHE DEFAULT CELL_FLASH_CACHE DEFAULT)
  TABLESPACE "STUDENTS1" ;
--------------------------------------------------------
--  DDL for Index PK_ID_UCZEN_KLASA
--------------------------------------------------------

  CREATE UNIQUE INDEX "PROJEKT_OSWIECIMSKA_SPYTKOWSKA_GLOD"."PK_ID_UCZEN_KLASA" ON "PROJEKT_OSWIECIMSKA_SPYTKOWSKA_GLOD"."UCZEN_KLASA" ("ID_UCZEN_KLASA") 
  PCTFREE 10 INITRANS 2 MAXTRANS 255 COMPUTE STATISTICS 
  STORAGE(INITIAL 65536 NEXT 1048576 MINEXTENTS 1 MAXEXTENTS 2147483645
  PCTINCREASE 0 FREELISTS 1 FREELIST GROUPS 1
  BUFFER_POOL DEFAULT FLASH_CACHE DEFAULT CELL_FLASH_CACHE DEFAULT)
  TABLESPACE "STUDENTS1" ;
--------------------------------------------------------
--  DDL for Index PK_ID_UCZEN_RODZIC
--------------------------------------------------------

  CREATE UNIQUE INDEX "PROJEKT_OSWIECIMSKA_SPYTKOWSKA_GLOD"."PK_ID_UCZEN_RODZIC" ON "PROJEKT_OSWIECIMSKA_SPYTKOWSKA_GLOD"."UCZEN_RODZIC" ("ID_UCZEN_RODZIC") 
  PCTFREE 10 INITRANS 2 MAXTRANS 255 COMPUTE STATISTICS 
  STORAGE(INITIAL 65536 NEXT 1048576 MINEXTENTS 1 MAXEXTENTS 2147483645
  PCTINCREASE 0 FREELISTS 1 FREELIST GROUPS 1
  BUFFER_POOL DEFAULT FLASH_CACHE DEFAULT CELL_FLASH_CACHE DEFAULT)
  TABLESPACE "STUDENTS1" ;
--------------------------------------------------------
--  DDL for Index PK_ID_UCZEN
--------------------------------------------------------

  CREATE UNIQUE INDEX "PROJEKT_OSWIECIMSKA_SPYTKOWSKA_GLOD"."PK_ID_UCZEN" ON "PROJEKT_OSWIECIMSKA_SPYTKOWSKA_GLOD"."UCZNIOWIE" ("ID_UCZEN") 
  PCTFREE 10 INITRANS 2 MAXTRANS 255 COMPUTE STATISTICS 
  STORAGE(INITIAL 65536 NEXT 1048576 MINEXTENTS 1 MAXEXTENTS 2147483645
  PCTINCREASE 0 FREELISTS 1 FREELIST GROUPS 1
  BUFFER_POOL DEFAULT FLASH_CACHE DEFAULT CELL_FLASH_CACHE DEFAULT)
  TABLESPACE "STUDENTS1" ;
--------------------------------------------------------
--  DDL for Index PK_ID_ZACHOWANIE
--------------------------------------------------------

  CREATE UNIQUE INDEX "PROJEKT_OSWIECIMSKA_SPYTKOWSKA_GLOD"."PK_ID_ZACHOWANIE" ON "PROJEKT_OSWIECIMSKA_SPYTKOWSKA_GLOD"."ZACHOWANIE" ("ID_ZACHOWANIE") 
  PCTFREE 10 INITRANS 2 MAXTRANS 255 COMPUTE STATISTICS 
  STORAGE(INITIAL 65536 NEXT 1048576 MINEXTENTS 1 MAXEXTENTS 2147483645
  PCTINCREASE 0 FREELISTS 1 FREELIST GROUPS 1
  BUFFER_POOL DEFAULT FLASH_CACHE DEFAULT CELL_FLASH_CACHE DEFAULT)
  TABLESPACE "STUDENTS1" ;
--------------------------------------------------------
--  DDL for Trigger LOG_OCENA_DELETE
--------------------------------------------------------

  CREATE OR REPLACE EDITIONABLE TRIGGER "PROJEKT_OSWIECIMSKA_SPYTKOWSKA_GLOD"."LOG_OCENA_DELETE" 
AFTER DELETE ON oceny
FOR EACH ROW
BEGIN
INSERT INTO oceny_log (
id_ocena,
id_przedmiot,
ID_rodzaj_oceny,
wartosc_oceny,
id_nauczyciel,
id_uczen,
wymagana,
data_oceny,
data_wpisania,
data_modyfikacji,
log_operation
) VALUES (
:NEW.id_ocena,
:NEW.id_przedmiot,
:NEW.ID_rodzaj_oceny,
:NEW.wartosc_oceny,
:NEW.id_nauczyciel,
:NEW.id_uczen,
:NEW.wymagana,
:NEW.data_oceny,
:NEW.data_wpisania,
:NEW.data_modyfikacji,
'DELETE'
);
END;
/
ALTER TRIGGER "PROJEKT_OSWIECIMSKA_SPYTKOWSKA_GLOD"."LOG_OCENA_DELETE" ENABLE;
--------------------------------------------------------
--  DDL for Trigger LOG_OCENY_INSERT
--------------------------------------------------------

  CREATE OR REPLACE EDITIONABLE TRIGGER "PROJEKT_OSWIECIMSKA_SPYTKOWSKA_GLOD"."LOG_OCENY_INSERT" 
AFTER INSERT ON oceny
FOR EACH ROW
BEGIN
INSERT INTO oceny_log (
id_ocena,
id_przedmiot,
ID_rodzaj_oceny,
wartosc_oceny,
id_nauczyciel,
id_uczen,
wymagana,
data_oceny,
data_wpisania,
data_modyfikacji,
log_operation
) VALUES (
:NEW.id_ocena,
:NEW.id_przedmiot,
:NEW.ID_rodzaj_oceny,
:NEW.wartosc_oceny,
:NEW.id_nauczyciel,
:NEW.id_uczen,
:NEW.wymagana,
:NEW.data_oceny,
:NEW.data_wpisania,
:NEW.data_modyfikacji,
'nowa ocena insert'
);
END;
/
ALTER TRIGGER "PROJEKT_OSWIECIMSKA_SPYTKOWSKA_GLOD"."LOG_OCENY_INSERT" ENABLE;
--------------------------------------------------------
--  DDL for Trigger LOG_OCENY_UPDATE
--------------------------------------------------------

  CREATE OR REPLACE EDITIONABLE TRIGGER "PROJEKT_OSWIECIMSKA_SPYTKOWSKA_GLOD"."LOG_OCENY_UPDATE" 
AFTER UPDATE ON oceny
FOR EACH ROW 
BEGIN
INSERT INTO oceny_log (
id_ocena,
id_przedmiot,
ID_rodzaj_oceny,
wartosc_oceny,
id_nauczyciel,
id_uczen,
wymagana,
data_oceny,
data_wpisania,
data_modyfikacji,
log_operation
) VALUES (
:NEW.id_ocena,
:NEW.id_przedmiot,
:NEW.ID_rodzaj_oceny,
:NEW.wartosc_oceny,
:NEW.id_nauczyciel,
:NEW.id_uczen,
:NEW.wymagana,
:NEW.data_oceny,
:NEW.data_wpisania,
:NEW.data_modyfikacji,
'UPDATE oceny');
END;
/
ALTER TRIGGER "PROJEKT_OSWIECIMSKA_SPYTKOWSKA_GLOD"."LOG_OCENY_UPDATE" ENABLE;
--------------------------------------------------------
--  DDL for Trigger LOG_OCENY_INSERT
--------------------------------------------------------

  CREATE OR REPLACE EDITIONABLE TRIGGER "PROJEKT_OSWIECIMSKA_SPYTKOWSKA_GLOD"."LOG_OCENY_INSERT" 
AFTER INSERT ON oceny
FOR EACH ROW
BEGIN
INSERT INTO oceny_log (
id_ocena,
id_przedmiot,
ID_rodzaj_oceny,
wartosc_oceny,
id_nauczyciel,
id_uczen,
wymagana,
data_oceny,
data_wpisania,
data_modyfikacji,
log_operation
) VALUES (
:NEW.id_ocena,
:NEW.id_przedmiot,
:NEW.ID_rodzaj_oceny,
:NEW.wartosc_oceny,
:NEW.id_nauczyciel,
:NEW.id_uczen,
:NEW.wymagana,
:NEW.data_oceny,
:NEW.data_wpisania,
:NEW.data_modyfikacji,
'nowa ocena insert'
);
END;
/
ALTER TRIGGER "PROJEKT_OSWIECIMSKA_SPYTKOWSKA_GLOD"."LOG_OCENY_INSERT" ENABLE;
--------------------------------------------------------
--  DDL for Trigger LOG_OCENY_UPDATE
--------------------------------------------------------

  CREATE OR REPLACE EDITIONABLE TRIGGER "PROJEKT_OSWIECIMSKA_SPYTKOWSKA_GLOD"."LOG_OCENY_UPDATE" 
AFTER UPDATE ON oceny
FOR EACH ROW 
BEGIN
INSERT INTO oceny_log (
id_ocena,
id_przedmiot,
ID_rodzaj_oceny,
wartosc_oceny,
id_nauczyciel,
id_uczen,
wymagana,
data_oceny,
data_wpisania,
data_modyfikacji,
log_operation
) VALUES (
:NEW.id_ocena,
:NEW.id_przedmiot,
:NEW.ID_rodzaj_oceny,
:NEW.wartosc_oceny,
:NEW.id_nauczyciel,
:NEW.id_uczen,
:NEW.wymagana,
:NEW.data_oceny,
:NEW.data_wpisania,
:NEW.data_modyfikacji,
'UPDATE oceny');
END;
/
ALTER TRIGGER "PROJEKT_OSWIECIMSKA_SPYTKOWSKA_GLOD"."LOG_OCENY_UPDATE" ENABLE;
--------------------------------------------------------
--  DDL for Trigger LOG_OCENA_DELETE
--------------------------------------------------------

  CREATE OR REPLACE EDITIONABLE TRIGGER "PROJEKT_OSWIECIMSKA_SPYTKOWSKA_GLOD"."LOG_OCENA_DELETE" 
AFTER DELETE ON oceny
FOR EACH ROW
BEGIN
INSERT INTO oceny_log (
id_ocena,
id_przedmiot,
ID_rodzaj_oceny,
wartosc_oceny,
id_nauczyciel,
id_uczen,
wymagana,
data_oceny,
data_wpisania,
data_modyfikacji,
log_operation
) VALUES (
:NEW.id_ocena,
:NEW.id_przedmiot,
:NEW.ID_rodzaj_oceny,
:NEW.wartosc_oceny,
:NEW.id_nauczyciel,
:NEW.id_uczen,
:NEW.wymagana,
:NEW.data_oceny,
:NEW.data_wpisania,
:NEW.data_modyfikacji,
'DELETE'
);
END;
/
ALTER TRIGGER "PROJEKT_OSWIECIMSKA_SPYTKOWSKA_GLOD"."LOG_OCENA_DELETE" ENABLE;
--------------------------------------------------------
--  DDL for Procedure MLODE_OSOBY
--------------------------------------------------------
set define off;

  CREATE OR REPLACE EDITIONABLE PROCEDURE "PROJEKT_OSWIECIMSKA_SPYTKOWSKA_GLOD"."MLODE_OSOBY" AS
BEGIN
    DECLARE
        imie_ucz varchar2(255);
        nazwisko_ucz varchar2(255);
        data_urodzenia_ucz date;
        CURSOR uczenie_cursor IS
        SELECT IMIE_UCZEN, NAZWISKO_UCZEN, DATA_URODZENIA_UCZEN
        FROM UCZNIOWIE
        WHERE DATA_URODZENIA_UCZEN > '2005-01-01';
    BEGIN
        FOR uczenie_rec IN uczenie_cursor LOOP
            dbms_output.put_line(uczenie_rec.IMIE_UCZEN || ' ' || uczenie_rec.NAZWISKO_UCZEN || ' urodzony/a ' || uczenie_rec.DATA_URODZENIA_UCZEN);
        END LOOP;
    END;
END;

/
--------------------------------------------------------
--  DDL for Procedure NAJLEPSZE_OCENY
--------------------------------------------------------
set define off;

  CREATE OR REPLACE EDITIONABLE PROCEDURE "PROJEKT_OSWIECIMSKA_SPYTKOWSKA_GLOD"."NAJLEPSZE_OCENY" IS
  CURSOR c1 IS
    SELECT uczen_klasa.id_uczen_klasa, uczniowie.imie_uczen, uczniowie.nazwisko_uczen, swiadectwo.srednia
    FROM Uczen_klasa
    JOIN swiadectwo ON uczen_klasa.id_uczen_klasa = swiadectwo.id_uczen_klasa
    JOIN uczniowie on uczen_klasa.id_uczen_klasa = uczniowie.id_uczen
    WHERE swiadectwo.srednia >= 3.5;
BEGIN
  FOR uczen IN c1 LOOP
    DBMS_OUTPUT.PUT_LINE(uczen.imie_uczen || ' ' || uczen.nazwisko_uczen || ' uzyska³ œredni¹ ' || uczen.srednia);
  END LOOP;
END najlepsze_oceny;

/
--------------------------------------------------------
--  DDL for Package ZNAJDZ_OCENE_UCZNIA
--------------------------------------------------------

  CREATE OR REPLACE EDITIONABLE PACKAGE "PROJEKT_OSWIECIMSKA_SPYTKOWSKA_GLOD"."ZNAJDZ_OCENE_UCZNIA" AS 
    FUNCTION znajdz_uczen_ocena (p_id_uczen IN NUMBER)RETURN VARCHAR2;
END znajdz_ocene_ucznia;

/
--------------------------------------------------------
--  DDL for Package ZNAJDZ_UCZNIA
--------------------------------------------------------

  CREATE OR REPLACE EDITIONABLE PACKAGE "PROJEKT_OSWIECIMSKA_SPYTKOWSKA_GLOD"."ZNAJDZ_UCZNIA" AS 
    FUNCTION znajdz_uczen_imie (p_id_uczen IN NUMBER) RETURN VARCHAR2;
    FUNCTION znajdz_uczen_adres (p_id_uczen IN NUMBER)RETURN VARCHAR2;
END znajdz_ucznia;

/
--------------------------------------------------------
--  DDL for Package ZNAJDZ_OCENE_UCZNIA
--------------------------------------------------------

  CREATE OR REPLACE EDITIONABLE PACKAGE "PROJEKT_OSWIECIMSKA_SPYTKOWSKA_GLOD"."ZNAJDZ_OCENE_UCZNIA" AS 
    FUNCTION znajdz_uczen_ocena (p_id_uczen IN NUMBER)RETURN VARCHAR2;
END znajdz_ocene_ucznia;

/
--------------------------------------------------------
--  DDL for Package ZNAJDZ_UCZNIA
--------------------------------------------------------

  CREATE OR REPLACE EDITIONABLE PACKAGE "PROJEKT_OSWIECIMSKA_SPYTKOWSKA_GLOD"."ZNAJDZ_UCZNIA" AS 
    FUNCTION znajdz_uczen_imie (p_id_uczen IN NUMBER) RETURN VARCHAR2;
    FUNCTION znajdz_uczen_adres (p_id_uczen IN NUMBER)RETURN VARCHAR2;
END znajdz_ucznia;

/
--------------------------------------------------------
--  DDL for Package Body ZNAJDZ_OCENE_UCZNIA
--------------------------------------------------------

  CREATE OR REPLACE EDITIONABLE PACKAGE BODY "PROJEKT_OSWIECIMSKA_SPYTKOWSKA_GLOD"."ZNAJDZ_OCENE_UCZNIA" AS
    FUNCTION znajdz_uczen_ocena (p_id_uczen IN NUMBER) RETURN VARCHAR2 AS
    l_ocena_uczen VARCHAR2(255);
    l_przedmiot_uczen VARCHAR2(255);
    l_imie_uczen VARCHAR2(255);
    l_nazwisko_uczen VARCHAR2(255);
    BEGIN
        SELECT wartosc_oceny, id_przedmiot, imie_uczen, nazwisko_uczen
        INTO l_ocena_uczen, l_przedmiot_uczen, l_imie_uczen, l_nazwisko_uczen
        FROM oceny
        JOIN uczniowie ON oceny.id_uczen = uczniowie.id_uczen
        WHERE uczniowie.id_uczen = p_id_uczen;
        RETURN l_imie_uczen || ' ' || l_nazwisko_uczen || ' ' || 'ocena: '|| l_ocena_uczen || ', nazwa przedmiotu: ' || l_przedmiot_uczen;
    END;
END znajdz_ocene_ucznia;

/
--------------------------------------------------------
--  DDL for Package Body ZNAJDZ_UCZNIA
--------------------------------------------------------

  CREATE OR REPLACE EDITIONABLE PACKAGE BODY "PROJEKT_OSWIECIMSKA_SPYTKOWSKA_GLOD"."ZNAJDZ_UCZNIA" AS
    FUNCTION znajdz_uczen_imie (p_id_uczen IN NUMBER) RETURN VARCHAR2 AS
    l_imie_uczen VARCHAR2(255);
    l_nazwisko_uczen VARCHAR2(255);
    BEGIN
        SELECT imie_uczen, nazwisko_uczen
        INTO l_imie_uczen, l_nazwisko_uczen
        FROM uczniowie
        WHERE uczniowie.id_uczen = p_id_uczen;
        RETURN l_imie_uczen || ' ' || l_nazwisko_uczen;
    END;
    FUNCTION znajdz_uczen_adres (p_id_uczen IN NUMBER) RETURN VARCHAR2 AS
    l_miejscowosc_uczen VARCHAR2(255);
    l_ulica_uczen VARCHAR2(255);
    l_nr_ulicy_budynek_uczen VARCHAR2(255);
    l_kod_pocztowy VARCHAR2(255);
    BEGIN
        SELECT miejscowosc, ulica, nr_ulicy_budynek, kod_pocztowy
        INTO l_miejscowosc_uczen,l_ulica_uczen, l_nr_ulicy_budynek_uczen,l_kod_pocztowy
        FROM adres
        JOIN uczniowie ON adres.id_adres = uczniowie.id_adres
        WHERE uczniowie.id_uczen = p_id_uczen;
        RETURN l_miejscowosc_uczen || ', ' || l_ulica_uczen || ' ' || l_nr_ulicy_budynek_uczen || ', ' || l_kod_pocztowy;
    END;
END znajdz_ucznia;

/
--------------------------------------------------------
--  DDL for Function ILEPRZEDMIOTOWNAUCZYCIEL
--------------------------------------------------------

  CREATE OR REPLACE EDITIONABLE FUNCTION "PROJEKT_OSWIECIMSKA_SPYTKOWSKA_GLOD"."ILEPRZEDMIOTOWNAUCZYCIEL" 
(v_nauczyciel IN VARCHAR2) RETURN NUMBER IS
v_licznik NUMBER;
BEGIN
v_licznik := 0;
FOR i IN(SELECT przedmioty.id_przedmiot FROM nauczyciele, przedmioty, naucz_przedm_klasa 
WHERE naucz_przedm_klasa.id_przedmiot = przedmioty.id_przedmiot 
AND naucz_przedm_klasa.id_nauczyciel = nauczyciele.id_nauczyciel
and
nauczyciele.id_nauczyciel = v_nauczyciel) LOOP
v_licznik := v_licznik + 1;
END LOOP;
RETURN v_licznik;
END ilePrzedmiotowNauczyciel;
--run

/
--------------------------------------------------------
--  DDL for Synonymn DBMS_OUTPUT
--------------------------------------------------------

  CREATE OR REPLACE NONEDITIONABLE PUBLIC SYNONYM "DBMS_OUTPUT" FOR "SYS"."DBMS_OUTPUT";
--------------------------------------------------------
--  Constraints for Table ADRES
--------------------------------------------------------

  ALTER TABLE "PROJEKT_OSWIECIMSKA_SPYTKOWSKA_GLOD"."ADRES" ADD CONSTRAINT "PK_ID_ADRES" PRIMARY KEY ("ID_ADRES")
  USING INDEX PCTFREE 10 INITRANS 2 MAXTRANS 255 COMPUTE STATISTICS 
  STORAGE(INITIAL 65536 NEXT 1048576 MINEXTENTS 1 MAXEXTENTS 2147483645
  PCTINCREASE 0 FREELISTS 1 FREELIST GROUPS 1
  BUFFER_POOL DEFAULT FLASH_CACHE DEFAULT CELL_FLASH_CACHE DEFAULT)
  TABLESPACE "STUDENTS1"  ENABLE;
  ALTER TABLE "PROJEKT_OSWIECIMSKA_SPYTKOWSKA_GLOD"."ADRES" MODIFY ("ID_ADRES" NOT NULL ENABLE);
--------------------------------------------------------
--  Constraints for Table FUNKCJA
--------------------------------------------------------

  ALTER TABLE "PROJEKT_OSWIECIMSKA_SPYTKOWSKA_GLOD"."FUNKCJA" ADD CONSTRAINT "PK_ID_FUNKCJA" PRIMARY KEY ("ID_FUNKCJA")
  USING INDEX PCTFREE 10 INITRANS 2 MAXTRANS 255 COMPUTE STATISTICS 
  STORAGE(INITIAL 65536 NEXT 1048576 MINEXTENTS 1 MAXEXTENTS 2147483645
  PCTINCREASE 0 FREELISTS 1 FREELIST GROUPS 1
  BUFFER_POOL DEFAULT FLASH_CACHE DEFAULT CELL_FLASH_CACHE DEFAULT)
  TABLESPACE "STUDENTS1"  ENABLE;
  ALTER TABLE "PROJEKT_OSWIECIMSKA_SPYTKOWSKA_GLOD"."FUNKCJA" MODIFY ("ID_FUNKCJA" NOT NULL ENABLE);
--------------------------------------------------------
--  Constraints for Table GRUPY
--------------------------------------------------------

  ALTER TABLE "PROJEKT_OSWIECIMSKA_SPYTKOWSKA_GLOD"."GRUPY" ADD CONSTRAINT "PK_ID_GRUPA" PRIMARY KEY ("ID_GRUPA")
  USING INDEX PCTFREE 10 INITRANS 2 MAXTRANS 255 COMPUTE STATISTICS 
  STORAGE(INITIAL 65536 NEXT 1048576 MINEXTENTS 1 MAXEXTENTS 2147483645
  PCTINCREASE 0 FREELISTS 1 FREELIST GROUPS 1
  BUFFER_POOL DEFAULT FLASH_CACHE DEFAULT CELL_FLASH_CACHE DEFAULT)
  TABLESPACE "STUDENTS1"  ENABLE;
  ALTER TABLE "PROJEKT_OSWIECIMSKA_SPYTKOWSKA_GLOD"."GRUPY" MODIFY ("ID_GRUPA" NOT NULL ENABLE);
--------------------------------------------------------
--  Constraints for Table KLASA_GRUPA_UCZEN
--------------------------------------------------------

  ALTER TABLE "PROJEKT_OSWIECIMSKA_SPYTKOWSKA_GLOD"."KLASA_GRUPA_UCZEN" ADD CONSTRAINT "PK_ID_KLASA_GRUPA_UCZEN" PRIMARY KEY ("ID_KLASA_GRUPA_UCZEN")
  USING INDEX PCTFREE 10 INITRANS 2 MAXTRANS 255 COMPUTE STATISTICS 
  STORAGE(INITIAL 65536 NEXT 1048576 MINEXTENTS 1 MAXEXTENTS 2147483645
  PCTINCREASE 0 FREELISTS 1 FREELIST GROUPS 1
  BUFFER_POOL DEFAULT FLASH_CACHE DEFAULT CELL_FLASH_CACHE DEFAULT)
  TABLESPACE "STUDENTS1"  ENABLE;
  ALTER TABLE "PROJEKT_OSWIECIMSKA_SPYTKOWSKA_GLOD"."KLASA_GRUPA_UCZEN" MODIFY ("ID_KLASA_GRUPA_UCZEN" NOT NULL ENABLE);
--------------------------------------------------------
--  Constraints for Table KLASY
--------------------------------------------------------

  ALTER TABLE "PROJEKT_OSWIECIMSKA_SPYTKOWSKA_GLOD"."KLASY" ADD CONSTRAINT "PK_ID_KLASA" PRIMARY KEY ("ID_KLASA")
  USING INDEX PCTFREE 10 INITRANS 2 MAXTRANS 255 COMPUTE STATISTICS 
  STORAGE(INITIAL 65536 NEXT 1048576 MINEXTENTS 1 MAXEXTENTS 2147483645
  PCTINCREASE 0 FREELISTS 1 FREELIST GROUPS 1
  BUFFER_POOL DEFAULT FLASH_CACHE DEFAULT CELL_FLASH_CACHE DEFAULT)
  TABLESPACE "STUDENTS1"  ENABLE;
  ALTER TABLE "PROJEKT_OSWIECIMSKA_SPYTKOWSKA_GLOD"."KLASY" MODIFY ("ID_KLASA" NOT NULL ENABLE);
--------------------------------------------------------
--  Constraints for Table LEKCJE
--------------------------------------------------------

  ALTER TABLE "PROJEKT_OSWIECIMSKA_SPYTKOWSKA_GLOD"."LEKCJE" ADD CONSTRAINT "PK_ID_LEKCJA" PRIMARY KEY ("ID_LEKCJA")
  USING INDEX PCTFREE 10 INITRANS 2 MAXTRANS 255 COMPUTE STATISTICS 
  STORAGE(INITIAL 65536 NEXT 1048576 MINEXTENTS 1 MAXEXTENTS 2147483645
  PCTINCREASE 0 FREELISTS 1 FREELIST GROUPS 1
  BUFFER_POOL DEFAULT FLASH_CACHE DEFAULT CELL_FLASH_CACHE DEFAULT)
  TABLESPACE "STUDENTS1"  ENABLE;
  ALTER TABLE "PROJEKT_OSWIECIMSKA_SPYTKOWSKA_GLOD"."LEKCJE" MODIFY ("ID_LEKCJA" NOT NULL ENABLE);
--------------------------------------------------------
--  Constraints for Table NAUCZ_PRZEDM_KLASA
--------------------------------------------------------

  ALTER TABLE "PROJEKT_OSWIECIMSKA_SPYTKOWSKA_GLOD"."NAUCZ_PRZEDM_KLASA" ADD CONSTRAINT "PK_ID_NAUCZ_PRZEDM_KLASA" PRIMARY KEY ("ID_NAUCZ_PRZEDM_KLASA")
  USING INDEX PCTFREE 10 INITRANS 2 MAXTRANS 255 COMPUTE STATISTICS 
  STORAGE(INITIAL 65536 NEXT 1048576 MINEXTENTS 1 MAXEXTENTS 2147483645
  PCTINCREASE 0 FREELISTS 1 FREELIST GROUPS 1
  BUFFER_POOL DEFAULT FLASH_CACHE DEFAULT CELL_FLASH_CACHE DEFAULT)
  TABLESPACE "STUDENTS1"  ENABLE;
  ALTER TABLE "PROJEKT_OSWIECIMSKA_SPYTKOWSKA_GLOD"."NAUCZ_PRZEDM_KLASA" MODIFY ("ID_NAUCZ_PRZEDM_KLASA" NOT NULL ENABLE);
--------------------------------------------------------
--  Constraints for Table NAUCZYCIELE
--------------------------------------------------------

  ALTER TABLE "PROJEKT_OSWIECIMSKA_SPYTKOWSKA_GLOD"."NAUCZYCIELE" ADD CONSTRAINT "PK_ID_NAUCZYCIEL" PRIMARY KEY ("ID_NAUCZYCIEL")
  USING INDEX PCTFREE 10 INITRANS 2 MAXTRANS 255 COMPUTE STATISTICS 
  STORAGE(INITIAL 65536 NEXT 1048576 MINEXTENTS 1 MAXEXTENTS 2147483645
  PCTINCREASE 0 FREELISTS 1 FREELIST GROUPS 1
  BUFFER_POOL DEFAULT FLASH_CACHE DEFAULT CELL_FLASH_CACHE DEFAULT)
  TABLESPACE "STUDENTS1"  ENABLE;
  ALTER TABLE "PROJEKT_OSWIECIMSKA_SPYTKOWSKA_GLOD"."NAUCZYCIELE" MODIFY ("ID_NAUCZYCIEL" NOT NULL ENABLE);
--------------------------------------------------------
--  Constraints for Table OBECNOSCI
--------------------------------------------------------

  ALTER TABLE "PROJEKT_OSWIECIMSKA_SPYTKOWSKA_GLOD"."OBECNOSCI" ADD CONSTRAINT "PK_ID_OBECNOSC" PRIMARY KEY ("ID_KLASA_OBECNOSC")
  USING INDEX PCTFREE 10 INITRANS 2 MAXTRANS 255 COMPUTE STATISTICS 
  STORAGE(INITIAL 65536 NEXT 1048576 MINEXTENTS 1 MAXEXTENTS 2147483645
  PCTINCREASE 0 FREELISTS 1 FREELIST GROUPS 1
  BUFFER_POOL DEFAULT FLASH_CACHE DEFAULT CELL_FLASH_CACHE DEFAULT)
  TABLESPACE "STUDENTS1"  ENABLE;
  ALTER TABLE "PROJEKT_OSWIECIMSKA_SPYTKOWSKA_GLOD"."OBECNOSCI" MODIFY ("ID_KLASA_OBECNOSC" NOT NULL ENABLE);
--------------------------------------------------------
--  Constraints for Table OCENY
--------------------------------------------------------

  ALTER TABLE "PROJEKT_OSWIECIMSKA_SPYTKOWSKA_GLOD"."OCENY" ADD CONSTRAINT "PK_ID_OCENA" PRIMARY KEY ("ID_OCENA")
  USING INDEX PCTFREE 10 INITRANS 2 MAXTRANS 255 COMPUTE STATISTICS 
  STORAGE(INITIAL 65536 NEXT 1048576 MINEXTENTS 1 MAXEXTENTS 2147483645
  PCTINCREASE 0 FREELISTS 1 FREELIST GROUPS 1
  BUFFER_POOL DEFAULT FLASH_CACHE DEFAULT CELL_FLASH_CACHE DEFAULT)
  TABLESPACE "STUDENTS1"  ENABLE;
  ALTER TABLE "PROJEKT_OSWIECIMSKA_SPYTKOWSKA_GLOD"."OCENY" MODIFY ("ID_OCENA" NOT NULL ENABLE);
--------------------------------------------------------
--  Constraints for Table OCENY_LOG
--------------------------------------------------------

  ALTER TABLE "PROJEKT_OSWIECIMSKA_SPYTKOWSKA_GLOD"."OCENY_LOG" ADD CONSTRAINT "PK_ID_OCENA_LOG" PRIMARY KEY ("ID_OCENA")
  USING INDEX PCTFREE 10 INITRANS 2 MAXTRANS 255 COMPUTE STATISTICS 
  STORAGE(INITIAL 65536 NEXT 1048576 MINEXTENTS 1 MAXEXTENTS 2147483645
  PCTINCREASE 0 FREELISTS 1 FREELIST GROUPS 1
  BUFFER_POOL DEFAULT FLASH_CACHE DEFAULT CELL_FLASH_CACHE DEFAULT)
  TABLESPACE "STUDENTS1"  ENABLE;
  ALTER TABLE "PROJEKT_OSWIECIMSKA_SPYTKOWSKA_GLOD"."OCENY_LOG" MODIFY ("ID_OCENA" NOT NULL ENABLE);
--------------------------------------------------------
--  Constraints for Table PRZEDMIOTY
--------------------------------------------------------

  ALTER TABLE "PROJEKT_OSWIECIMSKA_SPYTKOWSKA_GLOD"."PRZEDMIOTY" ADD CONSTRAINT "PK_ID_PRZEDMIOT" PRIMARY KEY ("ID_PRZEDMIOT")
  USING INDEX PCTFREE 10 INITRANS 2 MAXTRANS 255 COMPUTE STATISTICS 
  STORAGE(INITIAL 65536 NEXT 1048576 MINEXTENTS 1 MAXEXTENTS 2147483645
  PCTINCREASE 0 FREELISTS 1 FREELIST GROUPS 1
  BUFFER_POOL DEFAULT FLASH_CACHE DEFAULT CELL_FLASH_CACHE DEFAULT)
  TABLESPACE "STUDENTS1"  ENABLE;
  ALTER TABLE "PROJEKT_OSWIECIMSKA_SPYTKOWSKA_GLOD"."PRZEDMIOTY" MODIFY ("ID_PRZEDMIOT" NOT NULL ENABLE);
--------------------------------------------------------
--  Constraints for Table RODZAJ_OCENY
--------------------------------------------------------

  ALTER TABLE "PROJEKT_OSWIECIMSKA_SPYTKOWSKA_GLOD"."RODZAJ_OCENY" ADD CONSTRAINT "PK_ID_RODZAJ_OCENY" PRIMARY KEY ("ID_RODZAJ_OCENY")
  USING INDEX PCTFREE 10 INITRANS 2 MAXTRANS 255 COMPUTE STATISTICS 
  STORAGE(INITIAL 65536 NEXT 1048576 MINEXTENTS 1 MAXEXTENTS 2147483645
  PCTINCREASE 0 FREELISTS 1 FREELIST GROUPS 1
  BUFFER_POOL DEFAULT FLASH_CACHE DEFAULT CELL_FLASH_CACHE DEFAULT)
  TABLESPACE "STUDENTS1"  ENABLE;
  ALTER TABLE "PROJEKT_OSWIECIMSKA_SPYTKOWSKA_GLOD"."RODZAJ_OCENY" MODIFY ("ID_RODZAJ_OCENY" NOT NULL ENABLE);
--------------------------------------------------------
--  Constraints for Table RODZICE
--------------------------------------------------------

  ALTER TABLE "PROJEKT_OSWIECIMSKA_SPYTKOWSKA_GLOD"."RODZICE" ADD CONSTRAINT "PK_ID_RODZIC" PRIMARY KEY ("ID_RODZIC")
  USING INDEX PCTFREE 10 INITRANS 2 MAXTRANS 255 COMPUTE STATISTICS 
  STORAGE(INITIAL 65536 NEXT 1048576 MINEXTENTS 1 MAXEXTENTS 2147483645
  PCTINCREASE 0 FREELISTS 1 FREELIST GROUPS 1
  BUFFER_POOL DEFAULT FLASH_CACHE DEFAULT CELL_FLASH_CACHE DEFAULT)
  TABLESPACE "STUDENTS1"  ENABLE;
  ALTER TABLE "PROJEKT_OSWIECIMSKA_SPYTKOWSKA_GLOD"."RODZICE" MODIFY ("ID_RODZIC" NOT NULL ENABLE);
--------------------------------------------------------
--  Constraints for Table ROK_SZKOLNY
--------------------------------------------------------

  ALTER TABLE "PROJEKT_OSWIECIMSKA_SPYTKOWSKA_GLOD"."ROK_SZKOLNY" ADD CONSTRAINT "PK_ID_ROK_SZKOLNY" PRIMARY KEY ("ID_ROK_SZKOLNY")
  USING INDEX PCTFREE 10 INITRANS 2 MAXTRANS 255 COMPUTE STATISTICS 
  STORAGE(INITIAL 65536 NEXT 1048576 MINEXTENTS 1 MAXEXTENTS 2147483645
  PCTINCREASE 0 FREELISTS 1 FREELIST GROUPS 1
  BUFFER_POOL DEFAULT FLASH_CACHE DEFAULT CELL_FLASH_CACHE DEFAULT)
  TABLESPACE "STUDENTS1"  ENABLE;
  ALTER TABLE "PROJEKT_OSWIECIMSKA_SPYTKOWSKA_GLOD"."ROK_SZKOLNY" MODIFY ("ID_ROK_SZKOLNY" NOT NULL ENABLE);
--------------------------------------------------------
--  Constraints for Table SALA_LEKCJA
--------------------------------------------------------

  ALTER TABLE "PROJEKT_OSWIECIMSKA_SPYTKOWSKA_GLOD"."SALA_LEKCJA" ADD CONSTRAINT "PK_ID_SALA_LEKCJA" PRIMARY KEY ("ID_SALA_LEKCJA")
  USING INDEX PCTFREE 10 INITRANS 2 MAXTRANS 255 COMPUTE STATISTICS 
  STORAGE(INITIAL 65536 NEXT 1048576 MINEXTENTS 1 MAXEXTENTS 2147483645
  PCTINCREASE 0 FREELISTS 1 FREELIST GROUPS 1
  BUFFER_POOL DEFAULT FLASH_CACHE DEFAULT CELL_FLASH_CACHE DEFAULT)
  TABLESPACE "STUDENTS1"  ENABLE;
  ALTER TABLE "PROJEKT_OSWIECIMSKA_SPYTKOWSKA_GLOD"."SALA_LEKCJA" MODIFY ("ID_SALA_LEKCJA" NOT NULL ENABLE);
--------------------------------------------------------
--  Constraints for Table SALE
--------------------------------------------------------

  ALTER TABLE "PROJEKT_OSWIECIMSKA_SPYTKOWSKA_GLOD"."SALE" ADD CONSTRAINT "PK_ID_SALA" PRIMARY KEY ("ID_SALA")
  USING INDEX PCTFREE 10 INITRANS 2 MAXTRANS 255 COMPUTE STATISTICS 
  STORAGE(INITIAL 65536 NEXT 1048576 MINEXTENTS 1 MAXEXTENTS 2147483645
  PCTINCREASE 0 FREELISTS 1 FREELIST GROUPS 1
  BUFFER_POOL DEFAULT FLASH_CACHE DEFAULT CELL_FLASH_CACHE DEFAULT)
  TABLESPACE "STUDENTS1"  ENABLE;
  ALTER TABLE "PROJEKT_OSWIECIMSKA_SPYTKOWSKA_GLOD"."SALE" MODIFY ("ID_SALA" NOT NULL ENABLE);
--------------------------------------------------------
--  Constraints for Table STATUS
--------------------------------------------------------

  ALTER TABLE "PROJEKT_OSWIECIMSKA_SPYTKOWSKA_GLOD"."STATUS" ADD CONSTRAINT "PK_ID_STATUS" PRIMARY KEY ("ID_STATUS")
  USING INDEX PCTFREE 10 INITRANS 2 MAXTRANS 255 COMPUTE STATISTICS 
  STORAGE(INITIAL 65536 NEXT 1048576 MINEXTENTS 1 MAXEXTENTS 2147483645
  PCTINCREASE 0 FREELISTS 1 FREELIST GROUPS 1
  BUFFER_POOL DEFAULT FLASH_CACHE DEFAULT CELL_FLASH_CACHE DEFAULT)
  TABLESPACE "STUDENTS1"  ENABLE;
  ALTER TABLE "PROJEKT_OSWIECIMSKA_SPYTKOWSKA_GLOD"."STATUS" MODIFY ("ID_STATUS" NOT NULL ENABLE);
--------------------------------------------------------
--  Constraints for Table STATUS_UCZEN
--------------------------------------------------------

  ALTER TABLE "PROJEKT_OSWIECIMSKA_SPYTKOWSKA_GLOD"."STATUS_UCZEN" ADD CONSTRAINT "PK_ID_STATUS_UCZEN" PRIMARY KEY ("ID_STATUS_UCZEN")
  USING INDEX PCTFREE 10 INITRANS 2 MAXTRANS 255 COMPUTE STATISTICS 
  STORAGE(INITIAL 65536 NEXT 1048576 MINEXTENTS 1 MAXEXTENTS 2147483645
  PCTINCREASE 0 FREELISTS 1 FREELIST GROUPS 1
  BUFFER_POOL DEFAULT FLASH_CACHE DEFAULT CELL_FLASH_CACHE DEFAULT)
  TABLESPACE "STUDENTS1"  ENABLE;
  ALTER TABLE "PROJEKT_OSWIECIMSKA_SPYTKOWSKA_GLOD"."STATUS_UCZEN" MODIFY ("ID_STATUS_UCZEN" NOT NULL ENABLE);
--------------------------------------------------------
--  Constraints for Table SWIADECTWO
--------------------------------------------------------

  ALTER TABLE "PROJEKT_OSWIECIMSKA_SPYTKOWSKA_GLOD"."SWIADECTWO" ADD CONSTRAINT "PK_ID_SWIADECTWO" PRIMARY KEY ("ID_SWIADECTWO")
  USING INDEX PCTFREE 10 INITRANS 2 MAXTRANS 255 COMPUTE STATISTICS 
  STORAGE(INITIAL 65536 NEXT 1048576 MINEXTENTS 1 MAXEXTENTS 2147483645
  PCTINCREASE 0 FREELISTS 1 FREELIST GROUPS 1
  BUFFER_POOL DEFAULT FLASH_CACHE DEFAULT CELL_FLASH_CACHE DEFAULT)
  TABLESPACE "STUDENTS1"  ENABLE;
  ALTER TABLE "PROJEKT_OSWIECIMSKA_SPYTKOWSKA_GLOD"."SWIADECTWO" MODIFY ("ID_SWIADECTWO" NOT NULL ENABLE);
--------------------------------------------------------
--  Constraints for Table TYP_ZACHOWANIE
--------------------------------------------------------

  ALTER TABLE "PROJEKT_OSWIECIMSKA_SPYTKOWSKA_GLOD"."TYP_ZACHOWANIE" ADD CONSTRAINT "PK_ID_TYP_ZACHOWANIE" PRIMARY KEY ("ID_TYP_ZACHOWANIE")
  USING INDEX PCTFREE 10 INITRANS 2 MAXTRANS 255 COMPUTE STATISTICS 
  STORAGE(INITIAL 65536 NEXT 1048576 MINEXTENTS 1 MAXEXTENTS 2147483645
  PCTINCREASE 0 FREELISTS 1 FREELIST GROUPS 1
  BUFFER_POOL DEFAULT FLASH_CACHE DEFAULT CELL_FLASH_CACHE DEFAULT)
  TABLESPACE "STUDENTS1"  ENABLE;
  ALTER TABLE "PROJEKT_OSWIECIMSKA_SPYTKOWSKA_GLOD"."TYP_ZACHOWANIE" MODIFY ("ID_TYP_ZACHOWANIE" NOT NULL ENABLE);
--------------------------------------------------------
--  Constraints for Table UCZEN_FUNKCJA
--------------------------------------------------------

  ALTER TABLE "PROJEKT_OSWIECIMSKA_SPYTKOWSKA_GLOD"."UCZEN_FUNKCJA" ADD CONSTRAINT "PK_ID_UCZEN_FUNKCJA" PRIMARY KEY ("ID_UCZEN_FUNKCJA")
  USING INDEX PCTFREE 10 INITRANS 2 MAXTRANS 255 COMPUTE STATISTICS 
  STORAGE(INITIAL 65536 NEXT 1048576 MINEXTENTS 1 MAXEXTENTS 2147483645
  PCTINCREASE 0 FREELISTS 1 FREELIST GROUPS 1
  BUFFER_POOL DEFAULT FLASH_CACHE DEFAULT CELL_FLASH_CACHE DEFAULT)
  TABLESPACE "STUDENTS1"  ENABLE;
  ALTER TABLE "PROJEKT_OSWIECIMSKA_SPYTKOWSKA_GLOD"."UCZEN_FUNKCJA" MODIFY ("ID_UCZEN_FUNKCJA" NOT NULL ENABLE);
--------------------------------------------------------
--  Constraints for Table UCZEN_KLASA
--------------------------------------------------------

  ALTER TABLE "PROJEKT_OSWIECIMSKA_SPYTKOWSKA_GLOD"."UCZEN_KLASA" ADD CONSTRAINT "PK_ID_UCZEN_KLASA" PRIMARY KEY ("ID_UCZEN_KLASA")
  USING INDEX PCTFREE 10 INITRANS 2 MAXTRANS 255 COMPUTE STATISTICS 
  STORAGE(INITIAL 65536 NEXT 1048576 MINEXTENTS 1 MAXEXTENTS 2147483645
  PCTINCREASE 0 FREELISTS 1 FREELIST GROUPS 1
  BUFFER_POOL DEFAULT FLASH_CACHE DEFAULT CELL_FLASH_CACHE DEFAULT)
  TABLESPACE "STUDENTS1"  ENABLE;
  ALTER TABLE "PROJEKT_OSWIECIMSKA_SPYTKOWSKA_GLOD"."UCZEN_KLASA" MODIFY ("ID_UCZEN_KLASA" NOT NULL ENABLE);
--------------------------------------------------------
--  Constraints for Table UCZEN_RODZIC
--------------------------------------------------------

  ALTER TABLE "PROJEKT_OSWIECIMSKA_SPYTKOWSKA_GLOD"."UCZEN_RODZIC" ADD CONSTRAINT "PK_ID_UCZEN_RODZIC" PRIMARY KEY ("ID_UCZEN_RODZIC")
  USING INDEX PCTFREE 10 INITRANS 2 MAXTRANS 255 COMPUTE STATISTICS 
  STORAGE(INITIAL 65536 NEXT 1048576 MINEXTENTS 1 MAXEXTENTS 2147483645
  PCTINCREASE 0 FREELISTS 1 FREELIST GROUPS 1
  BUFFER_POOL DEFAULT FLASH_CACHE DEFAULT CELL_FLASH_CACHE DEFAULT)
  TABLESPACE "STUDENTS1"  ENABLE;
  ALTER TABLE "PROJEKT_OSWIECIMSKA_SPYTKOWSKA_GLOD"."UCZEN_RODZIC" MODIFY ("ID_UCZEN_RODZIC" NOT NULL ENABLE);
--------------------------------------------------------
--  Constraints for Table UCZNIOWIE
--------------------------------------------------------

  ALTER TABLE "PROJEKT_OSWIECIMSKA_SPYTKOWSKA_GLOD"."UCZNIOWIE" ADD CONSTRAINT "PK_ID_UCZEN" PRIMARY KEY ("ID_UCZEN")
  USING INDEX PCTFREE 10 INITRANS 2 MAXTRANS 255 COMPUTE STATISTICS 
  STORAGE(INITIAL 65536 NEXT 1048576 MINEXTENTS 1 MAXEXTENTS 2147483645
  PCTINCREASE 0 FREELISTS 1 FREELIST GROUPS 1
  BUFFER_POOL DEFAULT FLASH_CACHE DEFAULT CELL_FLASH_CACHE DEFAULT)
  TABLESPACE "STUDENTS1"  ENABLE;
  ALTER TABLE "PROJEKT_OSWIECIMSKA_SPYTKOWSKA_GLOD"."UCZNIOWIE" MODIFY ("ID_UCZEN" NOT NULL ENABLE);
--------------------------------------------------------
--  Constraints for Table ZACHOWANIE
--------------------------------------------------------

  ALTER TABLE "PROJEKT_OSWIECIMSKA_SPYTKOWSKA_GLOD"."ZACHOWANIE" ADD CONSTRAINT "PK_ID_ZACHOWANIE" PRIMARY KEY ("ID_ZACHOWANIE")
  USING INDEX PCTFREE 10 INITRANS 2 MAXTRANS 255 COMPUTE STATISTICS 
  STORAGE(INITIAL 65536 NEXT 1048576 MINEXTENTS 1 MAXEXTENTS 2147483645
  PCTINCREASE 0 FREELISTS 1 FREELIST GROUPS 1
  BUFFER_POOL DEFAULT FLASH_CACHE DEFAULT CELL_FLASH_CACHE DEFAULT)
  TABLESPACE "STUDENTS1"  ENABLE;
  ALTER TABLE "PROJEKT_OSWIECIMSKA_SPYTKOWSKA_GLOD"."ZACHOWANIE" MODIFY ("ID_ZACHOWANIE" NOT NULL ENABLE);
--------------------------------------------------------
--  Ref Constraints for Table KLASA_GRUPA_UCZEN
--------------------------------------------------------

  ALTER TABLE "PROJEKT_OSWIECIMSKA_SPYTKOWSKA_GLOD"."KLASA_GRUPA_UCZEN" ADD CONSTRAINT "FK_ID_GRUPA_KGU" FOREIGN KEY ("ID_GRUPA")
	  REFERENCES "PROJEKT_OSWIECIMSKA_SPYTKOWSKA_GLOD"."GRUPY" ("ID_GRUPA") ENABLE;
  ALTER TABLE "PROJEKT_OSWIECIMSKA_SPYTKOWSKA_GLOD"."KLASA_GRUPA_UCZEN" ADD CONSTRAINT "FK_ID_UCZEN_KLASA_KGU" FOREIGN KEY ("ID_UCZEN_KLASA")
	  REFERENCES "PROJEKT_OSWIECIMSKA_SPYTKOWSKA_GLOD"."UCZEN_KLASA" ("ID_UCZEN_KLASA") ENABLE;
--------------------------------------------------------
--  Ref Constraints for Table KLASY
--------------------------------------------------------

  ALTER TABLE "PROJEKT_OSWIECIMSKA_SPYTKOWSKA_GLOD"."KLASY" ADD CONSTRAINT "FK_ID_NAUCZYCIEL_K" FOREIGN KEY ("WYCHOWAWCA_KLASA")
	  REFERENCES "PROJEKT_OSWIECIMSKA_SPYTKOWSKA_GLOD"."NAUCZYCIELE" ("ID_NAUCZYCIEL") ENABLE;
  ALTER TABLE "PROJEKT_OSWIECIMSKA_SPYTKOWSKA_GLOD"."KLASY" ADD CONSTRAINT "FK_ID_ROK_SZKOLNY_K" FOREIGN KEY ("ROK_SZKOLNY")
	  REFERENCES "PROJEKT_OSWIECIMSKA_SPYTKOWSKA_GLOD"."ROK_SZKOLNY" ("ID_ROK_SZKOLNY") ENABLE;
--------------------------------------------------------
--  Ref Constraints for Table LEKCJE
--------------------------------------------------------

  ALTER TABLE "PROJEKT_OSWIECIMSKA_SPYTKOWSKA_GLOD"."LEKCJE" ADD CONSTRAINT "FK_ID_NAUCZ_PRZEDM_KLASA" FOREIGN KEY ("ID_NAUCZ_PRZEDM_KLASA")
	  REFERENCES "PROJEKT_OSWIECIMSKA_SPYTKOWSKA_GLOD"."NAUCZ_PRZEDM_KLASA" ("ID_NAUCZ_PRZEDM_KLASA") ENABLE;
--------------------------------------------------------
--  Ref Constraints for Table NAUCZ_PRZEDM_KLASA
--------------------------------------------------------

  ALTER TABLE "PROJEKT_OSWIECIMSKA_SPYTKOWSKA_GLOD"."NAUCZ_PRZEDM_KLASA" ADD CONSTRAINT "FK_ID_KLASA_NPK" FOREIGN KEY ("ID_KLASA")
	  REFERENCES "PROJEKT_OSWIECIMSKA_SPYTKOWSKA_GLOD"."KLASY" ("ID_KLASA") ENABLE;
  ALTER TABLE "PROJEKT_OSWIECIMSKA_SPYTKOWSKA_GLOD"."NAUCZ_PRZEDM_KLASA" ADD CONSTRAINT "FK_ID_NAUCZYCIEL_NPK" FOREIGN KEY ("ID_NAUCZYCIEL")
	  REFERENCES "PROJEKT_OSWIECIMSKA_SPYTKOWSKA_GLOD"."NAUCZYCIELE" ("ID_NAUCZYCIEL") ENABLE;
  ALTER TABLE "PROJEKT_OSWIECIMSKA_SPYTKOWSKA_GLOD"."NAUCZ_PRZEDM_KLASA" ADD CONSTRAINT "FK_ID_PRZEDMIOT_NPK" FOREIGN KEY ("ID_PRZEDMIOT")
	  REFERENCES "PROJEKT_OSWIECIMSKA_SPYTKOWSKA_GLOD"."PRZEDMIOTY" ("ID_PRZEDMIOT") ENABLE;
--------------------------------------------------------
--  Ref Constraints for Table OBECNOSCI
--------------------------------------------------------

  ALTER TABLE "PROJEKT_OSWIECIMSKA_SPYTKOWSKA_GLOD"."OBECNOSCI" ADD CONSTRAINT "FK_ID_LEKCJA_O" FOREIGN KEY ("ID_LEKCJA")
	  REFERENCES "PROJEKT_OSWIECIMSKA_SPYTKOWSKA_GLOD"."LEKCJE" ("ID_LEKCJA") ENABLE;
  ALTER TABLE "PROJEKT_OSWIECIMSKA_SPYTKOWSKA_GLOD"."OBECNOSCI" ADD CONSTRAINT "FK_ID_UCZEN_O" FOREIGN KEY ("ID_UCZEN")
	  REFERENCES "PROJEKT_OSWIECIMSKA_SPYTKOWSKA_GLOD"."UCZNIOWIE" ("ID_UCZEN") ENABLE;
--------------------------------------------------------
--  Ref Constraints for Table OCENY
--------------------------------------------------------

  ALTER TABLE "PROJEKT_OSWIECIMSKA_SPYTKOWSKA_GLOD"."OCENY" ADD CONSTRAINT "FK_ID_NAUCZYCIEL_OCENY" FOREIGN KEY ("ID_NAUCZYCIEL")
	  REFERENCES "PROJEKT_OSWIECIMSKA_SPYTKOWSKA_GLOD"."NAUCZYCIELE" ("ID_NAUCZYCIEL") ENABLE;
  ALTER TABLE "PROJEKT_OSWIECIMSKA_SPYTKOWSKA_GLOD"."OCENY" ADD CONSTRAINT "FK_ID_PRZEDMIOT_OCENY" FOREIGN KEY ("ID_PRZEDMIOT")
	  REFERENCES "PROJEKT_OSWIECIMSKA_SPYTKOWSKA_GLOD"."PRZEDMIOTY" ("ID_PRZEDMIOT") ENABLE;
  ALTER TABLE "PROJEKT_OSWIECIMSKA_SPYTKOWSKA_GLOD"."OCENY" ADD CONSTRAINT "FK_ID_RODZAJ_OCENY" FOREIGN KEY ("ID_RODZAJ_OCENY")
	  REFERENCES "PROJEKT_OSWIECIMSKA_SPYTKOWSKA_GLOD"."RODZAJ_OCENY" ("ID_RODZAJ_OCENY") ENABLE;
  ALTER TABLE "PROJEKT_OSWIECIMSKA_SPYTKOWSKA_GLOD"."OCENY" ADD CONSTRAINT "FK_ID_UCZEN_OCENY" FOREIGN KEY ("ID_UCZEN")
	  REFERENCES "PROJEKT_OSWIECIMSKA_SPYTKOWSKA_GLOD"."UCZNIOWIE" ("ID_UCZEN") ENABLE;
--------------------------------------------------------
--  Ref Constraints for Table OCENY_LOG
--------------------------------------------------------

  ALTER TABLE "PROJEKT_OSWIECIMSKA_SPYTKOWSKA_GLOD"."OCENY_LOG" ADD CONSTRAINT "FK_ID_NAUCZYCIEL_OCENY_LOG" FOREIGN KEY ("ID_NAUCZYCIEL")
	  REFERENCES "PROJEKT_OSWIECIMSKA_SPYTKOWSKA_GLOD"."NAUCZYCIELE" ("ID_NAUCZYCIEL") ENABLE;
  ALTER TABLE "PROJEKT_OSWIECIMSKA_SPYTKOWSKA_GLOD"."OCENY_LOG" ADD CONSTRAINT "FK_ID_PRZEDMIOT_OCENY_LOG" FOREIGN KEY ("ID_PRZEDMIOT")
	  REFERENCES "PROJEKT_OSWIECIMSKA_SPYTKOWSKA_GLOD"."PRZEDMIOTY" ("ID_PRZEDMIOT") ENABLE;
  ALTER TABLE "PROJEKT_OSWIECIMSKA_SPYTKOWSKA_GLOD"."OCENY_LOG" ADD CONSTRAINT "FK_ID_RODZAJ_OCENY_LOG" FOREIGN KEY ("ID_RODZAJ_OCENY")
	  REFERENCES "PROJEKT_OSWIECIMSKA_SPYTKOWSKA_GLOD"."RODZAJ_OCENY" ("ID_RODZAJ_OCENY") ENABLE;
  ALTER TABLE "PROJEKT_OSWIECIMSKA_SPYTKOWSKA_GLOD"."OCENY_LOG" ADD CONSTRAINT "FK_ID_UCZEN_OCENY_LOG" FOREIGN KEY ("ID_UCZEN")
	  REFERENCES "PROJEKT_OSWIECIMSKA_SPYTKOWSKA_GLOD"."UCZNIOWIE" ("ID_UCZEN") ENABLE;
--------------------------------------------------------
--  Ref Constraints for Table RODZICE
--------------------------------------------------------

  ALTER TABLE "PROJEKT_OSWIECIMSKA_SPYTKOWSKA_GLOD"."RODZICE" ADD CONSTRAINT "FK_ID_ADRES_R" FOREIGN KEY ("ID_ADRES")
	  REFERENCES "PROJEKT_OSWIECIMSKA_SPYTKOWSKA_GLOD"."ADRES" ("ID_ADRES") ENABLE;
--------------------------------------------------------
--  Ref Constraints for Table SALA_LEKCJA
--------------------------------------------------------

  ALTER TABLE "PROJEKT_OSWIECIMSKA_SPYTKOWSKA_GLOD"."SALA_LEKCJA" ADD CONSTRAINT "FK_ID_LEKCJA_SL" FOREIGN KEY ("ID_LEKCJA")
	  REFERENCES "PROJEKT_OSWIECIMSKA_SPYTKOWSKA_GLOD"."LEKCJE" ("ID_LEKCJA") ENABLE;
  ALTER TABLE "PROJEKT_OSWIECIMSKA_SPYTKOWSKA_GLOD"."SALA_LEKCJA" ADD CONSTRAINT "FK_ID_SALA_SL" FOREIGN KEY ("ID_SALA")
	  REFERENCES "PROJEKT_OSWIECIMSKA_SPYTKOWSKA_GLOD"."SALE" ("ID_SALA") ENABLE;
--------------------------------------------------------
--  Ref Constraints for Table SALE
--------------------------------------------------------

  ALTER TABLE "PROJEKT_OSWIECIMSKA_SPYTKOWSKA_GLOD"."SALE" ADD CONSTRAINT "FK_ID_NAUCZYCIEL_S" FOREIGN KEY ("OPIEKUN_SALI")
	  REFERENCES "PROJEKT_OSWIECIMSKA_SPYTKOWSKA_GLOD"."NAUCZYCIELE" ("ID_NAUCZYCIEL") ENABLE;
--------------------------------------------------------
--  Ref Constraints for Table STATUS_UCZEN
--------------------------------------------------------

  ALTER TABLE "PROJEKT_OSWIECIMSKA_SPYTKOWSKA_GLOD"."STATUS_UCZEN" ADD CONSTRAINT "FK_ID_STATUS_SU" FOREIGN KEY ("ID_STATUS")
	  REFERENCES "PROJEKT_OSWIECIMSKA_SPYTKOWSKA_GLOD"."STATUS" ("ID_STATUS") ENABLE;
  ALTER TABLE "PROJEKT_OSWIECIMSKA_SPYTKOWSKA_GLOD"."STATUS_UCZEN" ADD CONSTRAINT "FK_ID_UCZEN_SU" FOREIGN KEY ("ID_UCZEN")
	  REFERENCES "PROJEKT_OSWIECIMSKA_SPYTKOWSKA_GLOD"."UCZNIOWIE" ("ID_UCZEN") ENABLE;
--------------------------------------------------------
--  Ref Constraints for Table SWIADECTWO
--------------------------------------------------------

  ALTER TABLE "PROJEKT_OSWIECIMSKA_SPYTKOWSKA_GLOD"."SWIADECTWO" ADD CONSTRAINT "FK_ID_ROK_SZKOLNY_S" FOREIGN KEY ("ID_ROK_SZKOLNY")
	  REFERENCES "PROJEKT_OSWIECIMSKA_SPYTKOWSKA_GLOD"."ROK_SZKOLNY" ("ID_ROK_SZKOLNY") ENABLE;
  ALTER TABLE "PROJEKT_OSWIECIMSKA_SPYTKOWSKA_GLOD"."SWIADECTWO" ADD CONSTRAINT "FK_ID_UCZEN_KLASA_S" FOREIGN KEY ("ID_UCZEN_KLASA")
	  REFERENCES "PROJEKT_OSWIECIMSKA_SPYTKOWSKA_GLOD"."UCZEN_KLASA" ("ID_UCZEN_KLASA") ENABLE;
--------------------------------------------------------
--  Ref Constraints for Table UCZEN_FUNKCJA
--------------------------------------------------------

  ALTER TABLE "PROJEKT_OSWIECIMSKA_SPYTKOWSKA_GLOD"."UCZEN_FUNKCJA" ADD CONSTRAINT "FK_FUNKCJA_UF" FOREIGN KEY ("ID_FUNKCJA")
	  REFERENCES "PROJEKT_OSWIECIMSKA_SPYTKOWSKA_GLOD"."FUNKCJA" ("ID_FUNKCJA") ENABLE;
  ALTER TABLE "PROJEKT_OSWIECIMSKA_SPYTKOWSKA_GLOD"."UCZEN_FUNKCJA" ADD CONSTRAINT "FK_UCZEN_UF" FOREIGN KEY ("ID_UCZEN")
	  REFERENCES "PROJEKT_OSWIECIMSKA_SPYTKOWSKA_GLOD"."UCZNIOWIE" ("ID_UCZEN") ENABLE;
--------------------------------------------------------
--  Ref Constraints for Table UCZEN_KLASA
--------------------------------------------------------

  ALTER TABLE "PROJEKT_OSWIECIMSKA_SPYTKOWSKA_GLOD"."UCZEN_KLASA" ADD CONSTRAINT "FK_ID_KLASA_UK" FOREIGN KEY ("ID_KLASA")
	  REFERENCES "PROJEKT_OSWIECIMSKA_SPYTKOWSKA_GLOD"."KLASY" ("ID_KLASA") ENABLE;
  ALTER TABLE "PROJEKT_OSWIECIMSKA_SPYTKOWSKA_GLOD"."UCZEN_KLASA" ADD CONSTRAINT "FK_ID_UCZEN_UK" FOREIGN KEY ("ID_UCZEN")
	  REFERENCES "PROJEKT_OSWIECIMSKA_SPYTKOWSKA_GLOD"."UCZNIOWIE" ("ID_UCZEN") ENABLE;
--------------------------------------------------------
--  Ref Constraints for Table UCZEN_RODZIC
--------------------------------------------------------

  ALTER TABLE "PROJEKT_OSWIECIMSKA_SPYTKOWSKA_GLOD"."UCZEN_RODZIC" ADD CONSTRAINT "FK_ID_RODZIC_UR" FOREIGN KEY ("ID_RODZIC")
	  REFERENCES "PROJEKT_OSWIECIMSKA_SPYTKOWSKA_GLOD"."RODZICE" ("ID_RODZIC") ENABLE;
  ALTER TABLE "PROJEKT_OSWIECIMSKA_SPYTKOWSKA_GLOD"."UCZEN_RODZIC" ADD CONSTRAINT "FK_ID_UCZEN_UR" FOREIGN KEY ("ID_UCZEN")
	  REFERENCES "PROJEKT_OSWIECIMSKA_SPYTKOWSKA_GLOD"."UCZNIOWIE" ("ID_UCZEN") ENABLE;
--------------------------------------------------------
--  Ref Constraints for Table UCZNIOWIE
--------------------------------------------------------

  ALTER TABLE "PROJEKT_OSWIECIMSKA_SPYTKOWSKA_GLOD"."UCZNIOWIE" ADD CONSTRAINT "FK_ID_ADRES_U" FOREIGN KEY ("ID_ADRES")
	  REFERENCES "PROJEKT_OSWIECIMSKA_SPYTKOWSKA_GLOD"."ADRES" ("ID_ADRES") ENABLE;
--------------------------------------------------------
--  Ref Constraints for Table ZACHOWANIE
--------------------------------------------------------

  ALTER TABLE "PROJEKT_OSWIECIMSKA_SPYTKOWSKA_GLOD"."ZACHOWANIE" ADD CONSTRAINT "FK_ID_NAUCZYCIEL_OCENY_Z" FOREIGN KEY ("ID_NAUCZYCIEL")
	  REFERENCES "PROJEKT_OSWIECIMSKA_SPYTKOWSKA_GLOD"."NAUCZYCIELE" ("ID_NAUCZYCIEL") ENABLE;
  ALTER TABLE "PROJEKT_OSWIECIMSKA_SPYTKOWSKA_GLOD"."ZACHOWANIE" ADD CONSTRAINT "FK_ID_TYP_ZACHOWANIE_Z" FOREIGN KEY ("ID_TYP_ZACHOWANIE")
	  REFERENCES "PROJEKT_OSWIECIMSKA_SPYTKOWSKA_GLOD"."TYP_ZACHOWANIE" ("ID_TYP_ZACHOWANIE") ENABLE;
  ALTER TABLE "PROJEKT_OSWIECIMSKA_SPYTKOWSKA_GLOD"."ZACHOWANIE" ADD CONSTRAINT "FK_ID_UCZEN_KLASA_Z" FOREIGN KEY ("ID_UCZEN_KLASA")
	  REFERENCES "PROJEKT_OSWIECIMSKA_SPYTKOWSKA_GLOD"."UCZEN_KLASA" ("ID_UCZEN_KLASA") ENABLE;
